INSERT INTO questions (id, category, topic, question_text_en, question_text_es, options_en, options_es, correct_answer, explanation_en, explanation_es, is_active, created_at, updated_at) VALUES ('005700e7-9d90-4508-adfb-7d96f52358d3', 'real_estate', NULL, 'What is market value?', '¿Qué es el valor de mercado?', '["The most probable price a property would bring in an open market", "The assessed value for taxes", "The insurance value", "The purchase price"]', '["El precio más probable que una propiedad alcanzaría en un mercado abierto", "El valor tasado para impuestos", "El valor del seguro", "El precio de compra"]', 0, 'Market value is the most probable price a property would sell for in a competitive, open market with a knowledgeable buyer and seller.', 'El valor de mercado es el precio más probable por el que una propiedad se vendería en un mercado competitivo y abierto con compradores y vendedores informados.', true, '2026-01-14 18:28:35.369562', '2026-01-14 18:28:35.369562') ON CONFLICT (id) DO NOTHING;
INSERT INTO questions (id, category, topic, question_text_en, question_text_es, options_en, options_es, correct_answer, explanation_en, explanation_es, is_active, created_at, updated_at) VALUES ('022882d4-57b0-4b26-85c6-c5dbbfe8a359', 'real_estate', NULL, 'What is a property manager''s primary responsibility?', '¿Cuál es la responsabilidad principal de un administrador de propiedades?', '["To manage property on behalf of the owner to maximize return on investment", "To sell the property", "To appraise the property", "To finance the property"]', '["Administrar la propiedad en nombre del propietario para maximizar el retorno de la inversión", "Vender la propiedad", "Tasar la propiedad", "Financiar la propiedad"]', 0, 'A property manager''s primary duty is to manage property on behalf of the owner, including tenant relations, maintenance, and maximizing income.', 'El deber principal de un administrador de propiedades es administrar la propiedad en nombre del propietario, incluyendo relaciones con inquilinos, mantenimiento y maximizar ingresos.', true, '2026-01-14 22:36:13.39809', '2026-01-14 22:36:13.39809') ON CONFLICT (id) DO NOTHING;
INSERT INTO questions (id, category, topic, question_text_en, question_text_es, options_en, options_es, correct_answer, explanation_en, explanation_es, is_active, created_at, updated_at) VALUES ('03537271-c0a6-4bc7-8d84-3c47f3b9395d', 'real_estate', NULL, 'What is the loan estimate?', '¿Qué es el estimado de préstamo?', '["A form detailing estimated loan terms and costs within 3 days of application", "A final closing document", "An appraisal report", "A title search"]', '["Un formulario que detalla términos y costos estimados del préstamo dentro de 3 días de la solicitud", "Un documento final de cierre", "Un informe de tasación", "Una búsqueda de título"]', 0, 'The Loan Estimate is a three-page form lenders must provide within 3 business days of receiving a mortgage application.', 'El Estimado de Préstamo es un formulario de tres páginas que los prestamistas deben proporcionar dentro de 3 días hábiles de recibir una solicitud de hipoteca.', true, '2026-01-14 18:28:35.541413', '2026-01-14 18:28:35.541413') ON CONFLICT (id) DO NOTHING;
INSERT INTO questions (id, category, topic, question_text_en, question_text_es, options_en, options_es, correct_answer, explanation_en, explanation_es, is_active, created_at, updated_at) VALUES ('04fefd63-5452-4c2a-a2b7-456f14b317fc', 'real_estate', NULL, 'How long does an applicant have to pass the Texas real estate exam after completing the required education?', '¿Cuánto tiempo tiene un solicitante para aprobar el examen de bienes raíces de Texas después de completar la educación requerida?', '["1 year", "2 years", "6 months", "18 months"]', '["1 año", "2 años", "6 meses", "18 meses"]', 0, 'Applicants have one year from the date TREC approves their application to pass the licensing examination.', 'Los solicitantes tienen un año desde la fecha en que TREC aprueba su solicitud para aprobar el examen de licencia.', true, '2026-01-14 22:36:12.982157', '2026-01-14 22:36:12.982157') ON CONFLICT (id) DO NOTHING;

INSERT INTO questions (id, category, topic, question_text_en, question_text_es, options_en, options_es, correct_answer, explanation_en, explanation_es, is_active, created_at, updated_at) VALUES ('0938a4fc-75cf-4ee6-8759-b54036a68bea', 'real_estate', NULL, 'What is the Fair Housing Act?', '¿Qué es la Ley de Vivienda Justa?', '["A federal law prohibiting discrimination in housing", "A Texas state law", "A zoning regulation", "A mortgage law"]', '["Una ley federal que prohíbe la discriminación en vivienda", "Una ley estatal de Texas", "Una regulación de zonificación", "Una ley hipotecaria"]', 0, 'The Fair Housing Act prohibits discrimination in housing based on race, color, religion, sex, national origin, familial status, or disability.', 'La Ley de Vivienda Justa prohíbe la discriminación en vivienda basada en raza, color, religión, sexo, origen nacional, estado familiar o discapacidad.', true, '2026-01-14 18:28:35.528087', '2026-01-14 18:28:35.528087') ON CONFLICT (id) DO NOTHING;
INSERT INTO questions (id, category, topic, question_text_en, question_text_es, options_en, options_es, correct_answer, explanation_en, explanation_es, is_active, created_at, updated_at) VALUES ('09887f1d-27b1-4c81-b3a5-d8a937c1e96d', 'real_estate', NULL, 'What is a contingency in a real estate contract?', '¿Qué es una contingencia en un contrato de bienes raíces?', '["A condition that must be met for the contract to be binding", "A guarantee of closing", "An automatic approval", "A penalty clause"]', '["Una condición que debe cumplirse para que el contrato sea vinculante", "Una garantía de cierre", "Una aprobación automática", "Una cláusula de penalidad"]', 0, 'A contingency is a condition that must be satisfied for the contract to become fully binding.', 'Una contingencia es una condición que debe satisfacerse para que el contrato sea completamente vinculante.', true, '2026-01-14 22:36:13.069119', '2026-01-14 22:36:13.069119') ON CONFLICT (id) DO NOTHING;
INSERT INTO questions (id, category, topic, question_text_en, question_text_es, options_en, options_es, correct_answer, explanation_en, explanation_es, is_active, created_at, updated_at) VALUES ('0ab8e55f-2097-47f2-932d-5a924d08dbdc', 'real_estate', NULL, 'What is loan-to-value ratio (LTV)?', '¿Qué es la relación préstamo-valor (LTV)?', '["The loan amount divided by the property value", "The monthly payment amount", "The interest rate", "The closing costs"]', '["El monto del préstamo dividido por el valor de la propiedad", "El monto del pago mensual", "La tasa de interés", "Los costos de cierre"]', 0, 'LTV is calculated by dividing the loan amount by the appraised value of the property, used to assess lending risk.', 'El LTV se calcula dividiendo el monto del préstamo por el valor tasado de la propiedad, utilizado para evaluar el riesgo de préstamo.', true, '2026-01-14 18:28:35.3873', '2026-01-14 18:28:35.3873') ON CONFLICT (id) DO NOTHING;
INSERT INTO questions (id, category, topic, question_text_en, question_text_es, options_en, options_es, correct_answer, explanation_en, explanation_es, is_active, created_at, updated_at) VALUES ('0d2b74a1-a310-4373-8044-d26119f3ed64', 'real_estate', NULL, 'What is the Texas Property Code requirement for seller''s disclosure?', '¿Cuál es el requisito del Código de Propiedad de Texas para la divulgación del vendedor?', '["Sellers must disclose known defects to buyers", "No disclosure is required", "Only structural defects need disclosure", "Only environmental hazards need disclosure"]', '["Los vendedores deben divulgar defectos conocidos a los compradores", "No se requiere divulgación", "Solo los defectos estructurales necesitan divulgación", "Solo los peligros ambientales necesitan divulgación"]', 0, 'Texas law requires sellers of residential property to provide buyers with a Seller''s Disclosure Notice revealing known material defects.', 'La ley de Texas requiere que los vendedores de propiedades residenciales proporcionen a los compradores un Aviso de Divulgación del Vendedor revelando defectos materiales conocidos.', true, '2026-01-14 18:28:35.454513', '2026-01-14 18:28:35.454513') ON CONFLICT (id) DO NOTHING;
INSERT INTO questions (id, category, topic, question_text_en, question_text_es, options_en, options_es, correct_answer, explanation_en, explanation_es, is_active, created_at, updated_at) VALUES ('0d3ce6e6-5c4a-40fa-bfe1-a0d1af134c4c', 'real_estate', NULL, 'What is the purpose of the Texas Real Estate Recovery Fund?', '¿Cuál es el propósito del Fondo de Recuperación de Bienes Raíces de Texas?', '["To compensate consumers harmed by licensee misconduct", "To fund TREC operations", "To provide loans to new agents", "To insure property transactions"]', '["Compensar a consumidores perjudicados por mala conducta de licenciatarios", "Financiar operaciones de TREC", "Proporcionar préstamos a nuevos agentes", "Asegurar transacciones de propiedades"]', 0, 'The Recovery Fund compensates consumers who have been harmed by the fraudulent or dishonest acts of a licensed broker or sales agent.', 'El Fondo de Recuperación compensa a los consumidores que han sido perjudicados por actos fraudulentos o deshonestos de un corredor o agente de ventas licenciado.', true, '2026-01-14 22:36:12.970852', '2026-01-14 22:36:12.970852') ON CONFLICT (id) DO NOTHING;
INSERT INTO questions (id, category, topic, question_text_en, question_text_es, options_en, options_es, correct_answer, explanation_en, explanation_es, is_active, created_at, updated_at) VALUES ('11102e87-1742-4323-978b-8c9cd4fc6cb4', 'real_estate', NULL, 'What is redlining?', '¿Qué es el redlining?', '["Refusing to provide services to certain geographic areas based on demographics", "Drawing property boundaries", "Creating marketing materials", "Setting interest rates"]', '["Negarse a proporcionar servicios a ciertas áreas geográficas basándose en demografía", "Dibujar límites de propiedades", "Crear materiales de marketing", "Establecer tasas de interés"]', 0, 'Redlining is the illegal practice of refusing to provide services in certain areas based on the racial or ethnic composition of those areas.', 'El redlining es la práctica ilegal de negarse a proporcionar servicios en ciertas áreas basándose en la composición racial o étnica de esas áreas.', true, '2026-01-14 22:36:13.269986', '2026-01-14 22:36:13.269986') ON CONFLICT (id) DO NOTHING;
INSERT INTO questions (id, category, topic, question_text_en, question_text_es, options_en, options_es, correct_answer, explanation_en, explanation_es, is_active, created_at, updated_at) VALUES ('12681757-a0d8-4347-92cf-c615af65cda2', 'real_estate', NULL, 'What is depreciation in real estate?', '¿Qué es la depreciación en bienes raíces?', '["The loss of value due to physical deterioration, functional obsolescence, or external factors", "An increase in value", "The mortgage balance", "Property taxes"]', '["La pérdida de valor debido a deterioro físico, obsolescencia funcional o factores externos", "Un aumento en el valor", "El saldo de la hipoteca", "Impuestos sobre la propiedad"]', 0, 'Depreciation is the loss of property value due to physical wear, outdated features, or external factors.', 'La depreciación es la pérdida del valor de la propiedad debido al desgaste físico, características obsoletas o factores externos.', true, '2026-01-14 22:36:13.189214', '2026-01-14 22:36:13.189214') ON CONFLICT (id) DO NOTHING;
INSERT INTO questions (id, category, topic, question_text_en, question_text_es, options_en, options_es, correct_answer, explanation_en, explanation_es, is_active, created_at, updated_at) VALUES ('13f0c3cd-4f27-4f1a-8a83-8ffbd5d7f166', 'real_estate', NULL, 'A counteroffer in real estate:', 'Una contraoferta en bienes raíces:', '["Terminates the original offer and creates a new offer", "Accepts the original offer with modifications", "Must be in the same amount as the original", "Is automatically accepted"]', '["Termina la oferta original y crea una nueva oferta", "Acepta la oferta original con modificaciones", "Debe ser por el mismo monto que la original", "Se acepta automáticamente"]', 0, 'A counteroffer terminates the original offer and creates a new offer that the other party may accept, reject, or counter.', 'Una contraoferta termina la oferta original y crea una nueva oferta que la otra parte puede aceptar, rechazar o contraofertar.', true, '2026-01-14 22:36:13.066176', '2026-01-14 22:36:13.066176') ON CONFLICT (id) DO NOTHING;
INSERT INTO questions (id, category, topic, question_text_en, question_text_es, options_en, options_es, correct_answer, explanation_en, explanation_es, is_active, created_at, updated_at) VALUES ('143d5da6-df77-4574-b93e-7a8df3ca66e1', 'real_estate', NULL, 'Which of the following would be grounds for TREC to deny a license application?', '¿Cuál de los siguientes sería motivo para que TREC niegue una solicitud de licencia?', '["Felony conviction involving fraud", "Having a civil judgment", "Being under 25 years old", "Not owning property"]', '["Condena por delito grave que involucre fraude", "Tener un fallo civil", "Tener menos de 25 años", "No ser propietario de bienes"]', 0, 'TREC may deny a license to an applicant with a felony conviction, particularly one involving fraud, dishonesty, or moral turpitude.', 'TREC puede negar una licencia a un solicitante con una condena por delito grave, particularmente uno que involucre fraude, deshonestidad o torpeza moral.', true, '2026-01-14 22:36:12.961769', '2026-01-14 22:36:12.961769') ON CONFLICT (id) DO NOTHING;
INSERT INTO questions (id, category, topic, question_text_en, question_text_es, options_en, options_es, correct_answer, explanation_en, explanation_es, is_active, created_at, updated_at) VALUES ('149e3dd7-02ac-4f46-9f92-f6415372cd32', 'real_estate', NULL, 'What is gross rent multiplier (GRM)?', '¿Qué es el multiplicador de alquiler bruto (GRM)?', '["Property price divided by annual gross rental income", "Monthly rent times 12", "Net operating income divided by price", "Cap rate times 100"]', '["Precio de la propiedad dividido por el ingreso de alquiler bruto anual", "Alquiler mensual por 12", "Ingreso operativo neto dividido por precio", "Tasa de capitalización por 100"]', 0, 'GRM is calculated by dividing the property price by the annual gross rental income, used to compare investment properties.', 'El GRM se calcula dividiendo el precio de la propiedad por el ingreso de alquiler bruto anual, usado para comparar propiedades de inversión.', true, '2026-01-14 22:36:13.407258', '2026-01-14 22:36:13.407258') ON CONFLICT (id) DO NOTHING;
INSERT INTO questions (id, category, topic, question_text_en, question_text_es, options_en, options_es, correct_answer, explanation_en, explanation_es, is_active, created_at, updated_at) VALUES ('15369f5f-bff4-4617-a389-8aba24eb0e14', 'real_estate', NULL, 'Private Mortgage Insurance (PMI) is typically required when:', 'El Seguro Hipotecario Privado (PMI) típicamente se requiere cuando:', '["The down payment is less than 20%", "The buyer has excellent credit", "The loan is from the VA", "The property is commercial"]', '["El pago inicial es menos del 20%", "El comprador tiene excelente crédito", "El préstamo es del VA", "La propiedad es comercial"]', 0, 'PMI is typically required when the buyer''s down payment is less than 20% of the purchase price.', 'El PMI típicamente se requiere cuando el pago inicial del comprador es menos del 20% del precio de compra.', true, '2026-01-14 22:36:13.101596', '2026-01-14 22:36:13.101596') ON CONFLICT (id) DO NOTHING;
INSERT INTO questions (id, category, topic, question_text_en, question_text_es, options_en, options_es, correct_answer, explanation_en, explanation_es, is_active, created_at, updated_at) VALUES ('17a3fc8e-9ab4-4e73-8548-2b7d964797b9', 'real_estate', NULL, 'What is depreciation in real estate appraisal?', '¿Qué es la depreciación en la tasación de bienes raíces?', '["Loss in property value due to any cause", "Increase in property value", "The cost of repairs", "Property taxes"]', '["Pérdida en el valor de la propiedad debido a cualquier causa", "Aumento en el valor de la propiedad", "El costo de reparaciones", "Impuestos sobre la propiedad"]', 0, 'Depreciation is the loss in value of a property due to physical deterioration, functional obsolescence, or external factors.', 'La depreciación es la pérdida de valor de una propiedad debido al deterioro físico, obsolescencia funcional o factores externos.', true, '2026-01-14 18:28:35.359568', '2026-01-14 18:28:35.359568') ON CONFLICT (id) DO NOTHING;
INSERT INTO questions (id, category, topic, question_text_en, question_text_es, options_en, options_es, correct_answer, explanation_en, explanation_es, is_active, created_at, updated_at) VALUES ('193949ec-cd27-4687-a3e8-4d7375dc7a10', 'real_estate', NULL, 'What is an ARM in mortgage lending?', '¿Qué es un ARM en préstamos hipotecarios?', '["Adjustable Rate Mortgage", "Annual Rate Mortgage", "Approved Residential Mortgage", "Alternative Rate Method"]', '["Hipoteca de Tasa Ajustable", "Hipoteca de Tasa Anual", "Hipoteca Residencial Aprobada", "Método de Tasa Alternativa"]', 0, 'An ARM (Adjustable Rate Mortgage) has an interest rate that changes periodically based on a benchmark index.', 'Un ARM (Hipoteca de Tasa Ajustable) tiene una tasa de interés que cambia periódicamente basándose en un índice de referencia.', true, '2026-01-14 18:28:35.380573', '2026-01-14 18:28:35.380573') ON CONFLICT (id) DO NOTHING;
INSERT INTO questions (id, category, topic, question_text_en, question_text_es, options_en, options_es, correct_answer, explanation_en, explanation_es, is_active, created_at, updated_at) VALUES ('194a3cda-37bd-4760-af68-5781b6db9a0a', 'real_estate', NULL, 'In Texas, what type of agency relationship exists when a broker represents both buyer and seller?', 'En Texas, ¿qué tipo de relación de agencia existe cuando un corredor representa tanto al comprador como al vendedor?', '["Intermediary", "Dual agency", "Single agency", "Sub-agency"]', '["Intermediario", "Agencia dual", "Agencia única", "Sub-agencia"]', 0, 'Texas uses the intermediary relationship when a broker represents both parties, requiring written consent from both.', 'Texas usa la relación de intermediario cuando un corredor representa a ambas partes, requiriendo consentimiento escrito de ambos.', true, '2026-01-14 22:36:13.006766', '2026-01-14 22:36:13.006766') ON CONFLICT (id) DO NOTHING;
INSERT INTO questions (id, category, topic, question_text_en, question_text_es, options_en, options_es, correct_answer, explanation_en, explanation_es, is_active, created_at, updated_at) VALUES ('1b2ff0f3-90ef-4153-bcf1-9f294dd618f0', 'real_estate', NULL, 'What is the difference between the primary and secondary mortgage markets?', '¿Cuál es la diferencia entre los mercados hipotecarios primario y secundario?', '["Primary is where loans are originated; secondary is where they are bought and sold", "There is no difference", "Primary is for residential; secondary is for commercial", "Primary is for first mortgages only"]', '["El primario es donde se originan los préstamos; el secundario es donde se compran y venden", "No hay diferencia", "El primario es para residencial; el secundario es para comercial", "El primario es solo para primeras hipotecas"]', 0, 'The primary market is where loans are originated between lenders and borrowers. The secondary market is where loans are bought and sold among investors.', 'El mercado primario es donde se originan los préstamos entre prestamistas y prestatarios. El mercado secundario es donde los préstamos se compran y venden entre inversores.', true, '2026-01-14 18:28:35.400046', '2026-01-14 18:28:35.400046') ON CONFLICT (id) DO NOTHING;
INSERT INTO questions (id, category, topic, question_text_en, question_text_es, options_en, options_es, correct_answer, explanation_en, explanation_es, is_active, created_at, updated_at) VALUES ('1b418ace-8b1a-4432-ba49-e48eeb4bbc61', 'real_estate', NULL, 'What is the most common method of property appraisal for residential properties?', '¿Cuál es el método más común de tasación de propiedad para propiedades residenciales?', '["Sales comparison approach", "Income approach", "Cost approach", "Investment approach"]', '["Enfoque de comparación de ventas", "Enfoque de ingresos", "Enfoque de costos", "Enfoque de inversión"]', 0, 'The sales comparison approach compares the subject property to similar recently sold properties to determine market value.', 'El enfoque de comparación de ventas compara la propiedad sujeta con propiedades similares vendidas recientemente para determinar el valor de mercado.', true, '2026-01-14 18:28:35.356704', '2026-01-14 18:28:35.356704') ON CONFLICT (id) DO NOTHING;
INSERT INTO questions (id, category, topic, question_text_en, question_text_es, options_en, options_es, correct_answer, explanation_en, explanation_es, is_active, created_at, updated_at) VALUES ('1b7f2c63-7576-4be9-90b0-c94537e585a6', 'real_estate', NULL, 'Which properties are exempt from the Texas Seller''s Disclosure requirement?', '¿Qué propiedades están exentas del requisito de Divulgación del Vendedor de Texas?', '["Foreclosures, new construction by a builder, and transfers by court order", "All residential properties", "Properties under $100,000", "Properties over 50 years old"]', '["Ejecuciones hipotecarias, nueva construcción por un constructor y transferencias por orden judicial", "Todas las propiedades residenciales", "Propiedades menores de $100,000", "Propiedades de más de 50 años"]', 0, 'Certain transfers are exempt from disclosure requirements, including foreclosures, new construction, and court-ordered transfers.', 'Ciertas transferencias están exentas de requisitos de divulgación, incluyendo ejecuciones hipotecarias, nueva construcción y transferencias ordenadas por el tribunal.', true, '2026-01-14 22:36:13.218673', '2026-01-14 22:36:13.218673') ON CONFLICT (id) DO NOTHING;
INSERT INTO questions (id, category, topic, question_text_en, question_text_es, options_en, options_es, correct_answer, explanation_en, explanation_es, is_active, created_at, updated_at) VALUES ('1beb2e53-fdee-4cda-9e6c-17f7bc55b0a4', 'real_estate', NULL, 'How many hours of pre-licensing education are required for a Texas sales agent license?', '¿Cuántas horas de educación pre-licencia se requieren para una licencia de agente de ventas en Texas?', '["180 hours", "90 hours", "60 hours", "30 hours"]', '["180 horas", "90 horas", "60 horas", "30 horas"]', 0, 'Texas requires 180 hours of approved pre-licensing education for sales agent applicants.', 'Texas requiere 180 horas de educación pre-licencia aprobada para solicitantes de agente de ventas.', true, '2026-01-14 18:28:35.444609', '2026-01-14 18:28:35.444609') ON CONFLICT (id) DO NOTHING;
INSERT INTO questions (id, category, topic, question_text_en, question_text_es, options_en, options_es, correct_answer, explanation_en, explanation_es, is_active, created_at, updated_at) VALUES ('1c9a8242-8dea-44a7-b421-2f6b10988eed', 'real_estate', NULL, 'Which agency enforces Fair Housing laws?', '¿Qué agencia hace cumplir las leyes de Vivienda Justa?', '["HUD (Department of Housing and Urban Development)", "FBI", "IRS", "SEC"]', '["HUD (Departamento de Vivienda y Desarrollo Urbano)", "FBI", "IRS", "SEC"]', 0, 'The U.S. Department of Housing and Urban Development (HUD) is the primary federal agency enforcing Fair Housing laws.', 'El Departamento de Vivienda y Desarrollo Urbano de EE.UU. (HUD) es la principal agencia federal que hace cumplir las leyes de Vivienda Justa.', true, '2026-01-14 22:36:13.292598', '2026-01-14 22:36:13.292598') ON CONFLICT (id) DO NOTHING;
INSERT INTO questions (id, category, topic, question_text_en, question_text_es, options_en, options_es, correct_answer, explanation_en, explanation_es, is_active, created_at, updated_at) VALUES ('1d3df294-5a07-46b8-ac93-902b144212ff', 'real_estate', NULL, 'What are common buyer closing costs?', '¿Cuáles son los costos de cierre comunes del comprador?', '["Loan origination fees, appraisal, title insurance, and prepaid items", "Real estate commission", "Seller''s moving expenses", "Property repairs"]', '["Cargos de originación del préstamo, tasación, seguro de título y artículos prepagados", "Comisión de bienes raíces", "Gastos de mudanza del vendedor", "Reparaciones de la propiedad"]', 0, 'Buyer closing costs typically include loan fees, appraisal, title insurance, escrow setup, and prepaid items like taxes and insurance.', 'Los costos de cierre del comprador típicamente incluyen cargos del préstamo, tasación, seguro de título, configuración de escrow y artículos prepagados como impuestos y seguro.', true, '2026-01-14 22:36:13.324966', '2026-01-14 22:36:13.324966') ON CONFLICT (id) DO NOTHING;
INSERT INTO questions (id, category, topic, question_text_en, question_text_es, options_en, options_es, correct_answer, explanation_en, explanation_es, is_active, created_at, updated_at) VALUES ('1ed3e747-f0fc-4712-aad8-43c0fa0fdbc8', 'real_estate', NULL, 'What is a quitclaim deed used for?', '¿Para qué se usa una escritura de renuncia?', '["To transfer whatever interest the grantor has without warranties", "To provide full warranty of title", "To create a mortgage", "To establish a lease"]', '["Para transferir cualquier interés que el otorgante tenga sin garantías", "Para proporcionar garantía completa del título", "Para crear una hipoteca", "Para establecer un arrendamiento"]', 0, 'A quitclaim deed transfers whatever interest the grantor has (if any) without making any warranties about the title.', 'Una escritura de renuncia transfiere cualquier interés que el otorgante tenga (si lo hay) sin hacer garantías sobre el título.', true, '2026-01-14 18:28:35.560155', '2026-01-14 18:28:35.560155') ON CONFLICT (id) DO NOTHING;
INSERT INTO questions (id, category, topic, question_text_en, question_text_es, options_en, options_es, correct_answer, explanation_en, explanation_es, is_active, created_at, updated_at) VALUES ('23d2c3e4-e03f-4292-abf1-0e8237abe592', 'real_estate', NULL, 'The amendment versus addendum: An addendum is used to:', 'La enmienda versus el anexo: Un anexo se usa para:', '["Add terms to a contract before execution", "Change terms after the contract is executed", "Cancel a contract", "Extend the closing date"]', '["Agregar términos a un contrato antes de la ejecución", "Cambiar términos después de que el contrato se ejecuta", "Cancelar un contrato", "Extender la fecha de cierre"]', 0, 'An addendum adds terms to a contract before execution, while an amendment modifies terms after execution.', 'Un anexo agrega términos a un contrato antes de la ejecución, mientras que una enmienda modifica términos después de la ejecución.', true, '2026-01-14 22:36:13.07184', '2026-01-14 22:36:13.07184') ON CONFLICT (id) DO NOTHING;
INSERT INTO questions (id, category, topic, question_text_en, question_text_es, options_en, options_es, correct_answer, explanation_en, explanation_es, is_active, created_at, updated_at) VALUES ('2470858e-3383-4cc1-92cb-ae2f3d4ac804', 'real_estate', NULL, 'What is zoning?', '¿Qué es la zonificación?', '["Government regulation of land use within designated areas", "Property tax assessment", "Building inspection", "Title examination"]', '["Regulación gubernamental del uso de terreno dentro de áreas designadas", "Evaluación de impuestos sobre la propiedad", "Inspección de edificios", "Examen de título"]', 0, 'Zoning is a government regulation that divides land into zones and controls how property in each zone may be used.', 'La zonificación es una regulación gubernamental que divide el terreno en zonas y controla cómo puede usarse la propiedad en cada zona.', true, '2026-01-14 22:36:13.345212', '2026-01-14 22:36:13.345212') ON CONFLICT (id) DO NOTHING;
INSERT INTO questions (id, category, topic, question_text_en, question_text_es, options_en, options_es, correct_answer, explanation_en, explanation_es, is_active, created_at, updated_at) VALUES ('2495282c-4985-4b7d-a970-fddcc9ce44c9', 'real_estate', NULL, 'What is a mortgage assumption?', '¿Qué es una asunción de hipoteca?', '["When a buyer takes over the seller''s existing mortgage", "A new loan application", "A loan denial", "A refinancing option"]', '["Cuando un comprador toma el control de la hipoteca existente del vendedor", "Una nueva solicitud de préstamo", "Una denegación de préstamo", "Una opción de refinanciamiento"]', 0, 'A mortgage assumption occurs when a buyer agrees to take over the seller''s existing mortgage under its current terms.', 'Una asunción de hipoteca ocurre cuando un comprador acepta tomar el control de la hipoteca existente del vendedor bajo sus términos actuales.', true, '2026-01-14 22:36:13.129282', '2026-01-14 22:36:13.129282') ON CONFLICT (id) DO NOTHING;
INSERT INTO questions (id, category, topic, question_text_en, question_text_es, options_en, options_es, correct_answer, explanation_en, explanation_es, is_active, created_at, updated_at) VALUES ('26f3b193-5711-452c-916e-df3e255d4003', 'real_estate', NULL, 'What is the difference between a listing agent and a buyer''s agent?', '¿Cuál es la diferencia entre un agente de listado y un agente del comprador?', '["There is no difference", "A listing agent represents the seller, while a buyer''s agent represents the buyer", "A listing agent only works with commercial properties", "A buyer''s agent is not licensed"]', '["No hay diferencia", "Un agente de listado representa al vendedor, mientras que un agente del comprador representa al comprador", "Un agente de listado solo trabaja con propiedades comerciales", "Un agente del comprador no tiene licencia"]', 1, 'A listing agent represents the seller''s interests, while a buyer''s agent represents the buyer''s interests in a real estate transaction.', 'Un agente de listado representa los intereses del vendedor, mientras que un agente del comprador representa los intereses del comprador en una transacción inmobiliaria.', true, '2026-01-14 18:28:35.34236', '2026-01-14 18:28:35.34236') ON CONFLICT (id) DO NOTHING;
INSERT INTO questions (id, category, topic, question_text_en, question_text_es, options_en, options_es, correct_answer, explanation_en, explanation_es, is_active, created_at, updated_at) VALUES ('276a590e-31e4-45bb-af41-d4b560a9ecd8', 'real_estate', NULL, 'Which of the following is considered real property?', '¿Cuál de los siguientes se considera propiedad inmueble?', '["A built-in dishwasher", "A portable air conditioner", "Furniture", "A car"]', '["Un lavavajillas empotrado", "Un aire acondicionado portátil", "Muebles", "Un carro"]', 0, 'A built-in dishwasher is a fixture attached to the property and is considered real property.', 'Un lavavajillas empotrado es un accesorio adjunto a la propiedad y se considera propiedad inmueble.', true, '2026-01-14 18:28:35.299479', '2026-01-14 18:28:35.299479') ON CONFLICT (id) DO NOTHING;
INSERT INTO questions (id, category, topic, question_text_en, question_text_es, options_en, options_es, correct_answer, explanation_en, explanation_es, is_active, created_at, updated_at) VALUES ('2a797d8b-47ea-41f6-a2ba-ca2bb3c8f413', 'real_estate', NULL, 'What is redlining?', '¿Qué es el redlining?', '["An illegal practice of refusing services based on geographic area, often linked to race", "A type of mortgage", "A zoning practice", "A legal marketing strategy"]', '["Una práctica ilegal de rechazar servicios basándose en área geográfica, a menudo vinculada a raza", "Un tipo de hipoteca", "Una práctica de zonificación", "Una estrategia legal de mercadeo"]', 0, 'Redlining is the discriminatory practice of refusing loans or services to residents of certain areas based on race or ethnicity.', 'El redlining es la práctica discriminatoria de rechazar préstamos o servicios a residentes de ciertas áreas basándose en raza o etnia.', true, '2026-01-14 18:28:35.532008', '2026-01-14 18:28:35.532008') ON CONFLICT (id) DO NOTHING;
INSERT INTO questions (id, category, topic, question_text_en, question_text_es, options_en, options_es, correct_answer, explanation_en, explanation_es, is_active, created_at, updated_at) VALUES ('2bfbf184-ae3b-4088-aba2-8bc398bd7c3f', 'real_estate', NULL, 'TREC promulgated contract forms are:', 'Los formularios de contrato promulgados por TREC son:', '["Required for use by license holders in most transactions", "Optional suggestions", "Only for commercial transactions", "Created by the Texas Bar Association"]', '["Requeridos para uso de titulares de licencia en la mayoría de transacciones", "Sugerencias opcionales", "Solo para transacciones comerciales", "Creados por el Colegio de Abogados de Texas"]', 0, 'License holders are required to use TREC promulgated contract forms for most residential transactions in Texas.', 'Los titulares de licencia están obligados a usar formularios de contrato promulgados por TREC para la mayoría de transacciones residenciales en Texas.', true, '2026-01-14 22:36:12.997869', '2026-01-14 22:36:12.997869') ON CONFLICT (id) DO NOTHING;
INSERT INTO questions (id, category, topic, question_text_en, question_text_es, options_en, options_es, correct_answer, explanation_en, explanation_es, is_active, created_at, updated_at) VALUES ('2c636912-2def-46b7-92d9-d67284ac3a44', 'real_estate', NULL, 'The Americans with Disabilities Act (ADA) requires:', 'La Ley de Estadounidenses con Discapacidades (ADA) requiere:', '["Reasonable accommodations for persons with disabilities in public accommodations", "All homes to have elevators", "All properties to be wheelchair accessible", "Special parking only"]', '["Acomodaciones razonables para personas con discapacidades en lugares públicos", "Que todas las casas tengan elevadores", "Que todas las propiedades sean accesibles para sillas de ruedas", "Solo estacionamiento especial"]', 0, 'The ADA requires reasonable accommodations and accessibility modifications in places of public accommodation.', 'La ADA requiere acomodaciones razonables y modificaciones de accesibilidad en lugares de acomodación pública.', true, '2026-01-14 22:36:13.280043', '2026-01-14 22:36:13.280043') ON CONFLICT (id) DO NOTHING;
INSERT INTO questions (id, category, topic, question_text_en, question_text_es, options_en, options_es, correct_answer, explanation_en, explanation_es, is_active, created_at, updated_at) VALUES ('2dc3621a-dc34-4d23-94b3-32799e21b853', 'real_estate', NULL, 'What is a Multiple Listing Service (MLS)?', '¿Qué es un Servicio de Listado Múltiple (MLS)?', '["A database of properties for sale shared among real estate professionals", "A government agency", "A type of mortgage", "A title company"]', '["Una base de datos de propiedades en venta compartida entre profesionales inmobiliarios", "Una agencia gubernamental", "Un tipo de hipoteca", "Una compañía de títulos"]', 0, 'The MLS is a database where real estate agents share information about properties for sale to facilitate cooperation among brokers.', 'El MLS es una base de datos donde los agentes inmobiliarios comparten información sobre propiedades en venta para facilitar la cooperación entre corredores.', true, '2026-01-14 18:28:35.501109', '2026-01-14 18:28:35.501109') ON CONFLICT (id) DO NOTHING;
INSERT INTO questions (id, category, topic, question_text_en, question_text_es, options_en, options_es, correct_answer, explanation_en, explanation_es, is_active, created_at, updated_at) VALUES ('2ec3dff4-5083-498f-9ed2-59ac9dfcc485', 'real_estate', NULL, 'What is title insurance?', '¿Qué es el seguro de título?', '["Insurance protecting against defects in property title", "Homeowner''s insurance", "Flood insurance", "Mortgage insurance"]', '["Seguro que protege contra defectos en el título de propiedad", "Seguro de propietario", "Seguro contra inundaciones", "Seguro hipotecario"]', 0, 'Title insurance protects lenders and buyers against financial loss from defects in a property''s title, including liens and encumbrances.', 'El seguro de título protege a prestamistas y compradores contra pérdidas financieras por defectos en el título de una propiedad, incluyendo gravámenes y cargas.', true, '2026-01-14 18:28:35.345486', '2026-01-14 18:28:35.345486') ON CONFLICT (id) DO NOTHING;
INSERT INTO questions (id, category, topic, question_text_en, question_text_es, options_en, options_es, correct_answer, explanation_en, explanation_es, is_active, created_at, updated_at) VALUES ('2f27051c-35d6-4d9a-babe-ef8ea5764a5b', 'real_estate', NULL, 'What is the purpose of a homeowners association (HOA)?', '¿Cuál es el propósito de una asociación de propietarios (HOA)?', '["To manage common areas and enforce community rules and regulations", "To sell properties", "To provide mortgages", "To conduct appraisals"]', '["Administrar áreas comunes y hacer cumplir reglas y regulaciones de la comunidad", "Vender propiedades", "Proporcionar hipotecas", "Realizar tasaciones"]', 0, 'An HOA manages common areas, enforces deed restrictions, and maintains community standards in a subdivision or development.', 'Una HOA administra áreas comunes, hace cumplir restricciones de escritura y mantiene estándares comunitarios en una subdivisión o desarrollo.', true, '2026-01-14 22:36:58.987756', '2026-01-14 22:36:58.987756') ON CONFLICT (id) DO NOTHING;
INSERT INTO questions (id, category, topic, question_text_en, question_text_es, options_en, options_es, correct_answer, explanation_en, explanation_es, is_active, created_at, updated_at) VALUES ('2f75356e-6100-494a-81d3-276db84a106b', 'real_estate', NULL, 'Who typically attends a real estate closing in Texas?', '¿Quién típicamente asiste a un cierre de bienes raíces en Texas?', '["Buyer, seller, real estate agents, title company representative, and lender representative", "Only the buyer", "Only the seller", "Only the agents"]', '["Comprador, vendedor, agentes de bienes raíces, representante de la compañía de títulos y representante del prestamista", "Solo el comprador", "Solo el vendedor", "Solo los agentes"]', 0, 'Texas closings typically involve the buyer, seller, their agents, a title company representative, and often a lender representative.', 'Los cierres en Texas típicamente involucran al comprador, vendedor, sus agentes, un representante de la compañía de títulos, y a menudo un representante del prestamista.', true, '2026-01-14 22:36:13.300448', '2026-01-14 22:36:13.300448') ON CONFLICT (id) DO NOTHING;
INSERT INTO questions (id, category, topic, question_text_en, question_text_es, options_en, options_es, correct_answer, explanation_en, explanation_es, is_active, created_at, updated_at) VALUES ('2f8918f0-76d1-4898-a443-46171bfc3424', 'real_estate', NULL, 'What does ''time is of the essence'' mean in a contract?', '¿Qué significa ''el tiempo es esencial'' en un contrato?', '["All deadlines must be strictly adhered to", "The contract has no deadlines", "Time limits are flexible", "The contract is temporary"]', '["Todos los plazos deben cumplirse estrictamente", "El contrato no tiene plazos", "Los límites de tiempo son flexibles", "El contrato es temporal"]', 0, 'When ''time is of the essence,'' all dates and deadlines in the contract are strict, and failure to meet them is a breach.', 'Cuando ''el tiempo es esencial,'' todas las fechas y plazos en el contrato son estrictos, y no cumplirlos es un incumplimiento.', true, '2026-01-14 18:28:35.426407', '2026-01-14 18:28:35.426407') ON CONFLICT (id) DO NOTHING;
INSERT INTO questions (id, category, topic, question_text_en, question_text_es, options_en, options_es, correct_answer, explanation_en, explanation_es, is_active, created_at, updated_at) VALUES ('315b385d-1305-4c47-aa53-efa97ec492a3', 'real_estate', NULL, 'What is a building permit?', '¿Qué es un permiso de construcción?', '["Official permission from the local government to construct or modify a building", "A zoning change", "A deed restriction", "A title policy"]', '["Permiso oficial del gobierno local para construir o modificar un edificio", "Un cambio de zonificación", "Una restricción de escritura", "Una póliza de título"]', 0, 'A building permit is authorization from local government allowing construction or renovation to proceed.', 'Un permiso de construcción es una autorización del gobierno local que permite que la construcción o renovación proceda.', true, '2026-01-14 22:36:13.365416', '2026-01-14 22:36:13.365416') ON CONFLICT (id) DO NOTHING;
INSERT INTO questions (id, category, topic, question_text_en, question_text_es, options_en, options_es, correct_answer, explanation_en, explanation_es, is_active, created_at, updated_at) VALUES ('31dfddd7-3536-4297-ba86-3cef030d357a', 'real_estate', NULL, 'What is the purpose of a survey in real estate?', '¿Cuál es el propósito de un levantamiento topográfico en bienes raíces?', '["To determine property boundaries and identify encroachments", "To determine property value", "To inspect the home''s condition", "To test for radon"]', '["Determinar los límites de la propiedad e identificar invasiones", "Determinar el valor de la propiedad", "Inspeccionar la condición de la casa", "Probar para radón"]', 0, 'A survey identifies property boundaries, improvements, easements, and any encroachments on the property.', 'Un levantamiento topográfico identifica los límites de la propiedad, mejoras, servidumbres y cualquier invasión en la propiedad.', true, '2026-01-14 22:36:13.235889', '2026-01-14 22:36:13.235889') ON CONFLICT (id) DO NOTHING;
INSERT INTO questions (id, category, topic, question_text_en, question_text_es, options_en, options_es, correct_answer, explanation_en, explanation_es, is_active, created_at, updated_at) VALUES ('31faf6b4-a95a-451b-834d-1c0c6a1ef294', 'real_estate', NULL, 'What is a security deposit?', '¿Qué es un depósito de seguridad?', '["Money paid by tenant to cover potential damages or unpaid rent", "The first month''s rent", "The commission", "The option fee"]', '["Dinero pagado por el inquilino para cubrir daños potenciales o alquiler impago", "El primer mes de alquiler", "La comisión", "La tarifa de opción"]', 0, 'A security deposit is money paid by a tenant to protect the landlord against property damage or unpaid rent.', 'Un depósito de seguridad es dinero pagado por un inquilino para proteger al arrendador contra daños a la propiedad o alquiler impago.', true, '2026-01-14 22:36:13.391916', '2026-01-14 22:36:13.391916') ON CONFLICT (id) DO NOTHING;
INSERT INTO questions (id, category, topic, question_text_en, question_text_es, options_en, options_es, correct_answer, explanation_en, explanation_es, is_active, created_at, updated_at) VALUES ('327fb379-cceb-41b8-b5ae-f597bc1eeaa2', 'real_estate', NULL, 'What is the purpose of a loan estimate?', '¿Cuál es el propósito de un estimado de préstamo?', '["To provide borrowers with estimated loan costs and terms within 3 days of application", "To approve the loan", "To deny the loan", "To transfer the loan"]', '["Proporcionar a los prestatarios costos y términos estimados del préstamo dentro de 3 días de la solicitud", "Aprobar el préstamo", "Denegar el préstamo", "Transferir el préstamo"]', 0, 'A Loan Estimate must be provided within 3 business days of a mortgage application, showing estimated costs and terms.', 'Un Estimado de Préstamo debe proporcionarse dentro de 3 días hábiles de una solicitud de hipoteca, mostrando costos y términos estimados.', true, '2026-01-14 22:36:13.132749', '2026-01-14 22:36:13.132749') ON CONFLICT (id) DO NOTHING;
INSERT INTO questions (id, category, topic, question_text_en, question_text_es, options_en, options_es, correct_answer, explanation_en, explanation_es, is_active, created_at, updated_at) VALUES ('32d1e4bc-35b1-499a-8ba2-5d6ea784d15b', 'real_estate', NULL, 'What is fiduciary duty in real estate?', '¿Qué es el deber fiduciario en bienes raíces?', '["A legal obligation to act in the client''s best interest", "A marketing strategy", "A type of insurance", "A closing procedure"]', '["Una obligación legal de actuar en el mejor interés del cliente", "Una estrategia de mercadeo", "Un tipo de seguro", "Un procedimiento de cierre"]', 0, 'Fiduciary duty requires agents to act with loyalty, confidentiality, disclosure, obedience, and reasonable care for their clients.', 'El deber fiduciario requiere que los agentes actúen con lealtad, confidencialidad, divulgación, obediencia y cuidado razonable para sus clientes.', true, '2026-01-14 18:28:35.429741', '2026-01-14 18:28:35.429741') ON CONFLICT (id) DO NOTHING;
INSERT INTO questions (id, category, topic, question_text_en, question_text_es, options_en, options_es, correct_answer, explanation_en, explanation_es, is_active, created_at, updated_at) VALUES ('357d0dfa-d6e9-48c9-83da-63ac76b8e8a4', 'real_estate', NULL, 'The Fair Housing Act prohibits discrimination based on:', 'La Ley de Vivienda Justa prohíbe la discriminación basada en:', '["Race, color, religion, national origin, sex, familial status, and disability", "Income level", "Credit score", "Employment history"]', '["Raza, color, religión, origen nacional, sexo, estado familiar y discapacidad", "Nivel de ingresos", "Puntaje de crédito", "Historial de empleo"]', 0, 'The Fair Housing Act protects seven classes: race, color, religion, national origin, sex, familial status, and disability.', 'La Ley de Vivienda Justa protege siete clases: raza, color, religión, origen nacional, sexo, estado familiar y discapacidad.', true, '2026-01-14 22:36:13.256862', '2026-01-14 22:36:13.256862') ON CONFLICT (id) DO NOTHING;
INSERT INTO questions (id, category, topic, question_text_en, question_text_es, options_en, options_es, correct_answer, explanation_en, explanation_es, is_active, created_at, updated_at) VALUES ('35fb9b43-5d1c-4521-b80d-8403131df6cc', 'real_estate', NULL, 'What is the role of a title company?', '¿Cuál es el rol de una compañía de títulos?', '["To research title history and provide title insurance", "To approve mortgages", "To inspect properties", "To set property values"]', '["Investigar el historial del título y proporcionar seguro de título", "Aprobar hipotecas", "Inspeccionar propiedades", "Establecer valores de propiedad"]', 0, 'A title company researches property ownership history, ensures clear title, and provides title insurance.', 'Una compañía de títulos investiga el historial de propiedad, asegura un título claro y proporciona seguro de título.', true, '2026-01-14 18:28:35.484148', '2026-01-14 18:28:35.484148') ON CONFLICT (id) DO NOTHING;
INSERT INTO questions (id, category, topic, question_text_en, question_text_es, options_en, options_es, correct_answer, explanation_en, explanation_es, is_active, created_at, updated_at) VALUES ('37bdca3b-39d1-49b6-ab64-0375dbf000e8', 'real_estate', NULL, 'What is an HOA?', '¿Qué es una HOA?', '["Homeowners Association that manages shared property and enforces rules", "A type of mortgage", "A government agency", "A title company"]', '["Asociación de Propietarios que administra propiedades compartidas y hace cumplir reglas", "Un tipo de hipoteca", "Una agencia gubernamental", "Una compañía de títulos"]', 0, 'An HOA is an organization in a subdivision or condominium that makes and enforces rules and maintains common areas.', 'Una HOA es una organización en una subdivisión o condominio que hace y hace cumplir reglas y mantiene áreas comunes.', true, '2026-01-14 18:28:35.525091', '2026-01-14 18:28:35.525091') ON CONFLICT (id) DO NOTHING;
INSERT INTO questions (id, category, topic, question_text_en, question_text_es, options_en, options_es, correct_answer, explanation_en, explanation_es, is_active, created_at, updated_at) VALUES ('384a2306-185e-4ae8-82f5-19156a2a22b0', 'real_estate', NULL, 'What is a reasonable accommodation under Fair Housing?', '¿Qué es una acomodación razonable según la Vivienda Justa?', '["A change in rules, policies, or services to allow a disabled person equal housing opportunity", "A rent reduction", "A security deposit waiver", "A lease termination"]', '["Un cambio en reglas, políticas o servicios para permitir a una persona discapacitada igualdad de oportunidad de vivienda", "Una reducción de alquiler", "Una exención del depósito de seguridad", "Una terminación de arrendamiento"]', 0, 'A reasonable accommodation is a change in rules, policies, or services that enables a person with a disability to have equal housing opportunities.', 'Una acomodación razonable es un cambio en reglas, políticas o servicios que permite a una persona con discapacidad tener igualdad de oportunidades de vivienda.', true, '2026-01-14 22:36:13.284684', '2026-01-14 22:36:13.284684') ON CONFLICT (id) DO NOTHING;
INSERT INTO questions (id, category, topic, question_text_en, question_text_es, options_en, options_es, correct_answer, explanation_en, explanation_es, is_active, created_at, updated_at) VALUES ('389b8c12-7cef-4323-9dcf-ac54e798ea71', 'real_estate', NULL, 'When may a broker act as an intermediary in Texas?', '¿Cuándo puede un corredor actuar como intermediario en Texas?', '["When both parties give written consent", "At any time without consent", "Only in commercial transactions", "Never, it is prohibited"]', '["Cuando ambas partes dan consentimiento escrito", "En cualquier momento sin consentimiento", "Solo en transacciones comerciales", "Nunca, está prohibido"]', 0, 'A broker may act as an intermediary only if both the buyer and seller consent in writing.', 'Un corredor puede actuar como intermediario solo si tanto el comprador como el vendedor consienten por escrito.', true, '2026-01-14 22:36:13.014505', '2026-01-14 22:36:13.014505') ON CONFLICT (id) DO NOTHING;
INSERT INTO questions (id, category, topic, question_text_en, question_text_es, options_en, options_es, correct_answer, explanation_en, explanation_es, is_active, created_at, updated_at) VALUES ('3d559d3d-ed1d-4191-8748-0f5025017d06', 'real_estate', NULL, 'What type of deed provides the greatest protection to the buyer?', '¿Qué tipo de escritura proporciona la mayor protección al comprador?', '["General warranty deed", "Quitclaim deed", "Special warranty deed", "Bargain and sale deed"]', '["Escritura de garantía general", "Escritura de renuncia", "Escritura de garantía especial", "Escritura de compraventa"]', 0, 'A general warranty deed provides the greatest protection because the grantor guarantees the title against all defects, even those from previous owners.', 'Una escritura de garantía general proporciona la mayor protección porque el otorgante garantiza el título contra todos los defectos, incluso los de propietarios anteriores.', true, '2026-01-14 18:28:35.288011', '2026-01-14 18:28:35.288011') ON CONFLICT (id) DO NOTHING;
INSERT INTO questions (id, category, topic, question_text_en, question_text_es, options_en, options_es, correct_answer, explanation_en, explanation_es, is_active, created_at, updated_at) VALUES ('3dec0bde-4985-423d-bb85-09c84c5c55c7', 'real_estate', NULL, 'What is the primary source of income for a real estate agent?', '¿Cuál es la fuente principal de ingresos para un agente de bienes raíces?', '["Commission on property sales", "Hourly wages", "Monthly salary from TREC", "Government subsidies"]', '["Comisión sobre ventas de propiedades", "Salario por hora", "Salario mensual de TREC", "Subsidios del gobierno"]', 0, 'Real estate agents typically earn income through commissions based on the sale price of properties they help buy or sell.', 'Los agentes de bienes raíces típicamente ganan ingresos a través de comisiones basadas en el precio de venta de las propiedades que ayudan a comprar o vender.', true, '2026-01-14 22:36:58.966785', '2026-01-14 22:36:58.966785') ON CONFLICT (id) DO NOTHING;
INSERT INTO questions (id, category, topic, question_text_en, question_text_es, options_en, options_es, correct_answer, explanation_en, explanation_es, is_active, created_at, updated_at) VALUES ('40177235-2122-4af0-97a7-11a65367d928', 'real_estate', NULL, 'What is a cap rate in real estate investing?', '¿Qué es la tasa de capitalización en inversión inmobiliaria?', '["Net operating income divided by property value", "The interest rate on a mortgage", "The property tax rate", "The commission rate"]', '["Ingreso neto operativo dividido por el valor de la propiedad", "La tasa de interés de una hipoteca", "La tasa de impuestos sobre la propiedad", "La tasa de comisión"]', 0, 'Capitalization rate (cap rate) measures a property''s potential return, calculated as annual net operating income divided by purchase price.', 'La tasa de capitalización mide el retorno potencial de una propiedad, calculada como ingreso neto operativo anual dividido por el precio de compra.', true, '2026-01-14 18:28:35.518876', '2026-01-14 18:28:35.518876') ON CONFLICT (id) DO NOTHING;
INSERT INTO questions (id, category, topic, question_text_en, question_text_es, options_en, options_es, correct_answer, explanation_en, explanation_es, is_active, created_at, updated_at) VALUES ('43985e74-62b2-48d8-97dc-1b96f2e5a6e5', 'real_estate', NULL, 'What is foreclosure?', '¿Qué es una ejecución hipotecaria?', '["The legal process by which a lender takes possession of a property due to default", "A type of mortgage", "A home improvement loan", "A property tax assessment"]', '["El proceso legal por el cual un prestamista toma posesión de una propiedad debido a incumplimiento", "Un tipo de hipoteca", "Un préstamo para mejoras del hogar", "Una evaluación de impuestos sobre la propiedad"]', 0, 'Foreclosure is the legal process allowing a lender to recover the balance of a loan by selling the mortgaged property.', 'La ejecución hipotecaria es el proceso legal que permite a un prestamista recuperar el saldo de un préstamo vendiendo la propiedad hipotecada.', true, '2026-01-14 18:28:35.492966', '2026-01-14 18:28:35.492966') ON CONFLICT (id) DO NOTHING;
INSERT INTO questions (id, category, topic, question_text_en, question_text_es, options_en, options_es, correct_answer, explanation_en, explanation_es, is_active, created_at, updated_at) VALUES ('44141d31-f7de-469d-9bb0-e84f85a05dcb', 'real_estate', NULL, 'What is a conventional loan?', '¿Qué es un préstamo convencional?', '["A loan not insured or guaranteed by a government agency", "A government-backed loan", "A VA loan", "An FHA loan"]', '["Un préstamo no asegurado ni garantizado por una agencia gubernamental", "Un préstamo respaldado por el gobierno", "Un préstamo VA", "Un préstamo FHA"]', 0, 'A conventional loan is made by private lenders without government insurance or guarantees.', 'Un préstamo convencional es hecho por prestamistas privados sin seguro ni garantías del gobierno.', true, '2026-01-14 22:36:13.105127', '2026-01-14 22:36:13.105127') ON CONFLICT (id) DO NOTHING;
INSERT INTO questions (id, category, topic, question_text_en, question_text_es, options_en, options_es, correct_answer, explanation_en, explanation_es, is_active, created_at, updated_at) VALUES ('4499f7d3-a94a-4b8e-9217-72f10f96a54f', 'real_estate', NULL, 'What is a plat?', '¿Qué es un plano de subdivisión?', '["A map showing the division of land into lots", "A deed", "A mortgage document", "An appraisal"]', '["Un mapa que muestra la división del terreno en lotes", "Una escritura", "Un documento hipotecario", "Una tasación"]', 0, 'A plat is a map of a subdivision showing individual lots, streets, easements, and other features.', 'Un plano de subdivisión es un mapa de una subdivisión que muestra lotes individuales, calles, servidumbres y otras características.', true, '2026-01-14 22:36:13.374755', '2026-01-14 22:36:13.374755') ON CONFLICT (id) DO NOTHING;
INSERT INTO questions (id, category, topic, question_text_en, question_text_es, options_en, options_es, correct_answer, explanation_en, explanation_es, is_active, created_at, updated_at) VALUES ('44f06697-f949-47bd-96dd-a5b64934ec4a', 'real_estate', NULL, 'An exclusive right-to-sell listing means:', 'Un listado de derecho exclusivo de venta significa:', '["The broker earns a commission regardless of who sells the property", "The seller can sell without paying commission", "Multiple brokers can list the property", "No commission is paid"]', '["El corredor gana una comisión independientemente de quién venda la propiedad", "El vendedor puede vender sin pagar comisión", "Múltiples corredores pueden listar la propiedad", "No se paga comisión"]', 0, 'In an exclusive right-to-sell listing, the broker earns commission if the property sells during the listing period, regardless of who procures the buyer.', 'En un listado de derecho exclusivo de venta, el corredor gana comisión si la propiedad se vende durante el período de listado, independientemente de quién consiga al comprador.', true, '2026-01-14 22:36:13.095316', '2026-01-14 22:36:13.095316') ON CONFLICT (id) DO NOTHING;
INSERT INTO questions (id, category, topic, question_text_en, question_text_es, options_en, options_es, correct_answer, explanation_en, explanation_es, is_active, created_at, updated_at) VALUES ('4acd1e91-786a-4fcd-9808-b91e9b257b24', 'real_estate', NULL, 'What is the purpose of RESPA?', '¿Cuál es el propósito de RESPA?', '["To protect consumers from abusive practices in the real estate settlement process", "To set interest rates", "To regulate property taxes", "To license real estate agents"]', '["Proteger a los consumidores de prácticas abusivas en el proceso de cierre de bienes raíces", "Establecer tasas de interés", "Regular impuestos sobre la propiedad", "Licenciar agentes inmobiliarios"]', 0, 'RESPA (Real Estate Settlement Procedures Act) protects consumers by requiring disclosures and prohibiting kickbacks.', 'RESPA (Ley de Procedimientos de Liquidación de Bienes Raíces) protege a los consumidores requiriendo divulgaciones y prohibiendo sobornos.', true, '2026-01-14 18:28:35.391313', '2026-01-14 18:28:35.391313') ON CONFLICT (id) DO NOTHING;
INSERT INTO questions (id, category, topic, question_text_en, question_text_es, options_en, options_es, correct_answer, explanation_en, explanation_es, is_active, created_at, updated_at) VALUES ('4b8f3559-2184-438a-a8da-7eb96973d6aa', 'real_estate', NULL, 'A listing agreement in Texas creates what type of agency relationship?', 'Un acuerdo de listado en Texas crea qué tipo de relación de agencia?', '["Seller agency", "Buyer agency", "Dual agency", "No agency"]', '["Agencia del vendedor", "Agencia del comprador", "Agencia dual", "Sin agencia"]', 0, 'A listing agreement creates an agency relationship where the broker represents the seller''s interests.', 'Un acuerdo de listado crea una relación de agencia donde el corredor representa los intereses del vendedor.', true, '2026-01-14 22:36:13.018396', '2026-01-14 22:36:13.018396') ON CONFLICT (id) DO NOTHING;
INSERT INTO questions (id, category, topic, question_text_en, question_text_es, options_en, options_es, correct_answer, explanation_en, explanation_es, is_active, created_at, updated_at) VALUES ('4c165417-bce1-46f6-be43-c7b0939fef85', 'real_estate', NULL, 'In Texas, who holds the earnest money deposit?', 'En Texas, ¿quién retiene el depósito de garantía?', '["The title company or broker as escrow agent", "The buyer", "The seller", "TREC"]', '["La compañía de títulos o corredor como agente de escrow", "El comprador", "El vendedor", "TREC"]', 0, 'In Texas, the earnest money is typically held by the title company or the listing broker acting as escrow agent.', 'En Texas, el depósito de garantía típicamente lo retiene la compañía de títulos o el corredor de listado actuando como agente de escrow.', true, '2026-01-14 18:28:35.448705', '2026-01-14 18:28:35.448705') ON CONFLICT (id) DO NOTHING;
INSERT INTO questions (id, category, topic, question_text_en, question_text_es, options_en, options_es, correct_answer, explanation_en, explanation_es, is_active, created_at, updated_at) VALUES ('4d57491c-8f35-46fd-904b-08d5a7eec764', 'real_estate', NULL, 'What is a month-to-month tenancy?', '¿Qué es una tenencia de mes a mes?', '["A periodic tenancy that automatically renews each month until terminated", "A one-month lease", "A commercial lease only", "A sublease"]', '["Una tenencia periódica que se renueva automáticamente cada mes hasta terminarla", "Un arrendamiento de un mes", "Solo un arrendamiento comercial", "Un subarrendamiento"]', 0, 'A month-to-month tenancy is a periodic tenancy that renews automatically each month until properly terminated.', 'Una tenencia de mes a mes es una tenencia periódica que se renueva automáticamente cada mes hasta que se termine apropiadamente.', true, '2026-01-14 22:36:13.432066', '2026-01-14 22:36:13.432066') ON CONFLICT (id) DO NOTHING;
INSERT INTO questions (id, category, topic, question_text_en, question_text_es, options_en, options_es, correct_answer, explanation_en, explanation_es, is_active, created_at, updated_at) VALUES ('4f4ee498-311c-40b9-83c6-dcebd57f6c36', 'real_estate', NULL, 'What is the Closing Disclosure?', '¿Qué es la Divulgación de Cierre?', '["A document showing final loan terms and closing costs, provided 3 days before closing", "The deed to the property", "The appraisal report", "The inspection report"]', '["Un documento que muestra los términos finales del préstamo y costos de cierre, proporcionado 3 días antes del cierre", "La escritura de la propiedad", "El informe de tasación", "El informe de inspección"]', 0, 'The Closing Disclosure must be provided at least 3 business days before closing, showing final loan terms and closing costs.', 'La Divulgación de Cierre debe proporcionarse al menos 3 días hábiles antes del cierre, mostrando los términos finales del préstamo y costos de cierre.', true, '2026-01-14 22:36:13.137075', '2026-01-14 22:36:13.137075') ON CONFLICT (id) DO NOTHING;
INSERT INTO questions (id, category, topic, question_text_en, question_text_es, options_en, options_es, correct_answer, explanation_en, explanation_es, is_active, created_at, updated_at) VALUES ('4f98d375-44f3-4202-9f48-ac5aad689ec1', 'real_estate', NULL, 'What is a real estate broker?', '¿Qué es un corredor de bienes raíces?', '["A licensed professional who can own a brokerage and supervise agents", "The same as a sales agent", "A property inspector", "A mortgage lender"]', '["Un profesional licenciado que puede poseer un corretaje y supervisar agentes", "Lo mismo que un agente de ventas", "Un inspector de propiedades", "Un prestamista hipotecario"]', 0, 'A broker has additional education and licensing that allows them to operate independently and supervise sales agents.', 'Un corredor tiene educación y licencia adicionales que le permiten operar independientemente y supervisar agentes de ventas.', true, '2026-01-14 18:28:35.498652', '2026-01-14 18:28:35.498652') ON CONFLICT (id) DO NOTHING;
INSERT INTO questions (id, category, topic, question_text_en, question_text_es, options_en, options_es, correct_answer, explanation_en, explanation_es, is_active, created_at, updated_at) VALUES ('503d26bb-3288-4659-a6ea-13f20b7d8cf2', 'real_estate', NULL, 'When does ownership legally transfer in Texas?', '¿Cuándo se transfiere legalmente la propiedad en Texas?', '["When the deed is delivered and accepted", "When the contract is signed", "When the money changes hands", "When the keys are handed over"]', '["Cuando la escritura se entrega y acepta", "Cuando el contrato se firma", "Cuando el dinero cambia de manos", "Cuando se entregan las llaves"]', 0, 'Ownership legally transfers when the deed is delivered to and accepted by the buyer.', 'La propiedad se transfiere legalmente cuando la escritura se entrega y es aceptada por el comprador.', true, '2026-01-14 22:36:13.318436', '2026-01-14 22:36:13.318436') ON CONFLICT (id) DO NOTHING;
INSERT INTO questions (id, category, topic, question_text_en, question_text_es, options_en, options_es, correct_answer, explanation_en, explanation_es, is_active, created_at, updated_at) VALUES ('525ec678-5b4d-42fa-919c-72dfc5c18ca2', 'real_estate', NULL, 'What are deed restrictions?', '¿Qué son las restricciones de escritura?', '["Private limitations placed on property use by developers or previous owners", "Government zoning laws", "Building codes", "Tax assessments"]', '["Limitaciones privadas sobre el uso de la propiedad por desarrolladores o propietarios anteriores", "Leyes de zonificación del gobierno", "Códigos de construcción", "Evaluaciones fiscales"]', 0, 'Deed restrictions are private agreements that limit how property can be used, often imposed by developers.', 'Las restricciones de escritura son acuerdos privados que limitan cómo puede usarse la propiedad, a menudo impuestas por desarrolladores.', true, '2026-01-14 22:36:13.359343', '2026-01-14 22:36:13.359343') ON CONFLICT (id) DO NOTHING;
INSERT INTO questions (id, category, topic, question_text_en, question_text_es, options_en, options_es, correct_answer, explanation_en, explanation_es, is_active, created_at, updated_at) VALUES ('52665f0d-e7e6-4d78-a1fd-83e1b2beb498', 'real_estate', NULL, 'What is the option period in Texas real estate?', '¿Qué es el período de opción en bienes raíces de Texas?', '["A negotiated time when the buyer can terminate the contract for any reason", "The closing period", "The loan approval period", "The inspection period only"]', '["Un tiempo negociado cuando el comprador puede terminar el contrato por cualquier razón", "El período de cierre", "El período de aprobación del préstamo", "Solo el período de inspección"]', 0, 'The option period in Texas gives buyers the unrestricted right to terminate the contract for any reason, in exchange for an option fee.', 'El período de opción en Texas da a los compradores el derecho irrestricto de terminar el contrato por cualquier razón, a cambio de una tarifa de opción.', true, '2026-01-14 18:28:35.556806', '2026-01-14 18:28:35.556806') ON CONFLICT (id) DO NOTHING;
INSERT INTO questions (id, category, topic, question_text_en, question_text_es, options_en, options_es, correct_answer, explanation_en, explanation_es, is_active, created_at, updated_at) VALUES ('55299d44-ff98-4579-991e-3f2a20b559f1', 'real_estate', NULL, 'What is the difference between zoning and deed restrictions?', '¿Cuál es la diferencia entre zonificación y restricciones de escritura?', '["Zoning is public law; deed restrictions are private agreements", "They are the same thing", "Deed restrictions are more powerful", "Zoning is optional"]', '["La zonificación es ley pública; las restricciones de escritura son acuerdos privados", "Son lo mismo", "Las restricciones de escritura son más poderosas", "La zonificación es opcional"]', 0, 'Zoning is government regulation while deed restrictions are private contractual limitations, though both may apply.', 'La zonificación es regulación gubernamental mientras que las restricciones de escritura son limitaciones contractuales privadas, aunque ambas pueden aplicar.', true, '2026-01-14 22:36:13.361991', '2026-01-14 22:36:13.361991') ON CONFLICT (id) DO NOTHING;
INSERT INTO questions (id, category, topic, question_text_en, question_text_es, options_en, options_es, correct_answer, explanation_en, explanation_es, is_active, created_at, updated_at) VALUES ('55f3b1bb-6dcc-492b-9ef7-9f3fcf0d1b8b', 'real_estate', NULL, 'What is a mechanic''s lien?', '¿Qué es un gravamen de mecánico?', '["A claim by contractors or suppliers for unpaid work or materials", "A type of mortgage", "A government tax lien", "An insurance policy"]', '["Un reclamo por contratistas o proveedores por trabajo o materiales no pagados", "Un tipo de hipoteca", "Un gravamen fiscal del gobierno", "Una póliza de seguro"]', 0, 'A mechanic''s lien is a security interest in the property filed by contractors, subcontractors, or suppliers who provided labor or materials.', 'Un gravamen de mecánico es un interés de seguridad en la propiedad presentado por contratistas, subcontratistas o proveedores que proporcionaron mano de obra o materiales.', true, '2026-01-14 18:28:35.351935', '2026-01-14 18:28:35.351935') ON CONFLICT (id) DO NOTHING;
INSERT INTO questions (id, category, topic, question_text_en, question_text_es, options_en, options_es, correct_answer, explanation_en, explanation_es, is_active, created_at, updated_at) VALUES ('5aa84d3b-5711-47e4-bbbc-2e1624d71c51', 'real_estate', NULL, 'What is PMI?', '¿Qué es PMI?', '["Private Mortgage Insurance", "Property Management Insurance", "Professional Mortgage Index", "Primary Market Interest"]', '["Seguro Hipotecario Privado", "Seguro de Administración de Propiedades", "Índice Hipotecario Profesional", "Interés del Mercado Primario"]', 0, 'PMI (Private Mortgage Insurance) protects the lender if the borrower defaults, typically required when down payment is less than 20%.', 'PMI (Seguro Hipotecario Privado) protege al prestamista si el prestatario incumple, típicamente requerido cuando el pago inicial es menos del 20%.', true, '2026-01-14 18:28:35.376761', '2026-01-14 18:28:35.376761') ON CONFLICT (id) DO NOTHING;
INSERT INTO questions (id, category, topic, question_text_en, question_text_es, options_en, options_es, correct_answer, explanation_en, explanation_es, is_active, created_at, updated_at) VALUES ('5bdd5bd0-ce24-4053-913b-e3194ac4d0cb', 'real_estate', NULL, 'What is a contingency clause in a real estate contract?', '¿Qué es una cláusula de contingencia en un contrato inmobiliario?', '["A condition that must be met for the contract to be binding", "A penalty clause", "A commission agreement", "An escrow instruction"]', '["Una condición que debe cumplirse para que el contrato sea vinculante", "Una cláusula de penalidad", "Un acuerdo de comisión", "Una instrucción de escrow"]', 0, 'A contingency is a condition that must be satisfied before the contract becomes fully binding, such as inspection or financing approval.', 'Una contingencia es una condición que debe cumplirse antes de que el contrato sea completamente vinculante, como inspección o aprobación de financiamiento.', true, '2026-01-14 18:28:35.418183', '2026-01-14 18:28:35.418183') ON CONFLICT (id) DO NOTHING;
INSERT INTO questions (id, category, topic, question_text_en, question_text_es, options_en, options_es, correct_answer, explanation_en, explanation_es, is_active, created_at, updated_at) VALUES ('5c69581d-a01f-485c-9db4-ab5c382191ef', 'real_estate', NULL, 'What happens if a buyer defaults on a purchase contract?', '¿Qué sucede si un comprador incumple un contrato de compra?', '["The seller may retain the earnest money as damages", "Nothing happens", "The buyer gets a refund", "The property is transferred automatically"]', '["El vendedor puede retener el depósito de garantía como daños", "Nada sucede", "El comprador obtiene un reembolso", "La propiedad se transfiere automáticamente"]', 0, 'If a buyer defaults without a valid contingency, the seller typically retains the earnest money as liquidated damages.', 'Si un comprador incumple sin una contingencia válida, el vendedor típicamente retiene el depósito de garantía como daños liquidados.', true, '2026-01-14 18:28:35.414725', '2026-01-14 18:28:35.414725') ON CONFLICT (id) DO NOTHING;
INSERT INTO questions (id, category, topic, question_text_en, question_text_es, options_en, options_es, correct_answer, explanation_en, explanation_es, is_active, created_at, updated_at) VALUES ('5ce0279b-0b73-4a6f-bbbb-e6c771d6d636', 'real_estate', NULL, 'What is a variance in zoning?', '¿Qué es una varianza en zonificación?', '["Permission to deviate from zoning requirements", "A change in property taxes", "A type of mortgage", "A title defect"]', '["Permiso para desviarse de los requisitos de zonificación", "Un cambio en los impuestos sobre la propiedad", "Un tipo de hipoteca", "Un defecto de título"]', 0, 'A variance is an exception granted to a property owner allowing a use that differs from current zoning regulations.', 'Una varianza es una excepción otorgada a un propietario que permite un uso diferente de las regulaciones de zonificación actuales.', true, '2026-01-14 18:28:35.473881', '2026-01-14 18:28:35.473881') ON CONFLICT (id) DO NOTHING;
INSERT INTO questions (id, category, topic, question_text_en, question_text_es, options_en, options_es, correct_answer, explanation_en, explanation_es, is_active, created_at, updated_at) VALUES ('6233697b-4cb8-410e-be15-db7e60cce5e3', 'real_estate', NULL, 'What does ''escrow'' mean in a real estate transaction?', '¿Qué significa ''escrow'' en una transacción inmobiliaria?', '["A type of property insurance", "A neutral third party holding funds until conditions are met", "A real estate agent''s commission", "The down payment on a property"]', '["Un tipo de seguro de propiedad", "Un tercero neutral que retiene fondos hasta que se cumplan las condiciones", "La comisión de un agente inmobiliario", "El pago inicial de una propiedad"]', 1, 'Escrow is a financial arrangement where a third party holds and regulates payment of funds until all conditions of a transaction are met.', 'El escrow es un acuerdo financiero donde un tercero retiene y regula el pago de fondos hasta que se cumplan todas las condiciones de una transacción.', true, '2026-01-14 18:28:35.324998', '2026-01-14 18:28:35.324998') ON CONFLICT (id) DO NOTHING;
INSERT INTO questions (id, category, topic, question_text_en, question_text_es, options_en, options_es, correct_answer, explanation_en, explanation_es, is_active, created_at, updated_at) VALUES ('63924a58-f077-43a4-8b52-ea2ec1024e44', 'real_estate', NULL, 'What are the essential elements of a valid real estate contract?', '¿Cuáles son los elementos esenciales de un contrato de bienes raíces válido?', '["Competent parties, offer and acceptance, consideration, legal purpose, and written form", "Only a signature", "Verbal agreement only", "Just the price agreed upon"]', '["Partes competentes, oferta y aceptación, contraprestación, propósito legal y forma escrita", "Solo una firma", "Solo acuerdo verbal", "Solo el precio acordado"]', 0, 'A valid real estate contract requires competent parties, mutual agreement (offer and acceptance), consideration, legal purpose, and written form per the Statute of Frauds.', 'Un contrato de bienes raíces válido requiere partes competentes, acuerdo mutuo (oferta y aceptación), contraprestación, propósito legal y forma escrita según el Estatuto de Fraudes.', true, '2026-01-14 22:36:13.043868', '2026-01-14 22:36:13.043868') ON CONFLICT (id) DO NOTHING;
INSERT INTO questions (id, category, topic, question_text_en, question_text_es, options_en, options_es, correct_answer, explanation_en, explanation_es, is_active, created_at, updated_at) VALUES ('63af280e-0ddc-4013-8e09-493c809029f7', 'real_estate', NULL, 'What is radon?', '¿Qué es el radón?', '["A naturally occurring radioactive gas that can accumulate in buildings", "A type of mold", "A building material", "A pesticide"]', '["Un gas radiactivo de origen natural que puede acumularse en edificios", "Un tipo de moho", "Un material de construcción", "Un pesticida"]', 0, 'Radon is a colorless, odorless radioactive gas that can seep into buildings from the ground and pose health risks.', 'El radón es un gas radiactivo incoloro e inodoro que puede filtrarse en edificios desde el suelo y representar riesgos para la salud.', true, '2026-01-14 22:36:13.231058', '2026-01-14 22:36:13.231058') ON CONFLICT (id) DO NOTHING;
INSERT INTO questions (id, category, topic, question_text_en, question_text_es, options_en, options_es, correct_answer, explanation_en, explanation_es, is_active, created_at, updated_at) VALUES ('63cff12d-627f-4d8d-8a4b-dd1bd908ce27', 'real_estate', NULL, 'What is a deed of trust?', '¿Qué es una escritura de fideicomiso?', '["A security instrument used instead of a mortgage in Texas", "A warranty deed", "A quitclaim deed", "A title certificate"]', '["Un instrumento de seguridad utilizado en lugar de una hipoteca en Texas", "Una escritura de garantía", "Una escritura de renuncia", "Un certificado de título"]', 0, 'A deed of trust is used in Texas instead of a mortgage, involving three parties: borrower, lender, and trustee.', 'Una escritura de fideicomiso se usa en Texas en lugar de una hipoteca, involucrando tres partes: prestatario, prestamista y fideicomisario.', true, '2026-01-14 18:28:35.481224', '2026-01-14 18:28:35.481224') ON CONFLICT (id) DO NOTHING;
INSERT INTO questions (id, category, topic, question_text_en, question_text_es, options_en, options_es, correct_answer, explanation_en, explanation_es, is_active, created_at, updated_at) VALUES ('649712db-6e6e-4ec5-99da-8ccd83cc5ca4', 'real_estate', NULL, 'What is earnest money?', '¿Qué es el depósito de garantía?', '["A deposit showing good faith intention to complete a transaction", "The down payment", "The closing costs", "The commission"]', '["Un depósito que muestra intención de buena fe para completar una transacción", "El pago inicial", "Los costos de cierre", "La comisión"]', 0, 'Earnest money is a deposit made by a buyer to demonstrate their serious intent to purchase the property.', 'El depósito de garantía es un depósito hecho por un comprador para demostrar su intención seria de comprar la propiedad.', true, '2026-01-14 18:28:35.410611', '2026-01-14 18:28:35.410611') ON CONFLICT (id) DO NOTHING;
INSERT INTO questions (id, category, topic, question_text_en, question_text_es, options_en, options_es, correct_answer, explanation_en, explanation_es, is_active, created_at, updated_at) VALUES ('64c38286-1d71-4c18-a244-8f8acb5c1a15', 'real_estate', NULL, 'What is external obsolescence?', '¿Qué es la obsolescencia externa?', '["A loss of value due to factors outside the property", "Outdated appliances", "Physical deterioration", "Poor maintenance"]', '["Una pérdida de valor debido a factores fuera de la propiedad", "Electrodomésticos obsoletos", "Deterioro físico", "Mal mantenimiento"]', 0, 'External obsolescence is the loss of value caused by factors outside the property, such as neighborhood decline or economic conditions.', 'La obsolescencia externa es la pérdida de valor causada por factores fuera de la propiedad, como el deterioro del vecindario o condiciones económicas.', true, '2026-01-14 22:36:13.201518', '2026-01-14 22:36:13.201518') ON CONFLICT (id) DO NOTHING;
INSERT INTO questions (id, category, topic, question_text_en, question_text_es, options_en, options_es, correct_answer, explanation_en, explanation_es, is_active, created_at, updated_at) VALUES ('65e13b97-9acd-4392-bf60-e264eb3c03fd', 'real_estate', NULL, 'What is prorating in real estate?', '¿Qué es el prorrateo en bienes raíces?', '["Dividing expenses proportionally between buyer and seller at closing", "Setting the selling price", "Calculating the mortgage payment", "Determining the tax assessment"]', '["Dividir gastos proporcionalmente entre comprador y vendedor en el cierre", "Establecer el precio de venta", "Calcular el pago de la hipoteca", "Determinar la evaluación fiscal"]', 0, 'Prorating is the division of certain costs like taxes and HOA fees between buyer and seller based on the closing date.', 'El prorrateo es la división de ciertos costos como impuestos y cuotas de HOA entre comprador y vendedor basándose en la fecha de cierre.', true, '2026-01-14 18:28:35.544365', '2026-01-14 18:28:35.544365') ON CONFLICT (id) DO NOTHING;
INSERT INTO questions (id, category, topic, question_text_en, question_text_es, options_en, options_es, correct_answer, explanation_en, explanation_es, is_active, created_at, updated_at) VALUES ('668077bd-7bb8-4547-864a-8af3f576101c', 'real_estate', NULL, 'What must be disclosed about lead-based paint?', '¿Qué debe divulgarse sobre la pintura a base de plomo?', '["Known presence of lead-based paint in homes built before 1978", "All paint colors used", "The brand of paint", "Nothing is required"]', '["Presencia conocida de pintura a base de plomo en casas construidas antes de 1978", "Todos los colores de pintura usados", "La marca de pintura", "No se requiere nada"]', 0, 'Federal law requires disclosure of known lead-based paint hazards for residential properties built before 1978.', 'La ley federal requiere la divulgación de peligros conocidos de pintura a base de plomo para propiedades residenciales construidas antes de 1978.', true, '2026-01-14 22:36:13.223496', '2026-01-14 22:36:13.223496') ON CONFLICT (id) DO NOTHING;
INSERT INTO questions (id, category, topic, question_text_en, question_text_es, options_en, options_es, correct_answer, explanation_en, explanation_es, is_active, created_at, updated_at) VALUES ('68782151-c726-43ca-b29f-6bec09175cb6', 'real_estate', NULL, 'What should be disclosed about a property in a flood zone?', '¿Qué debe divulgarse sobre una propiedad en una zona de inundación?', '["That the property is in a designated flood zone and may require flood insurance", "Nothing special is required", "Only if there has been flooding", "Only for commercial properties"]', '["Que la propiedad está en una zona de inundación designada y puede requerir seguro contra inundaciones", "No se requiere nada especial", "Solo si ha habido inundaciones", "Solo para propiedades comerciales"]', 0, 'Properties in FEMA-designated flood zones must be disclosed, and flood insurance may be required for mortgage approval.', 'Las propiedades en zonas de inundación designadas por FEMA deben ser divulgadas, y puede requerirse seguro contra inundaciones para la aprobación de la hipoteca.', true, '2026-01-14 22:36:13.24271', '2026-01-14 22:36:13.24271') ON CONFLICT (id) DO NOTHING;
INSERT INTO questions (id, category, topic, question_text_en, question_text_es, options_en, options_es, correct_answer, explanation_en, explanation_es, is_active, created_at, updated_at) VALUES ('68afff3c-ac25-4b1c-87f8-919c2b080353', 'real_estate', NULL, 'What does CMA stand for in real estate?', '¿Qué significa CMA en bienes raíces?', '["Comparative Market Analysis", "Commercial Market Assessment", "Certified Market Appraisal", "Competitive Marketing Agreement"]', '["Análisis Comparativo de Mercado", "Evaluación del Mercado Comercial", "Tasación Certificada del Mercado", "Acuerdo de Mercadeo Competitivo"]', 0, 'A CMA (Comparative Market Analysis) is an evaluation of similar homes in the area to help determine listing price.', 'Un CMA (Análisis Comparativo de Mercado) es una evaluación de casas similares en el área para ayudar a determinar el precio de listado.', true, '2026-01-14 18:28:35.362485', '2026-01-14 18:28:35.362485') ON CONFLICT (id) DO NOTHING;
INSERT INTO questions (id, category, topic, question_text_en, question_text_es, options_en, options_es, correct_answer, explanation_en, explanation_es, is_active, created_at, updated_at) VALUES ('6b9c1060-9552-421f-a264-4dc49bfa434e', 'real_estate', NULL, 'What is a lease?', '¿Qué es un arrendamiento?', '["A contract granting possession and use of property for a specified time in exchange for rent", "A deed", "A mortgage", "A sale agreement"]', '["Un contrato que otorga posesión y uso de propiedad por un tiempo especificado a cambio de alquiler", "Una escritura", "Una hipoteca", "Un acuerdo de venta"]', 0, 'A lease is a contract that grants the tenant the right to use and possess property for a specified period in exchange for rent.', 'Un arrendamiento es un contrato que otorga al inquilino el derecho de usar y poseer propiedad por un período especificado a cambio de alquiler.', true, '2026-01-14 22:36:13.384865', '2026-01-14 22:36:13.384865') ON CONFLICT (id) DO NOTHING;
INSERT INTO questions (id, category, topic, question_text_en, question_text_es, options_en, options_es, correct_answer, explanation_en, explanation_es, is_active, created_at, updated_at) VALUES ('6c6786f0-24be-47b6-b304-0a5cb1378c76', 'real_estate', NULL, 'What is blockbusting?', '¿Qué es el blockbusting?', '["Inducing panic selling by suggesting neighborhood demographic changes", "A construction technique", "A marketing strategy", "A legal sales practice"]', '["Inducir venta de pánico sugiriendo cambios demográficos del vecindario", "Una técnica de construcción", "Una estrategia de mercadeo", "Una práctica legal de ventas"]', 0, 'Blockbusting is the illegal practice of inducing homeowners to sell by suggesting that minority groups are moving into the neighborhood.', 'El blockbusting es la práctica ilegal de inducir a propietarios a vender sugiriendo que grupos minoritarios se están mudando al vecindario.', true, '2026-01-14 18:28:35.538462', '2026-01-14 18:28:35.538462') ON CONFLICT (id) DO NOTHING;
INSERT INTO questions (id, category, topic, question_text_en, question_text_es, options_en, options_es, correct_answer, explanation_en, explanation_es, is_active, created_at, updated_at) VALUES ('7079c928-9128-4abc-aee8-3ae8bbcd1e03', 'real_estate', NULL, 'What is the primary purpose of a deed?', '¿Cuál es el propósito principal de una escritura?', '["To transfer ownership of real property", "To provide insurance coverage", "To establish a lease agreement", "To create a mortgage"]', '["Transferir la propiedad de bienes inmuebles", "Proporcionar cobertura de seguro", "Establecer un contrato de arrendamiento", "Crear una hipoteca"]', 0, 'A deed is a legal document that transfers ownership of real property from one party to another.', 'Una escritura es un documento legal que transfiere la propiedad de bienes inmuebles de una parte a otra.', true, '2026-01-14 18:28:35.272232', '2026-01-14 18:28:35.272232') ON CONFLICT (id) DO NOTHING;
INSERT INTO questions (id, category, topic, question_text_en, question_text_es, options_en, options_es, correct_answer, explanation_en, explanation_es, is_active, created_at, updated_at) VALUES ('709e3e55-08e6-45b0-827c-cd4712175a13', 'real_estate', NULL, 'What is a cloud on title?', '¿Qué es una nube sobre el título?', '["Any claim or encumbrance that could affect the owner''s rights", "Weather damage to property", "A type of insurance", "A mortgage payment"]', '["Cualquier reclamo o gravamen que podría afectar los derechos del propietario", "Daño climático a la propiedad", "Un tipo de seguro", "Un pago de hipoteca"]', 0, 'A cloud on title is any claim, lien, or encumbrance that could impair the owner''s title or make it doubtful.', 'Una nube sobre el título es cualquier reclamo, gravamen o carga que podría perjudicar el título del propietario o hacerlo dudoso.', true, '2026-01-14 18:28:35.338831', '2026-01-14 18:28:35.338831') ON CONFLICT (id) DO NOTHING;
INSERT INTO questions (id, category, topic, question_text_en, question_text_es, options_en, options_es, correct_answer, explanation_en, explanation_es, is_active, created_at, updated_at) VALUES ('70ba42ce-8efa-4e79-b153-0395a66ce749', 'real_estate', NULL, 'What is recording a deed?', '¿Qué es registrar una escritura?', '["Filing the deed in the county records to provide public notice of ownership", "Signing the deed", "Notarizing the deed", "Mailing the deed"]', '["Archivar la escritura en los registros del condado para proporcionar aviso público de propiedad", "Firmar la escritura", "Notarizar la escritura", "Enviar la escritura por correo"]', 0, 'Recording a deed means filing it with the county clerk''s office to provide public notice of the ownership transfer.', 'Registrar una escritura significa archivarla en la oficina del secretario del condado para proporcionar aviso público de la transferencia de propiedad.', true, '2026-01-14 22:36:13.321838', '2026-01-14 22:36:13.321838') ON CONFLICT (id) DO NOTHING;
INSERT INTO questions (id, category, topic, question_text_en, question_text_es, options_en, options_es, correct_answer, explanation_en, explanation_es, is_active, created_at, updated_at) VALUES ('70f8290c-4352-4459-8911-e4a77b8f73bb', 'real_estate', NULL, 'What is the Texas Association of Realtors (TAR)?', '¿Qué es la Asociación de Realtors de Texas (TAR)?', '["A professional trade association for real estate professionals in Texas", "The government licensing agency", "A title insurance company", "A mortgage lender"]', '["Una asociación comercial profesional para profesionales de bienes raíces en Texas", "La agencia de licencias del gobierno", "Una compañía de seguro de título", "Un prestamista hipotecario"]', 0, 'TAR is a voluntary professional trade association that provides resources, advocacy, and education for real estate professionals.', 'TAR es una asociación comercial profesional voluntaria que proporciona recursos, defensa y educación para profesionales de bienes raíces.', true, '2026-01-14 22:36:58.977251', '2026-01-14 22:36:58.977251') ON CONFLICT (id) DO NOTHING;
INSERT INTO questions (id, category, topic, question_text_en, question_text_es, options_en, options_es, correct_answer, explanation_en, explanation_es, is_active, created_at, updated_at) VALUES ('72416c99-c030-4d21-b580-6c0c71cb4095', 'real_estate', NULL, 'The income approach to value is used primarily for:', 'El enfoque de ingresos para el valor se utiliza principalmente para:', '["Investment and income-producing properties", "Single-family homes only", "Vacant land only", "New construction only"]', '["Propiedades de inversión y productoras de ingresos", "Solo casas unifamiliares", "Solo terrenos vacíos", "Solo nueva construcción"]', 0, 'The income approach is primarily used to value income-producing properties based on the income they generate.', 'El enfoque de ingresos se utiliza principalmente para valorar propiedades productoras de ingresos basándose en los ingresos que generan.', true, '2026-01-14 22:36:13.180442', '2026-01-14 22:36:13.180442') ON CONFLICT (id) DO NOTHING;
INSERT INTO questions (id, category, topic, question_text_en, question_text_es, options_en, options_es, correct_answer, explanation_en, explanation_es, is_active, created_at, updated_at) VALUES ('7259a034-6de4-4a6a-b8ce-81cc01c1fedf', 'real_estate', NULL, 'What is a Comparative Market Analysis (CMA)?', '¿Qué es un Análisis Comparativo de Mercado (CMA)?', '["An informal estimate of property value prepared by a real estate agent", "An official appraisal", "A government assessment", "A title search"]', '["Una estimación informal del valor de la propiedad preparada por un agente de bienes raíces", "Una tasación oficial", "Una evaluación del gobierno", "Una búsqueda de título"]', 0, 'A CMA is an informal estimate of market value based on sales of comparable properties, prepared by a real estate agent.', 'Un CMA es una estimación informal del valor de mercado basada en ventas de propiedades comparables, preparada por un agente de bienes raíces.', true, '2026-01-14 22:36:13.184275', '2026-01-14 22:36:13.184275') ON CONFLICT (id) DO NOTHING;
INSERT INTO questions (id, category, topic, question_text_en, question_text_es, options_en, options_es, correct_answer, explanation_en, explanation_es, is_active, created_at, updated_at) VALUES ('7379df14-c20d-4ebc-b3a7-09734be1be04', 'real_estate', NULL, 'What does ''escrow'' mean in a real estate transaction?', '¿Qué significa ''escrow'' en una transacción inmobiliaria?', '["A type of property insurance", "A neutral third party holding funds until conditions are met", "A real estate agent''s commission", "The down payment on a property"]', '["Un tipo de seguro de propiedad", "Un tercero neutral que retiene fondos hasta que se cumplan las condiciones", "La comisión de un agente inmobiliario", "El pago inicial de una propiedad"]', 1, 'Escrow is a financial arrangement where a third party holds and regulates payment of funds until all conditions of a transaction are met.', 'El escrow es un acuerdo financiero donde un tercero retiene y regula el pago de fondos hasta que se cumplan todas las condiciones de una transacción.', true, '2026-01-14 16:50:01.88016', '2026-01-14 16:50:01.88016') ON CONFLICT (id) DO NOTHING;
INSERT INTO questions (id, category, topic, question_text_en, question_text_es, options_en, options_es, correct_answer, explanation_en, explanation_es, is_active, created_at, updated_at) VALUES ('754e57d5-fef7-41c7-86d0-308d1cb48df0', 'real_estate', NULL, 'What is an abstract of title?', '¿Qué es un resumen de título?', '["A historical summary of all recorded documents affecting a property''s title", "A purchase agreement", "A mortgage document", "An insurance policy"]', '["Un resumen histórico de todos los documentos registrados que afectan el título de una propiedad", "Un contrato de compra", "Un documento hipotecario", "Una póliza de seguro"]', 0, 'An abstract of title is a condensed history of the title including deeds, mortgages, liens, and other documents affecting ownership.', 'Un resumen de título es una historia condensada del título incluyendo escrituras, hipotecas, gravámenes y otros documentos que afectan la propiedad.', true, '2026-01-14 18:28:35.548491', '2026-01-14 18:28:35.548491') ON CONFLICT (id) DO NOTHING;
INSERT INTO questions (id, category, topic, question_text_en, question_text_es, options_en, options_es, correct_answer, explanation_en, explanation_es, is_active, created_at, updated_at) VALUES ('7579e0e0-b21b-4c25-89e7-c952435e093d', 'real_estate', NULL, 'What is MLS (Multiple Listing Service)?', '¿Qué es el MLS (Servicio de Listado Múltiple)?', '["A database of properties for sale shared among real estate brokers", "A government property registry", "A mortgage application system", "A property tax database"]', '["Una base de datos de propiedades en venta compartida entre corredores de bienes raíces", "Un registro de propiedades del gobierno", "Un sistema de solicitud de hipotecas", "Una base de datos de impuestos sobre propiedades"]', 0, 'The MLS is a cooperative database where real estate brokers share property listings and offer compensation to buyer''s agents.', 'El MLS es una base de datos cooperativa donde los corredores de bienes raíces comparten listados de propiedades y ofrecen compensación a los agentes de compradores.', true, '2026-01-14 22:36:58.982285', '2026-01-14 22:36:58.982285') ON CONFLICT (id) DO NOTHING;
INSERT INTO questions (id, category, topic, question_text_en, question_text_es, options_en, options_es, correct_answer, explanation_en, explanation_es, is_active, created_at, updated_at) VALUES ('783b271e-b616-4b5a-b5d5-78222dea053d', 'real_estate', NULL, 'What is the difference between a listing agent and a buyer''s agent?', '¿Cuál es la diferencia entre un agente de listado y un agente del comprador?', '["There is no difference", "A listing agent represents the seller, while a buyer''s agent represents the buyer", "A listing agent only works with commercial properties", "A buyer''s agent is not licensed"]', '["No hay diferencia", "Un agente de listado representa al vendedor, mientras que un agente del comprador representa al comprador", "Un agente de listado solo trabaja con propiedades comerciales", "Un agente del comprador no tiene licencia"]', 1, 'A listing agent represents the seller''s interests, while a buyer''s agent represents the buyer''s interests in a real estate transaction.', 'Un agente de listado representa los intereses del vendedor, mientras que un agente del comprador representa los intereses del comprador en una transacción inmobiliaria.', true, '2026-01-14 16:50:01.887447', '2026-01-14 16:50:01.887447') ON CONFLICT (id) DO NOTHING;
INSERT INTO questions (id, category, topic, question_text_en, question_text_es, options_en, options_es, correct_answer, explanation_en, explanation_es, is_active, created_at, updated_at) VALUES ('789fb61e-6686-472c-be73-b739cfa9c2e7', 'real_estate', NULL, 'What is eminent domain used for?', '¿Para qué se usa el dominio eminente?', '["Acquiring private property for public use such as roads, schools, or utilities", "Private development", "Personal use", "Commercial development only"]', '["Adquirir propiedad privada para uso público como carreteras, escuelas o servicios públicos", "Desarrollo privado", "Uso personal", "Solo desarrollo comercial"]', 0, 'Eminent domain allows government to take private property for public purposes like roads, utilities, and public buildings.', 'El dominio eminente permite al gobierno tomar propiedad privada para propósitos públicos como carreteras, servicios públicos y edificios públicos.', true, '2026-01-14 22:36:13.381357', '2026-01-14 22:36:13.381357') ON CONFLICT (id) DO NOTHING;
INSERT INTO questions (id, category, topic, question_text_en, question_text_es, options_en, options_es, correct_answer, explanation_en, explanation_es, is_active, created_at, updated_at) VALUES ('78b4703d-116d-451c-8ef2-a99b1eef7fc7', 'real_estate', NULL, 'What is a variance in zoning?', '¿Qué es una variación en zonificación?', '["Permission to deviate from zoning requirements", "A type of easement", "A deed restriction", "A building permit"]', '["Permiso para desviarse de los requisitos de zonificación", "Un tipo de servidumbre", "Una restricción de escritura", "Un permiso de construcción"]', 0, 'A variance is permission granted by a zoning board to deviate from strict zoning requirements due to hardship.', 'Una variación es un permiso otorgado por una junta de zonificación para desviarse de los requisitos estrictos de zonificación debido a dificultades.', true, '2026-01-14 22:36:13.350484', '2026-01-14 22:36:13.350484') ON CONFLICT (id) DO NOTHING;
INSERT INTO questions (id, category, topic, question_text_en, question_text_es, options_en, options_es, correct_answer, explanation_en, explanation_es, is_active, created_at, updated_at) VALUES ('7ac9c939-608a-46ac-bff5-d5c4dbea9789', 'real_estate', NULL, 'What is the difference between a fixed-rate and adjustable-rate mortgage?', '¿Cuál es la diferencia entre una hipoteca de tasa fija y una de tasa ajustable?', '["Fixed-rate stays the same; adjustable-rate can change over time", "They are exactly the same", "Fixed-rate is always higher", "Adjustable-rate never changes"]', '["La tasa fija permanece igual; la tasa ajustable puede cambiar con el tiempo", "Son exactamente iguales", "La tasa fija siempre es más alta", "La tasa ajustable nunca cambia"]', 0, 'A fixed-rate mortgage has a constant interest rate, while an adjustable-rate mortgage (ARM) has a rate that can change based on market conditions.', 'Una hipoteca de tasa fija tiene una tasa de interés constante, mientras que una hipoteca de tasa ajustable (ARM) tiene una tasa que puede cambiar según las condiciones del mercado.', true, '2026-01-14 22:36:13.113877', '2026-01-14 22:36:13.113877') ON CONFLICT (id) DO NOTHING;
INSERT INTO questions (id, category, topic, question_text_en, question_text_es, options_en, options_es, correct_answer, explanation_en, explanation_es, is_active, created_at, updated_at) VALUES ('7af7b07a-c1be-4872-a46f-eaae74549f77', 'real_estate', NULL, 'FHA loans are designed primarily for:', 'Los préstamos FHA están diseñados principalmente para:', '["First-time homebuyers and those with lower credit scores", "Wealthy investors", "Commercial properties only", "Vacation homes only"]', '["Compradores de vivienda por primera vez y aquellos con puntajes de crédito más bajos", "Inversionistas adinerados", "Solo propiedades comerciales", "Solo casas vacacionales"]', 0, 'FHA loans are designed to help first-time homebuyers and borrowers with lower credit scores or smaller down payments.', 'Los préstamos FHA están diseñados para ayudar a compradores de vivienda por primera vez y prestatarios con puntajes de crédito más bajos o pagos iniciales más pequeños.', true, '2026-01-14 22:36:13.11011', '2026-01-14 22:36:13.11011') ON CONFLICT (id) DO NOTHING;
INSERT INTO questions (id, category, topic, question_text_en, question_text_es, options_en, options_es, correct_answer, explanation_en, explanation_es, is_active, created_at, updated_at) VALUES ('7d1e54bd-c6c1-43ac-8894-ca0e8fbe413c', 'real_estate', NULL, 'The Third Party Financing Addendum specifies:', 'El Anexo de Financiamiento de Terceros especifica:', '["The buyer''s financing terms and conditions", "The seller''s existing mortgage", "The title company''s requirements", "The appraisal requirements"]', '["Los términos y condiciones de financiamiento del comprador", "La hipoteca existente del vendedor", "Los requisitos de la compañía de títulos", "Los requisitos de tasación"]', 0, 'The Third Party Financing Addendum outlines the buyer''s financing terms including loan type, amount, interest rate, and approval timeline.', 'El Anexo de Financiamiento de Terceros describe los términos de financiamiento del comprador incluyendo tipo de préstamo, monto, tasa de interés y plazo de aprobación.', true, '2026-01-14 22:36:13.088424', '2026-01-14 22:36:13.088424') ON CONFLICT (id) DO NOTHING;
INSERT INTO questions (id, category, topic, question_text_en, question_text_es, options_en, options_es, correct_answer, explanation_en, explanation_es, is_active, created_at, updated_at) VALUES ('7d219fec-40f3-4465-b1ae-54034fa3edcf', 'real_estate', NULL, 'Which of the following is NOT a TREC promulgated form?', '¿Cuál de los siguientes NO es un formulario promulgado por TREC?', '["Commercial lease agreement", "One to Four Family Residential Contract", "Seller''s Disclosure Notice", "Addendum for Property Subject to Mandatory Membership"]', '["Contrato de arrendamiento comercial", "Contrato Residencial de Una a Cuatro Familias", "Aviso de Divulgación del Vendedor", "Anexo para Propiedad Sujeta a Membresía Obligatoria"]', 0, 'Commercial lease agreements are not TREC promulgated forms; they are typically prepared by attorneys.', 'Los contratos de arrendamiento comercial no son formularios promulgados por TREC; típicamente son preparados por abogados.', true, '2026-01-14 22:36:13.078338', '2026-01-14 22:36:13.078338') ON CONFLICT (id) DO NOTHING;
INSERT INTO questions (id, category, topic, question_text_en, question_text_es, options_en, options_es, correct_answer, explanation_en, explanation_es, is_active, created_at, updated_at) VALUES ('7e6c5240-69cf-42ec-8538-beb047a8e871', 'real_estate', NULL, 'A sales agent''s license is automatically inactivated when:', 'La licencia de un agente de ventas se inactiva automáticamente cuando:', '["The sponsoring broker''s license expires or is revoked", "The agent moves to a different city", "The agent sells fewer than 3 properties per year", "The agent reaches age 65"]', '["La licencia del corredor patrocinador expira o es revocada", "El agente se muda a otra ciudad", "El agente vende menos de 3 propiedades por año", "El agente alcanza los 65 años"]', 0, 'A sales agent''s license is automatically placed on inactive status when their sponsoring broker''s license expires, is suspended, or is revoked.', 'La licencia de un agente de ventas se coloca automáticamente en estado inactivo cuando la licencia de su corredor patrocinador expira, se suspende o se revoca.', true, '2026-01-14 22:36:12.976013', '2026-01-14 22:36:12.976013') ON CONFLICT (id) DO NOTHING;
INSERT INTO questions (id, category, topic, question_text_en, question_text_es, options_en, options_es, correct_answer, explanation_en, explanation_es, is_active, created_at, updated_at) VALUES ('801d19ca-5e0f-4ec2-8cf2-19053ee93ee5', 'real_estate', NULL, 'What is blockbusting?', '¿Qué es el blockbusting?', '["Inducing panic selling by suggesting that protected classes are moving into an area", "Building large developments", "Buying foreclosed properties", "Investing in real estate"]', '["Inducir ventas por pánico sugiriendo que clases protegidas se están mudando a un área", "Construir grandes desarrollos", "Comprar propiedades en ejecución hipotecaria", "Invertir en bienes raíces"]', 0, 'Blockbusting is the illegal practice of inducing homeowners to sell by suggesting that members of protected classes are moving into the area.', 'El blockbusting es la práctica ilegal de inducir a propietarios a vender sugiriendo que miembros de clases protegidas se están mudando al área.', true, '2026-01-14 22:36:13.264653', '2026-01-14 22:36:13.264653') ON CONFLICT (id) DO NOTHING;
INSERT INTO questions (id, category, topic, question_text_en, question_text_es, options_en, options_es, correct_answer, explanation_en, explanation_es, is_active, created_at, updated_at) VALUES ('80c62493-0f47-46d8-b499-2f24f9ce3be3', 'real_estate', NULL, 'What is specific performance in a real estate contract?', '¿Qué es el cumplimiento específico en un contrato de bienes raíces?', '["A court order requiring the party to perform as agreed in the contract", "A penalty payment", "A contract cancellation", "A price reduction"]', '["Una orden judicial que requiere que la parte cumpla según lo acordado en el contrato", "Un pago de penalidad", "Una cancelación de contrato", "Una reducción de precio"]', 0, 'Specific performance is a legal remedy where the court orders a party to fulfill their contractual obligations.', 'El cumplimiento específico es un remedio legal donde el tribunal ordena a una parte cumplir con sus obligaciones contractuales.', true, '2026-01-14 22:36:13.092584', '2026-01-14 22:36:13.092584') ON CONFLICT (id) DO NOTHING;
INSERT INTO questions (id, category, topic, question_text_en, question_text_es, options_en, options_es, correct_answer, explanation_en, explanation_es, is_active, created_at, updated_at) VALUES ('815afd19-034d-4bfc-9a4c-830baf5575ed', 'real_estate', NULL, 'What is a subdivision?', '¿Qué es una subdivisión?', '["The division of land into smaller parcels for sale or development", "A type of zoning", "A mortgage", "A deed"]', '["La división de terreno en parcelas más pequeñas para venta o desarrollo", "Un tipo de zonificación", "Una hipoteca", "Una escritura"]', 0, 'A subdivision is the process of dividing a larger parcel of land into smaller lots for sale or development.', 'Una subdivisión es el proceso de dividir una parcela de terreno más grande en lotes más pequeños para venta o desarrollo.', true, '2026-01-14 22:36:13.369287', '2026-01-14 22:36:13.369287') ON CONFLICT (id) DO NOTHING;
INSERT INTO questions (id, category, topic, question_text_en, question_text_es, options_en, options_es, correct_answer, explanation_en, explanation_es, is_active, created_at, updated_at) VALUES ('83271e41-2513-49cd-9dae-4391baa3e9c1', 'real_estate', NULL, 'Under TREC rules, when must a license holder provide the Information About Brokerage Services form?', 'Según las reglas de TREC, ¿cuándo debe un titular de licencia proporcionar el formulario de Información Sobre Servicios de Corretaje?', '["At first substantive dialogue", "After signing a listing agreement", "At closing", "When asked by the client"]', '["En el primer diálogo sustancial", "Después de firmar un acuerdo de listado", "Al cierre", "Cuando el cliente lo solicite"]', 0, 'The Information About Brokerage Services form must be provided at the first substantive dialogue with a prospective buyer or seller.', 'El formulario de Información Sobre Servicios de Corretaje debe proporcionarse en el primer diálogo sustancial con un posible comprador o vendedor.', true, '2026-01-14 22:36:12.946354', '2026-01-14 22:36:12.946354') ON CONFLICT (id) DO NOTHING;
INSERT INTO questions (id, category, topic, question_text_en, question_text_es, options_en, options_es, correct_answer, explanation_en, explanation_es, is_active, created_at, updated_at) VALUES ('8604fe27-b9a8-456e-88e1-66bde64a2ed0', 'real_estate', NULL, 'What is the loan-to-value ratio (LTV)?', '¿Qué es la relación préstamo-valor (LTV)?', '["The loan amount divided by the property''s appraised value", "The interest rate on the loan", "The monthly payment amount", "The closing costs"]', '["El monto del préstamo dividido por el valor tasado de la propiedad", "La tasa de interés del préstamo", "El monto del pago mensual", "Los costos de cierre"]', 0, 'LTV is calculated by dividing the loan amount by the property''s appraised value, expressed as a percentage.', 'El LTV se calcula dividiendo el monto del préstamo por el valor tasado de la propiedad, expresado como porcentaje.', true, '2026-01-14 22:36:13.097813', '2026-01-14 22:36:13.097813') ON CONFLICT (id) DO NOTHING;
INSERT INTO questions (id, category, topic, question_text_en, question_text_es, options_en, options_es, correct_answer, explanation_en, explanation_es, is_active, created_at, updated_at) VALUES ('8624b56f-2e8d-4e0d-a040-8b9254d8abd1', 'real_estate', NULL, 'The Seller''s Disclosure Notice in Texas must disclose:', 'El Aviso de Divulgación del Vendedor en Texas debe divulgar:', '["Known defects and conditions affecting the property", "The seller''s reason for selling", "The purchase price paid by the seller", "Future development plans in the area"]', '["Defectos y condiciones conocidas que afectan la propiedad", "La razón del vendedor para vender", "El precio de compra pagado por el vendedor", "Planes de desarrollo futuro en el área"]', 0, 'The Seller''s Disclosure Notice requires sellers to disclose known defects and conditions that materially affect the property.', 'El Aviso de Divulgación del Vendedor requiere que los vendedores divulguen defectos y condiciones conocidas que afectan materialmente la propiedad.', true, '2026-01-14 22:36:13.081182', '2026-01-14 22:36:13.081182') ON CONFLICT (id) DO NOTHING;
INSERT INTO questions (id, category, topic, question_text_en, question_text_es, options_en, options_es, correct_answer, explanation_en, explanation_es, is_active, created_at, updated_at) VALUES ('868769dd-a6a2-4c67-a772-853481d49d12', 'real_estate', NULL, 'In Texas, a sales agent must work under:', 'En Texas, un agente de ventas debe trabajar bajo:', '["A licensed broker", "Another sales agent", "TREC directly", "The Texas Association of Realtors"]', '["Un corredor licenciado", "Otro agente de ventas", "TREC directamente", "La Asociación de Realtors de Texas"]', 0, 'All Texas sales agents must be sponsored by and work under a licensed broker.', 'Todos los agentes de ventas de Texas deben ser patrocinados y trabajar bajo un corredor licenciado.', true, '2026-01-14 22:36:13.436209', '2026-01-14 22:36:13.436209') ON CONFLICT (id) DO NOTHING;
INSERT INTO questions (id, category, topic, question_text_en, question_text_es, options_en, options_es, correct_answer, explanation_en, explanation_es, is_active, created_at, updated_at) VALUES ('8969f8a7-416b-4ecf-af83-c23fc26e3461', 'real_estate', NULL, 'What organization administers the Texas real estate license exam?', '¿Qué organización administra el examen de licencia de bienes raíces de Texas?', '["Pearson VUE", "TREC directly", "Texas Association of Realtors", "National Association of Realtors"]', '["Pearson VUE", "TREC directamente", "Asociación de Realtors de Texas", "Asociación Nacional de Realtors"]', 0, 'Pearson VUE administers the Texas real estate license examination on behalf of TREC.', 'Pearson VUE administra el examen de licencia de bienes raíces de Texas en nombre de TREC.', true, '2026-01-14 22:36:12.942468', '2026-01-14 22:36:12.942468') ON CONFLICT (id) DO NOTHING;
INSERT INTO questions (id, category, topic, question_text_en, question_text_es, options_en, options_es, correct_answer, explanation_en, explanation_es, is_active, created_at, updated_at) VALUES ('896f4948-32f8-4b55-98e5-f588a323a8ee', 'real_estate', NULL, 'What are the duties of a fiduciary in a real estate transaction?', '¿Cuáles son los deberes de un fiduciario en una transacción de bienes raíces?', '["Obedience, loyalty, disclosure, confidentiality, accounting, and reasonable care", "Only to complete the sale", "To maximize the agent''s commission", "To keep all information confidential from all parties"]', '["Obediencia, lealtad, divulgación, confidencialidad, contabilidad y cuidado razonable", "Solo completar la venta", "Maximizar la comisión del agente", "Mantener toda la información confidencial de todas las partes"]', 0, 'Fiduciary duties include obedience, loyalty, disclosure, confidentiality, accounting, and reasonable care (OLD CAR).', 'Los deberes fiduciarios incluyen obediencia, lealtad, divulgación, confidencialidad, contabilidad y cuidado razonable.', true, '2026-01-14 22:36:13.01033', '2026-01-14 22:36:13.01033') ON CONFLICT (id) DO NOTHING;
INSERT INTO questions (id, category, topic, question_text_en, question_text_es, options_en, options_es, correct_answer, explanation_en, explanation_es, is_active, created_at, updated_at) VALUES ('89e1df8f-6267-40fa-8df4-738774d2268f', 'real_estate', NULL, 'What is a walk-through inspection?', '¿Qué es una inspección de recorrido final?', '["A final inspection by the buyer before closing to verify property condition", "The initial home inspection", "The appraisal", "The title search"]', '["Una inspección final por el comprador antes del cierre para verificar la condición de la propiedad", "La inspección inicial de la casa", "La tasación", "La búsqueda de título"]', 0, 'The walk-through is a final inspection before closing to verify the property is in the agreed-upon condition.', 'El recorrido final es una inspección final antes del cierre para verificar que la propiedad está en la condición acordada.', true, '2026-01-14 22:36:13.328817', '2026-01-14 22:36:13.328817') ON CONFLICT (id) DO NOTHING;
INSERT INTO questions (id, category, topic, question_text_en, question_text_es, options_en, options_es, correct_answer, explanation_en, explanation_es, is_active, created_at, updated_at) VALUES ('8bf6fb13-7186-4e0f-bbde-86d2ec5a91e9', 'real_estate', NULL, 'What type of lease has a specific beginning and ending date?', '¿Qué tipo de arrendamiento tiene una fecha específica de inicio y fin?', '["Estate for years", "Estate at will", "Estate at sufferance", "Periodic tenancy"]', '["Patrimonio por años", "Patrimonio a voluntad", "Patrimonio por tolerancia", "Tenencia periódica"]', 0, 'An estate for years is a lease with a definite beginning and ending date, regardless of actual duration.', 'Un patrimonio por años es un arrendamiento con una fecha de inicio y fin definida, independientemente de la duración real.', true, '2026-01-14 22:36:13.404192', '2026-01-14 22:36:13.404192') ON CONFLICT (id) DO NOTHING;
INSERT INTO questions (id, category, topic, question_text_en, question_text_es, options_en, options_es, correct_answer, explanation_en, explanation_es, is_active, created_at, updated_at) VALUES ('8c3354a1-bcda-4384-8e2d-8c45a9993728', 'real_estate', NULL, 'What is constructive eviction?', '¿Qué es el desalojo constructivo?', '["When a landlord''s actions or neglect make the property uninhabitable, forcing the tenant to leave", "A formal eviction notice", "A lease termination by the tenant", "A court-ordered eviction"]', '["Cuando las acciones o negligencia del arrendador hacen la propiedad inhabitable, forzando al inquilino a irse", "Un aviso formal de desalojo", "Una terminación de arrendamiento por el inquilino", "Un desalojo ordenado por el tribunal"]', 0, 'Constructive eviction occurs when the landlord''s actions or failure to act renders the property uninhabitable.', 'El desalojo constructivo ocurre cuando las acciones del arrendador o la falta de actuar hacen la propiedad inhabitable.', true, '2026-01-14 22:36:13.418124', '2026-01-14 22:36:13.418124') ON CONFLICT (id) DO NOTHING;
INSERT INTO questions (id, category, topic, question_text_en, question_text_es, options_en, options_es, correct_answer, explanation_en, explanation_es, is_active, created_at, updated_at) VALUES ('8cdc6094-7133-4566-8fec-001302ca2e75', 'real_estate', NULL, 'What is amortization?', '¿Qué es la amortización?', '["The gradual repayment of a loan through scheduled payments", "The increase in property value", "A type of insurance", "A closing cost"]', '["El pago gradual de un préstamo a través de pagos programados", "El aumento en el valor de la propiedad", "Un tipo de seguro", "Un costo de cierre"]', 0, 'Amortization is the process of paying off a loan over time through regular principal and interest payments.', 'La amortización es el proceso de pagar un préstamo a lo largo del tiempo mediante pagos regulares de principal e intereses.', true, '2026-01-14 18:28:35.406838', '2026-01-14 18:28:35.406838') ON CONFLICT (id) DO NOTHING;
INSERT INTO questions (id, category, topic, question_text_en, question_text_es, options_en, options_es, correct_answer, explanation_en, explanation_es, is_active, created_at, updated_at) VALUES ('8d815a2e-6ba1-40a1-9838-c33e4fa10802', 'real_estate', NULL, 'What is equity in a home?', '¿Qué es el patrimonio en una vivienda?', '["The difference between the property''s market value and the amount owed on it", "The mortgage balance", "The monthly payment", "The interest rate"]', '["La diferencia entre el valor de mercado de la propiedad y el monto adeudado", "El saldo de la hipoteca", "El pago mensual", "La tasa de interés"]', 0, 'Home equity is the difference between what the home is worth and what is still owed on the mortgage.', 'El patrimonio de la vivienda es la diferencia entre lo que vale la casa y lo que aún se debe de la hipoteca.', true, '2026-01-14 22:36:13.149905', '2026-01-14 22:36:13.149905') ON CONFLICT (id) DO NOTHING;
INSERT INTO questions (id, category, topic, question_text_en, question_text_es, options_en, options_es, correct_answer, explanation_en, explanation_es, is_active, created_at, updated_at) VALUES ('8f128cbe-a13b-461d-9c34-cb02069b4705', 'real_estate', NULL, 'What is a home inspection?', '¿Qué es una inspección de vivienda?', '["A professional evaluation of the home''s physical condition", "An appraisal", "A title search", "A survey"]', '["Una evaluación profesional de la condición física de la casa", "Una tasación", "Una búsqueda de título", "Un levantamiento topográfico"]', 0, 'A home inspection is a professional evaluation of a property''s physical condition, typically including structure, systems, and components.', 'Una inspección de vivienda es una evaluación profesional de la condición física de una propiedad, típicamente incluyendo estructura, sistemas y componentes.', true, '2026-01-14 22:36:13.227091', '2026-01-14 22:36:13.227091') ON CONFLICT (id) DO NOTHING;
INSERT INTO questions (id, category, topic, question_text_en, question_text_es, options_en, options_es, correct_answer, explanation_en, explanation_es, is_active, created_at, updated_at) VALUES ('93175a54-7c58-4420-9f25-4746ac5037c5', 'real_estate', NULL, 'What is the difference between a mortgage and a deed of trust?', '¿Cuál es la diferencia entre una hipoteca y un fideicomiso de título?', '["A deed of trust involves a third-party trustee; a mortgage is between borrower and lender only", "They are identical", "Mortgages are for commercial property only", "Deeds of trust are for residential only"]', '["Un fideicomiso de título involucra un fideicomisario tercero; una hipoteca es solo entre prestatario y prestamista", "Son idénticos", "Las hipotecas son solo para propiedades comerciales", "Los fideicomisos de título son solo para residenciales"]', 0, 'A deed of trust involves three parties (borrower, lender, and trustee), while a mortgage is a two-party agreement.', 'Un fideicomiso de título involucra tres partes (prestatario, prestamista y fideicomisario), mientras que una hipoteca es un acuerdo de dos partes.', true, '2026-01-14 22:36:58.876305', '2026-01-14 22:36:58.876305') ON CONFLICT (id) DO NOTHING;
INSERT INTO questions (id, category, topic, question_text_en, question_text_es, options_en, options_es, correct_answer, explanation_en, explanation_es, is_active, created_at, updated_at) VALUES ('93bedb7e-12a8-4bdf-bf57-61c6d32c45bb', 'real_estate', NULL, 'What is the purpose of earnest money in a real estate transaction?', '¿Cuál es el propósito del dinero de garantía en una transacción de bienes raíces?', '["To show the buyer''s good faith and serious intent to purchase", "To pay the agent''s commission", "To cover closing costs", "To pay property taxes"]', '["Mostrar la buena fe del comprador y la intención seria de comprar", "Pagar la comisión del agente", "Cubrir los costos de cierre", "Pagar impuestos sobre la propiedad"]', 0, 'Earnest money demonstrates the buyer''s good faith commitment to complete the purchase.', 'El dinero de garantía demuestra el compromiso de buena fe del comprador de completar la compra.', true, '2026-01-14 22:36:13.055916', '2026-01-14 22:36:13.055916') ON CONFLICT (id) DO NOTHING;
INSERT INTO questions (id, category, topic, question_text_en, question_text_es, options_en, options_es, correct_answer, explanation_en, explanation_es, is_active, created_at, updated_at) VALUES ('9406185b-4abc-4bbe-8265-b03f64bdee53', 'real_estate', NULL, 'What is a triple net (NNN) lease?', '¿Qué es un arrendamiento triple neto (NNN)?', '["A lease where the tenant pays rent plus property taxes, insurance, and maintenance", "A lease with three tenants", "A three-year lease", "A residential lease type"]', '["Un arrendamiento donde el inquilino paga alquiler más impuestos sobre la propiedad, seguro y mantenimiento", "Un arrendamiento con tres inquilinos", "Un arrendamiento de tres años", "Un tipo de arrendamiento residencial"]', 0, 'A triple net lease requires the tenant to pay base rent plus property taxes, insurance, and maintenance costs.', 'Un arrendamiento triple neto requiere que el inquilino pague alquiler base más impuestos sobre la propiedad, seguro y costos de mantenimiento.', true, '2026-01-14 22:36:13.413638', '2026-01-14 22:36:13.413638') ON CONFLICT (id) DO NOTHING;
INSERT INTO questions (id, category, topic, question_text_en, question_text_es, options_en, options_es, correct_answer, explanation_en, explanation_es, is_active, created_at, updated_at) VALUES ('942fbab7-7727-4477-9547-3ec8f014620c', 'real_estate', NULL, 'The cost approach to value is based on:', 'El enfoque de costo para el valor se basa en:', '["The cost to replace or reproduce the property minus depreciation, plus land value", "Comparable sales only", "Rental income", "Tax assessments"]', '["El costo de reemplazar o reproducir la propiedad menos depreciación, más valor del terreno", "Solo ventas comparables", "Ingresos por alquiler", "Evaluaciones fiscales"]', 0, 'The cost approach estimates value by calculating the cost to replace the improvements, subtracting depreciation, and adding land value.', 'El enfoque de costo estima el valor calculando el costo de reemplazar las mejoras, restando la depreciación y agregando el valor del terreno.', true, '2026-01-14 22:36:13.17662', '2026-01-14 22:36:13.17662') ON CONFLICT (id) DO NOTHING;
INSERT INTO questions (id, category, topic, question_text_en, question_text_es, options_en, options_es, correct_answer, explanation_en, explanation_es, is_active, created_at, updated_at) VALUES ('9564ace7-cbd2-42f6-b270-a8b653a9ffff', 'real_estate', NULL, 'Under Texas law, sellers must disclose:', 'Según la ley de Texas, los vendedores deben divulgar:', '["Known material defects affecting the property", "The original purchase price", "Names of previous owners", "Future development plans nearby"]', '["Defectos materiales conocidos que afectan la propiedad", "El precio de compra original", "Nombres de propietarios anteriores", "Planes de desarrollo futuro cercanos"]', 0, 'Texas law requires sellers to disclose known material defects that could affect the property''s value or the buyer''s decision.', 'La ley de Texas requiere que los vendedores divulguen defectos materiales conocidos que podrían afectar el valor de la propiedad o la decisión del comprador.', true, '2026-01-14 22:36:13.214022', '2026-01-14 22:36:13.214022') ON CONFLICT (id) DO NOTHING;
INSERT INTO questions (id, category, topic, question_text_en, question_text_es, options_en, options_es, correct_answer, explanation_en, explanation_es, is_active, created_at, updated_at) VALUES ('957083e2-10bc-4ebd-9e34-2b993f1e77d4', 'real_estate', NULL, 'What is the maximum penalty TREC can assess for a single violation of the Real Estate License Act?', '¿Cuál es la penalidad máxima que TREC puede imponer por una sola violación de la Ley de Licencias de Bienes Raíces?', '["$5,000", "$10,000", "$1,000", "$25,000"]', '["$5,000", "$10,000", "$1,000", "$25,000"]', 0, 'TREC can assess an administrative penalty of up to $5,000 for each violation of the Real Estate License Act.', 'TREC puede imponer una penalidad administrativa de hasta $5,000 por cada violación de la Ley de Licencias de Bienes Raíces.', true, '2026-01-14 22:36:12.950906', '2026-01-14 22:36:12.950906') ON CONFLICT (id) DO NOTHING;
INSERT INTO questions (id, category, topic, question_text_en, question_text_es, options_en, options_es, correct_answer, explanation_en, explanation_es, is_active, created_at, updated_at) VALUES ('957d36c0-5388-4a3d-9313-c90316397d7a', 'real_estate', NULL, 'Under TREC rules, how many hours of continuing education are required for license renewal?', 'Según las reglas de TREC, ¿cuántas horas de educación continua se requieren para la renovación de licencia?', '["18 hours", "30 hours", "15 hours", "24 hours"]', '["18 horas", "30 horas", "15 horas", "24 horas"]', 0, 'TREC requires 18 hours of continuing education for license renewal, including specific legal and ethics hours.', 'TREC requiere 18 horas de educación continua para la renovación de licencia, incluyendo horas específicas de legal y ética.', true, '2026-01-14 22:36:12.911658', '2026-01-14 22:36:12.911658') ON CONFLICT (id) DO NOTHING;
INSERT INTO questions (id, category, topic, question_text_en, question_text_es, options_en, options_es, correct_answer, explanation_en, explanation_es, is_active, created_at, updated_at) VALUES ('95bb3cce-a3ff-48ca-a6a1-a3becb98b64a', 'real_estate', NULL, 'What happens if a buyer defaults on a real estate contract?', '¿Qué sucede si un comprador incumple un contrato de bienes raíces?', '["The seller may keep the earnest money as liquidated damages", "Nothing happens", "The buyer automatically gets a refund", "The seller must still sell"]', '["El vendedor puede quedarse con el dinero de garantía como daños liquidados", "No pasa nada", "El comprador obtiene un reembolso automáticamente", "El vendedor aún debe vender"]', 0, 'If the buyer defaults, the seller typically may keep the earnest money as liquidated damages as specified in the contract.', 'Si el comprador incumple, el vendedor típicamente puede quedarse con el dinero de garantía como daños liquidados según lo especificado en el contrato.', true, '2026-01-14 22:36:13.075487', '2026-01-14 22:36:13.075487') ON CONFLICT (id) DO NOTHING;
INSERT INTO questions (id, category, topic, question_text_en, question_text_es, options_en, options_es, correct_answer, explanation_en, explanation_es, is_active, created_at, updated_at) VALUES ('979d1530-5d80-4d89-9791-3b65e8855c29', 'real_estate', NULL, 'What is the minimum age requirement to obtain a Texas real estate sales agent license?', '¿Cuál es el requisito de edad mínima para obtener una licencia de agente de ventas de bienes raíces en Texas?', '["18 years old", "21 years old", "25 years old", "16 years old"]', '["18 años", "21 años", "25 años", "16 años"]', 0, 'Texas requires applicants to be at least 18 years of age to obtain a real estate sales agent license.', 'Texas requiere que los solicitantes tengan al menos 18 años de edad para obtener una licencia de agente de ventas de bienes raíces.', true, '2026-01-14 22:36:12.929695', '2026-01-14 22:36:12.929695') ON CONFLICT (id) DO NOTHING;
INSERT INTO questions (id, category, topic, question_text_en, question_text_es, options_en, options_es, correct_answer, explanation_en, explanation_es, is_active, created_at, updated_at) VALUES ('9814c66f-0f8d-40c7-be60-05b4a87cccdf', 'real_estate', NULL, 'What is market value?', '¿Qué es el valor de mercado?', '["The most probable price a property would bring in a competitive market", "The asking price", "The tax assessed value", "The original purchase price"]', '["El precio más probable que una propiedad obtendría en un mercado competitivo", "El precio de venta", "El valor tasado para impuestos", "El precio de compra original"]', 0, 'Market value is the most probable price a property would sell for in a competitive, open market with informed buyers and sellers.', 'El valor de mercado es el precio más probable por el que una propiedad se vendería en un mercado competitivo y abierto con compradores y vendedores informados.', true, '2026-01-14 22:36:13.205771', '2026-01-14 22:36:13.205771') ON CONFLICT (id) DO NOTHING;
INSERT INTO questions (id, category, topic, question_text_en, question_text_es, options_en, options_es, correct_answer, explanation_en, explanation_es, is_active, created_at, updated_at) VALUES ('984dc748-ac25-403a-b509-1264c49dac4b', 'real_estate', NULL, 'What is a prepayment penalty?', '¿Qué es una penalidad por pago anticipado?', '["A fee charged for paying off a loan before its maturity date", "A late payment fee", "The interest rate", "The down payment"]', '["Una tarifa cobrada por pagar un préstamo antes de su fecha de vencimiento", "Una tarifa por pago atrasado", "La tasa de interés", "El pago inicial"]', 0, 'A prepayment penalty is a fee charged to a borrower who pays off their loan before the scheduled maturity date.', 'Una penalidad por pago anticipado es una tarifa cobrada a un prestatario que paga su préstamo antes de la fecha de vencimiento programada.', true, '2026-01-14 22:36:13.14033', '2026-01-14 22:36:13.14033') ON CONFLICT (id) DO NOTHING;
INSERT INTO questions (id, category, topic, question_text_en, question_text_es, options_en, options_es, correct_answer, explanation_en, explanation_es, is_active, created_at, updated_at) VALUES ('9a816e7e-49e7-4b9b-9b93-2b456e431de6', 'real_estate', NULL, 'What is PITI in mortgage terms?', '¿Qué es PITI en términos hipotecarios?', '["Principal, Interest, Taxes, and Insurance", "Property Income Tax Interest", "Payment Interest Total Index", "Principal Investment Tax Interest"]', '["Principal, Interés, Impuestos y Seguro", "Interés de Impuesto sobre Ingresos de Propiedad", "Índice Total de Interés de Pago", "Interés de Impuesto de Inversión Principal"]', 0, 'PITI represents the four components of a typical monthly mortgage payment: Principal, Interest, Taxes, and Insurance.', 'PITI representa los cuatro componentes de un pago hipotecario mensual típico: Principal, Interés, Impuestos y Seguro.', true, '2026-01-14 22:36:13.119501', '2026-01-14 22:36:13.119501') ON CONFLICT (id) DO NOTHING;
INSERT INTO questions (id, category, topic, question_text_en, question_text_es, options_en, options_es, correct_answer, explanation_en, explanation_es, is_active, created_at, updated_at) VALUES ('9af67bac-c95f-49ba-b6f9-003de0ce1637', 'real_estate', NULL, 'What is a short sale?', '¿Qué es una venta corta?', '["A sale where the proceeds are less than the mortgage balance", "A quick property sale", "A sale without an agent", "A foreclosure auction"]', '["Una venta donde los ingresos son menos que el saldo de la hipoteca", "Una venta rápida de propiedad", "Una venta sin agente", "Una subasta de ejecución hipotecaria"]', 0, 'A short sale occurs when a property is sold for less than the outstanding mortgage balance, with lender approval.', 'Una venta corta ocurre cuando una propiedad se vende por menos que el saldo pendiente de la hipoteca, con aprobación del prestamista.', true, '2026-01-14 18:28:35.490409', '2026-01-14 18:28:35.490409') ON CONFLICT (id) DO NOTHING;
INSERT INTO questions (id, category, topic, question_text_en, question_text_es, options_en, options_es, correct_answer, explanation_en, explanation_es, is_active, created_at, updated_at) VALUES ('9b767710-5cfe-4e02-8413-a36a3d7deb2f', 'real_estate', NULL, 'What is a settlement statement?', '¿Qué es una declaración de liquidación?', '["A document itemizing all costs and credits for buyer and seller at closing", "A loan application", "A purchase offer", "A listing agreement"]', '["Un documento que detalla todos los costos y créditos para comprador y vendedor en el cierre", "Una solicitud de préstamo", "Una oferta de compra", "Un acuerdo de listado"]', 0, 'The settlement statement (Closing Disclosure) itemizes all financial aspects of the transaction for both parties.', 'La declaración de liquidación (Divulgación de Cierre) detalla todos los aspectos financieros de la transacción para ambas partes.', true, '2026-01-14 22:36:13.315565', '2026-01-14 22:36:13.315565') ON CONFLICT (id) DO NOTHING;
INSERT INTO questions (id, category, topic, question_text_en, question_text_es, options_en, options_es, correct_answer, explanation_en, explanation_es, is_active, created_at, updated_at) VALUES ('9cb9b774-e98e-4f3e-99e7-6f627804c599', 'real_estate', NULL, 'Under Texas law, how long does a landlord have to return a security deposit after move-out?', 'Según la ley de Texas, ¿cuánto tiempo tiene un arrendador para devolver un depósito de seguridad después de la mudanza?', '["30 days", "15 days", "60 days", "90 days"]', '["30 días", "15 días", "60 días", "90 días"]', 0, 'Texas law requires landlords to return security deposits within 30 days after the tenant surrenders the property.', 'La ley de Texas requiere que los arrendadores devuelvan los depósitos de seguridad dentro de 30 días después de que el inquilino entregue la propiedad.', true, '2026-01-14 22:36:13.39465', '2026-01-14 22:36:13.39465') ON CONFLICT (id) DO NOTHING;
INSERT INTO questions (id, category, topic, question_text_en, question_text_es, options_en, options_es, correct_answer, explanation_en, explanation_es, is_active, created_at, updated_at) VALUES ('9da1a053-559c-4169-ba96-3b1424bb0831', 'real_estate', NULL, 'What is an environmental impact assessment?', '¿Qué es una evaluación de impacto ambiental?', '["An evaluation of how a proposed development may affect the environment", "A property appraisal", "A home inspection", "A title search"]', '["Una evaluación de cómo un desarrollo propuesto puede afectar el medio ambiente", "Una tasación de propiedad", "Una inspección de casa", "Una búsqueda de título"]', 0, 'An environmental impact assessment evaluates the potential environmental effects of a proposed development project.', 'Una evaluación de impacto ambiental evalúa los efectos ambientales potenciales de un proyecto de desarrollo propuesto.', true, '2026-01-14 22:36:13.378234', '2026-01-14 22:36:13.378234') ON CONFLICT (id) DO NOTHING;
INSERT INTO questions (id, category, topic, question_text_en, question_text_es, options_en, options_es, correct_answer, explanation_en, explanation_es, is_active, created_at, updated_at) VALUES ('9f978652-b959-4811-ad49-e2439a215f67', 'real_estate', NULL, 'What is a dry closing?', '¿Qué es un cierre en seco?', '["A closing where documents are signed but funds are not yet disbursed", "A closing without a title company", "A closing without agents present", "A remote closing"]', '["Un cierre donde los documentos se firman pero los fondos aún no se desembolsan", "Un cierre sin compañía de títulos", "Un cierre sin agentes presentes", "Un cierre remoto"]', 0, 'A dry closing occurs when all documents are signed, but the funds are not disbursed until a later time.', 'Un cierre en seco ocurre cuando todos los documentos se firman, pero los fondos no se desembolsan hasta un momento posterior.', true, '2026-01-14 22:36:13.338356', '2026-01-14 22:36:13.338356') ON CONFLICT (id) DO NOTHING;
INSERT INTO questions (id, category, topic, question_text_en, question_text_es, options_en, options_es, correct_answer, explanation_en, explanation_es, is_active, created_at, updated_at) VALUES ('a028a7f8-8a8e-473e-8624-39c229e3b2d8', 'real_estate', NULL, 'What is steering in real estate?', '¿Qué es el steering en bienes raíces?', '["Directing buyers to or away from certain neighborhoods based on protected classes", "A sales technique", "A closing procedure", "A marketing strategy"]', '["Dirigir a compradores hacia o lejos de ciertos vecindarios basándose en clases protegidas", "Una técnica de ventas", "Un procedimiento de cierre", "Una estrategia de mercadeo"]', 0, 'Steering is an illegal practice of guiding prospective buyers toward or away from neighborhoods based on race or other protected characteristics.', 'El steering es una práctica ilegal de guiar a compradores potenciales hacia o lejos de vecindarios basándose en raza u otras características protegidas.', true, '2026-01-14 18:28:35.535576', '2026-01-14 18:28:35.535576') ON CONFLICT (id) DO NOTHING;
INSERT INTO questions (id, category, topic, question_text_en, question_text_es, options_en, options_es, correct_answer, explanation_en, explanation_es, is_active, created_at, updated_at) VALUES ('a25f2eda-d754-40cb-9fca-f07af123bf18', 'real_estate', NULL, 'What is the statute of frauds?', '¿Qué es el estatuto de fraudes?', '["A law requiring certain contracts to be in writing", "A criminal law", "A zoning regulation", "A licensing requirement"]', '["Una ley que requiere que ciertos contratos estén por escrito", "Una ley penal", "Una regulación de zonificación", "Un requisito de licencia"]', 0, 'The statute of frauds requires that real estate contracts must be in writing to be enforceable.', 'El estatuto de fraudes requiere que los contratos inmobiliarios deben estar por escrito para ser ejecutables.', true, '2026-01-14 18:28:35.422998', '2026-01-14 18:28:35.422998') ON CONFLICT (id) DO NOTHING;
INSERT INTO questions (id, category, topic, question_text_en, question_text_es, options_en, options_es, correct_answer, explanation_en, explanation_es, is_active, created_at, updated_at) VALUES ('a2c00d73-ec99-4270-955d-28ccda57f0ee', 'real_estate', NULL, 'What is a VA loan?', '¿Qué es un préstamo VA?', '["A loan guaranteed by the Department of Veterans Affairs for eligible veterans", "A loan from Virginia", "A variable adjustment loan", "A vacation home loan"]', '["Un préstamo garantizado por el Departamento de Asuntos de Veteranos para veteranos elegibles", "Un préstamo de Virginia", "Un préstamo de ajuste variable", "Un préstamo para casa vacacional"]', 0, 'VA loans are guaranteed by the U.S. Department of Veterans Affairs and available to eligible military veterans and their families.', 'Los préstamos VA son garantizados por el Departamento de Asuntos de Veteranos de EE.UU. y están disponibles para veteranos militares elegibles y sus familias.', true, '2026-01-14 22:36:13.124723', '2026-01-14 22:36:13.124723') ON CONFLICT (id) DO NOTHING;
INSERT INTO questions (id, category, topic, question_text_en, question_text_es, options_en, options_es, correct_answer, explanation_en, explanation_es, is_active, created_at, updated_at) VALUES ('a4cdedf6-6009-4741-b490-478c811ca9be', 'real_estate', NULL, 'Which of the following activities requires a real estate license in Texas?', '¿Cuál de las siguientes actividades requiere una licencia de bienes raíces en Texas?', '["Negotiating a lease for another person for compensation", "Managing your own property", "Selling your own home", "Appraising property"]', '["Negociar un arrendamiento para otra persona por compensación", "Administrar su propia propiedad", "Vender su propia casa", "Tasar propiedades"]', 0, 'Negotiating a lease or sale of real property for another person for compensation requires a Texas real estate license.', 'Negociar un arrendamiento o venta de bienes inmuebles para otra persona por compensación requiere una licencia de bienes raíces de Texas.', true, '2026-01-14 22:36:12.986408', '2026-01-14 22:36:12.986408') ON CONFLICT (id) DO NOTHING;
INSERT INTO questions (id, category, topic, question_text_en, question_text_es, options_en, options_es, correct_answer, explanation_en, explanation_es, is_active, created_at, updated_at) VALUES ('a52ad124-e0e7-45b1-a83f-8f19ce5e6d7b', 'real_estate', NULL, 'What is amortization in a mortgage?', '¿Qué es la amortización en una hipoteca?', '["The process of paying off a loan through regular payments over time", "The interest calculation", "The appraisal process", "The closing process"]', '["El proceso de pagar un préstamo a través de pagos regulares con el tiempo", "El cálculo de interés", "El proceso de tasación", "El proceso de cierre"]', 0, 'Amortization is the process of gradually paying off a mortgage through scheduled periodic payments.', 'La amortización es el proceso de pagar gradualmente una hipoteca a través de pagos periódicos programados.', true, '2026-01-14 22:36:13.156176', '2026-01-14 22:36:13.156176') ON CONFLICT (id) DO NOTHING;
INSERT INTO questions (id, category, topic, question_text_en, question_text_es, options_en, options_es, correct_answer, explanation_en, explanation_es, is_active, created_at, updated_at) VALUES ('a547328d-39a6-4a4f-a4ae-383bcfc28208', 'real_estate', NULL, 'What is steering in real estate?', '¿Qué es el direccionamiento en bienes raíces?', '["Directing buyers to or away from certain neighborhoods based on protected characteristics", "Guiding buyers through the purchase process", "Marketing properties online", "Setting property prices"]', '["Dirigir compradores hacia o lejos de ciertos vecindarios basándose en características protegidas", "Guiar compradores a través del proceso de compra", "Comercializar propiedades en línea", "Establecer precios de propiedades"]', 0, 'Steering is the illegal practice of directing buyers toward or away from neighborhoods based on race or other protected characteristics.', 'El direccionamiento es la práctica ilegal de dirigir compradores hacia o lejos de vecindarios basándose en raza u otras características protegidas.', true, '2026-01-14 22:36:13.260443', '2026-01-14 22:36:13.260443') ON CONFLICT (id) DO NOTHING;
INSERT INTO questions (id, category, topic, question_text_en, question_text_es, options_en, options_es, correct_answer, explanation_en, explanation_es, is_active, created_at, updated_at) VALUES ('a7d86b10-2756-4730-8cfb-0d59b0116263', 'real_estate', NULL, 'What document transfers title from seller to buyer?', '¿Qué documento transfiere el título del vendedor al comprador?', '["The deed", "The mortgage", "The note", "The title insurance policy"]', '["La escritura", "La hipoteca", "El pagaré", "La póliza de seguro de título"]', 0, 'The deed is the legal document that transfers ownership of real property from the seller to the buyer.', 'La escritura es el documento legal que transfiere la propiedad de bienes inmuebles del vendedor al comprador.', true, '2026-01-14 22:36:13.311183', '2026-01-14 22:36:13.311183') ON CONFLICT (id) DO NOTHING;
INSERT INTO questions (id, category, topic, question_text_en, question_text_es, options_en, options_es, correct_answer, explanation_en, explanation_es, is_active, created_at, updated_at) VALUES ('aa93425e-8aae-4ce3-a70e-a959316ae669', 'real_estate', NULL, 'What is an encumbrance on property?', '¿Qué es un gravamen sobre la propiedad?', '["Any claim or restriction that affects the property''s use or value", "An increase in property value", "A type of mortgage", "A property improvement"]', '["Cualquier reclamo o restricción que afecta el uso o valor de la propiedad", "Un aumento en el valor de la propiedad", "Un tipo de hipoteca", "Una mejora de propiedad"]', 0, 'An encumbrance is any claim, lien, charge, or liability that diminishes the value of or restricts the use of property.', 'Un gravamen es cualquier reclamo, gravamen, cargo o responsabilidad que disminuye el valor o restringe el uso de la propiedad.', true, '2026-01-14 18:28:35.562884', '2026-01-14 18:28:35.562884') ON CONFLICT (id) DO NOTHING;
INSERT INTO questions (id, category, topic, question_text_en, question_text_es, options_en, options_es, correct_answer, explanation_en, explanation_es, is_active, created_at, updated_at) VALUES ('ac01011c-a1cd-48e9-bc09-17c5566bd7da', 'real_estate', NULL, 'What is a closing disclosure?', '¿Qué es una divulgación de cierre?', '["A document detailing final loan terms and closing costs", "A marketing brochure", "A property inspection report", "A zoning certificate"]', '["Un documento que detalla los términos finales del préstamo y costos de cierre", "Un folleto de mercadeo", "Un informe de inspección de propiedad", "Un certificado de zonificación"]', 0, 'The Closing Disclosure is a five-page form that provides final details about the mortgage loan including terms, payments, and fees.', 'La Divulgación de Cierre es un formulario de cinco páginas que proporciona detalles finales sobre el préstamo hipotecario incluyendo términos, pagos y tarifas.', true, '2026-01-14 18:28:35.487102', '2026-01-14 18:28:35.487102') ON CONFLICT (id) DO NOTHING;
INSERT INTO questions (id, category, topic, question_text_en, question_text_es, options_en, options_es, correct_answer, explanation_en, explanation_es, is_active, created_at, updated_at) VALUES ('acc79193-0e24-4b4c-bb9c-ae1eb1bc8b50', 'real_estate', NULL, 'What is the penalty for violating the Fair Housing Act?', '¿Cuál es la penalidad por violar la Ley de Vivienda Justa?', '["Civil fines, damages, and possible criminal penalties", "Only a warning", "No penalties exist", "Automatic license revocation only"]', '["Multas civiles, daños y posibles penalidades criminales", "Solo una advertencia", "No existen penalidades", "Solo revocación automática de licencia"]', 0, 'Fair Housing violations can result in civil fines up to $100,000+, actual and punitive damages, and possible criminal penalties.', 'Las violaciones de Vivienda Justa pueden resultar en multas civiles de hasta $100,000+, daños reales y punitivos, y posibles penalidades criminales.', true, '2026-01-14 22:36:13.289208', '2026-01-14 22:36:13.289208') ON CONFLICT (id) DO NOTHING;
INSERT INTO questions (id, category, topic, question_text_en, question_text_es, options_en, options_es, correct_answer, explanation_en, explanation_es, is_active, created_at, updated_at) VALUES ('acd7918b-fd97-4ddc-a706-57c69e60bb9e', 'real_estate', NULL, 'Under Fair Housing, which of the following IS permitted?', 'Según la Vivienda Justa, ¿cuál de las siguientes está permitida?', '["Requiring higher income qualifications for all applicants equally", "Refusing to rent to families with children", "Advertising for tenants of a specific religion", "Charging higher rent based on national origin"]', '["Requerir calificaciones de ingresos más altos para todos los solicitantes por igual", "Negarse a alquilar a familias con niños", "Anunciar para inquilinos de una religión específica", "Cobrar alquiler más alto basándose en origen nacional"]', 0, 'Income requirements are permitted as long as they are applied equally to all applicants and are not used as a pretext for discrimination.', 'Los requisitos de ingresos están permitidos siempre que se apliquen por igual a todos los solicitantes y no se usen como pretexto para discriminación.', true, '2026-01-14 22:36:13.274267', '2026-01-14 22:36:13.274267') ON CONFLICT (id) DO NOTHING;
INSERT INTO questions (id, category, topic, question_text_en, question_text_es, options_en, options_es, correct_answer, explanation_en, explanation_es, is_active, created_at, updated_at) VALUES ('add5b93e-e170-41ea-9fe4-9ad805c4db96', 'real_estate', NULL, 'What is dual agency?', '¿Qué es la agencia dual?', '["When one agent represents both buyer and seller", "Having two agents work together", "A joint listing arrangement", "A referral agreement"]', '["Cuando un agente representa tanto al comprador como al vendedor", "Tener dos agentes trabajando juntos", "Un acuerdo de listado conjunto", "Un acuerdo de referencia"]', 0, 'Dual agency occurs when one agent or brokerage represents both the buyer and seller in the same transaction.', 'La agencia dual ocurre cuando un agente o corretaje representa tanto al comprador como al vendedor en la misma transacción.', true, '2026-01-14 18:28:35.434175', '2026-01-14 18:28:35.434175') ON CONFLICT (id) DO NOTHING;
INSERT INTO questions (id, category, topic, question_text_en, question_text_es, options_en, options_es, correct_answer, explanation_en, explanation_es, is_active, created_at, updated_at) VALUES ('aef3631b-bf5c-4dbc-bc8e-df508626e12c', 'real_estate', NULL, 'Which addendum would be used for a property in a homeowners association?', '¿Qué anexo se usaría para una propiedad en una asociación de propietarios?', '["Addendum for Property Subject to Mandatory Membership in a Property Owners Association", "Third Party Financing Addendum", "Seller Financing Addendum", "Environmental Assessment Addendum"]', '["Anexo para Propiedad Sujeta a Membresía Obligatoria en una Asociación de Propietarios", "Anexo de Financiamiento de Terceros", "Anexo de Financiamiento del Vendedor", "Anexo de Evaluación Ambiental"]', 0, 'The Addendum for Property Subject to Mandatory Membership in a Property Owners Association is required for HOA properties.', 'El Anexo para Propiedad Sujeta a Membresía Obligatoria en una Asociación de Propietarios se requiere para propiedades con HOA.', true, '2026-01-14 22:36:13.084668', '2026-01-14 22:36:13.084668') ON CONFLICT (id) DO NOTHING;
INSERT INTO questions (id, category, topic, question_text_en, question_text_es, options_en, options_es, correct_answer, explanation_en, explanation_es, is_active, created_at, updated_at) VALUES ('af9b45a3-733c-4bc8-9af9-c425d6eb322b', 'real_estate', NULL, 'What is the option period in a Texas residential contract?', '¿Qué es el período de opción en un contrato residencial de Texas?', '["A negotiated time for the buyer to conduct inspections and terminate without penalty", "The time to close the sale", "The marketing period", "The appraisal time frame"]', '["Un tiempo negociado para que el comprador realice inspecciones y termine sin penalidad", "El tiempo para cerrar la venta", "El período de mercadeo", "El plazo de tasación"]', 0, 'The option period is a negotiated time during which the buyer may conduct inspections and terminate the contract for any reason.', 'El período de opción es un tiempo negociado durante el cual el comprador puede realizar inspecciones y terminar el contrato por cualquier razón.', true, '2026-01-14 22:36:13.052732', '2026-01-14 22:36:13.052732') ON CONFLICT (id) DO NOTHING;
INSERT INTO questions (id, category, topic, question_text_en, question_text_es, options_en, options_es, correct_answer, explanation_en, explanation_es, is_active, created_at, updated_at) VALUES ('b1202ea3-23d1-4bd4-86e8-2a265c8a3de2', 'real_estate', NULL, 'In Texas, when must the Information About Brokerage Services form be provided?', 'En Texas, ¿cuándo debe proporcionarse el formulario de Información sobre Servicios de Corretaje?', '["At the first substantive dialogue about a specific property", "After the contract is signed", "At closing", "Never required"]', '["En el primer diálogo sustantivo sobre una propiedad específica", "Después de firmar el contrato", "En el cierre", "Nunca requerido"]', 0, 'In Texas, the IABS form must be provided at the first substantive dialogue with a prospective buyer, seller, landlord, or tenant.', 'En Texas, el formulario IABS debe proporcionarse en el primer diálogo sustantivo con un posible comprador, vendedor, arrendador o inquilino.', true, '2026-01-14 18:28:35.437271', '2026-01-14 18:28:35.437271') ON CONFLICT (id) DO NOTHING;
INSERT INTO questions (id, category, topic, question_text_en, question_text_es, options_en, options_es, correct_answer, explanation_en, explanation_es, is_active, created_at, updated_at) VALUES ('b2945f90-b40d-4b5a-bdf2-87a6af7a211a', 'real_estate', NULL, 'What is tenancy in common?', '¿Qué es la tenencia en común?', '["Co-ownership where each owner has a distinct share that can be inherited", "Joint tenancy", "A lease agreement", "A mortgage arrangement"]', '["Copropiedad donde cada propietario tiene una parte distinta que puede heredarse", "Tenencia conjunta", "Un contrato de arrendamiento", "Un arreglo hipotecario"]', 0, 'Tenancy in common allows co-owners to hold different percentages of ownership, and shares pass to heirs rather than other owners.', 'La tenencia en común permite a los copropietarios tener diferentes porcentajes de propiedad, y las partes pasan a los herederos en lugar de otros propietarios.', true, '2026-01-14 18:28:35.510292', '2026-01-14 18:28:35.510292') ON CONFLICT (id) DO NOTHING;
INSERT INTO questions (id, category, topic, question_text_en, question_text_es, options_en, options_es, correct_answer, explanation_en, explanation_es, is_active, created_at, updated_at) VALUES ('b2edbb16-f35b-4375-82f6-6844700caab2', 'real_estate', NULL, 'What is functional obsolescence?', '¿Qué es la obsolescencia funcional?', '["A loss of value due to outdated design or features", "Physical damage to the property", "Neighborhood decline", "Market appreciation"]', '["Una pérdida de valor debido a diseño o características obsoletas", "Daño físico a la propiedad", "Deterioro del vecindario", "Apreciación del mercado"]', 0, 'Functional obsolescence is the loss of value due to outdated or inefficient design, layout, or features.', 'La obsolescencia funcional es la pérdida de valor debido a diseño, distribución o características obsoletas o ineficientes.', true, '2026-01-14 22:36:13.197877', '2026-01-14 22:36:13.197877') ON CONFLICT (id) DO NOTHING;
INSERT INTO questions (id, category, topic, question_text_en, question_text_es, options_en, options_es, correct_answer, explanation_en, explanation_es, is_active, created_at, updated_at) VALUES ('b3e40c89-4b56-4677-a5a8-ea014fca8ff2', 'real_estate', NULL, 'What is a condominium?', '¿Qué es un condominio?', '["Individual ownership of a unit with shared ownership of common areas", "A single-family home", "A rental apartment", "A commercial building"]', '["Propiedad individual de una unidad con propiedad compartida de áreas comunes", "Una casa unifamiliar", "Un apartamento de alquiler", "Un edificio comercial"]', 0, 'A condominium involves individual ownership of a unit plus shared ownership of common areas like hallways, pools, and grounds.', 'Un condominio implica propiedad individual de una unidad más propiedad compartida de áreas comunes como pasillos, piscinas y terrenos.', true, '2026-01-14 18:28:35.522455', '2026-01-14 18:28:35.522455') ON CONFLICT (id) DO NOTHING;
INSERT INTO questions (id, category, topic, question_text_en, question_text_es, options_en, options_es, correct_answer, explanation_en, explanation_es, is_active, created_at, updated_at) VALUES ('b450468f-c668-4925-8c07-848f0195f1dc', 'real_estate', NULL, 'What is a mortgage prepayment penalty?', '¿Qué es una penalidad por pago anticipado de hipoteca?', '["A fee charged for paying off a loan early", "A late payment fee", "The closing cost", "An appraisal fee"]', '["Un cargo por pagar un préstamo anticipadamente", "Un cargo por pago tardío", "El costo de cierre", "Un cargo por tasación"]', 0, 'A prepayment penalty is a fee that some lenders charge if you pay off your mortgage early.', 'Una penalidad por pago anticipado es un cargo que algunos prestamistas cobran si pagas tu hipoteca anticipadamente.', true, '2026-01-14 18:28:35.395903', '2026-01-14 18:28:35.395903') ON CONFLICT (id) DO NOTHING;
INSERT INTO questions (id, category, topic, question_text_en, question_text_es, options_en, options_es, correct_answer, explanation_en, explanation_es, is_active, created_at, updated_at) VALUES ('b46a7328-441a-4371-b879-95d3247c69a1', 'real_estate', NULL, 'What is community property in Texas?', '¿Qué es la propiedad comunitaria en Texas?', '["Property acquired during marriage owned equally by both spouses", "Property owned by the community", "Commercial property", "Government property"]', '["Propiedad adquirida durante el matrimonio poseída igualmente por ambos cónyuges", "Propiedad poseída por la comunidad", "Propiedad comercial", "Propiedad del gobierno"]', 0, 'In Texas, community property is any property acquired by either spouse during marriage, owned equally by both spouses.', 'En Texas, la propiedad comunitaria es cualquier propiedad adquirida por cualquier cónyuge durante el matrimonio, poseída igualmente por ambos cónyuges.', true, '2026-01-14 18:28:35.513079', '2026-01-14 18:28:35.513079') ON CONFLICT (id) DO NOTHING;
INSERT INTO questions (id, category, topic, question_text_en, question_text_es, options_en, options_es, correct_answer, explanation_en, explanation_es, is_active, created_at, updated_at) VALUES ('b514a7f3-90b6-4b8c-8b62-495891ee56d7', 'real_estate', NULL, 'What is a nonconforming use?', '¿Qué es un uso no conforme?', '["A legal use that existed before a zoning change and is allowed to continue", "An illegal use of property", "A temporary use permit", "A conditional use"]', '["Un uso legal que existía antes de un cambio de zonificación y se permite continuar", "Un uso ilegal de la propiedad", "Un permiso de uso temporal", "Un uso condicional"]', 0, 'A nonconforming use is a property use that was legal when established but no longer conforms to current zoning, yet is allowed to continue.', 'Un uso no conforme es un uso de propiedad que era legal cuando se estableció pero ya no cumple con la zonificación actual, pero se permite continuar.', true, '2026-01-14 22:36:13.35627', '2026-01-14 22:36:13.35627') ON CONFLICT (id) DO NOTHING;
INSERT INTO questions (id, category, topic, question_text_en, question_text_es, options_en, options_es, correct_answer, explanation_en, explanation_es, is_active, created_at, updated_at) VALUES ('bd126e57-0cf1-4a24-a290-d08d6bb365c1', 'real_estate', NULL, 'What is asbestos?', '¿Qué es el asbesto?', '["A hazardous mineral fiber once used in building materials", "A type of mold", "A foundation material", "A roofing style"]', '["Una fibra mineral peligrosa una vez usada en materiales de construcción", "Un tipo de moho", "Un material de cimentación", "Un estilo de techo"]', 0, 'Asbestos is a hazardous mineral fiber that was commonly used in building materials and can cause serious health issues when disturbed.', 'El asbesto es una fibra mineral peligrosa que fue comúnmente usada en materiales de construcción y puede causar serios problemas de salud cuando se perturba.', true, '2026-01-14 22:36:13.249212', '2026-01-14 22:36:13.249212') ON CONFLICT (id) DO NOTHING;
INSERT INTO questions (id, category, topic, question_text_en, question_text_es, options_en, options_es, correct_answer, explanation_en, explanation_es, is_active, created_at, updated_at) VALUES ('bdbb3680-d439-4100-9fc4-ac440e9e5736', 'real_estate', NULL, 'What is a home equity line of credit (HELOC)?', '¿Qué es una línea de crédito con garantía hipotecaria (HELOC)?', '["A revolving credit line secured by the equity in your home", "A fixed-rate mortgage", "A personal loan", "A credit card"]', '["Una línea de crédito rotativa asegurada por el patrimonio de su casa", "Una hipoteca de tasa fija", "Un préstamo personal", "Una tarjeta de crédito"]', 0, 'A HELOC is a revolving line of credit that uses your home equity as collateral, allowing you to borrow as needed.', 'Una HELOC es una línea de crédito rotativa que usa el patrimonio de su casa como garantía, permitiéndole pedir prestado según sea necesario.', true, '2026-01-14 22:36:13.163717', '2026-01-14 22:36:13.163717') ON CONFLICT (id) DO NOTHING;

INSERT INTO questions (id, category, topic, question_text_en, question_text_es, options_en, options_es, correct_answer, explanation_en, explanation_es, is_active, created_at, updated_at) VALUES ('be3062ef-c8fe-4c91-8b29-4bad888ac004', 'real_estate', NULL, 'What is an encroachment?', '¿Qué es una invasión?', '["When a structure or improvement illegally extends onto another''s property", "A type of easement", "A mortgage term", "A zoning violation"]', '["Cuando una estructura o mejora se extiende ilegalmente a la propiedad de otro", "Un tipo de servidumbre", "Un término hipotecario", "Una violación de zonificación"]', 0, 'An encroachment occurs when a structure, fence, or other improvement extends beyond property boundaries onto neighboring land.', 'Una invasión ocurre cuando una estructura, cerca u otra mejora se extiende más allá de los límites de la propiedad hacia terreno vecino.', true, '2026-01-14 22:36:13.239627', '2026-01-14 22:36:13.239627') ON CONFLICT (id) DO NOTHING;
INSERT INTO questions (id, category, topic, question_text_en, question_text_es, options_en, options_es, correct_answer, explanation_en, explanation_es, is_active, created_at, updated_at) VALUES ('bf5c02ca-d75f-4343-b147-e5ab144d7224', 'real_estate', NULL, 'What information must an agent disclose to all parties regardless of representation?', '¿Qué información debe divulgar un agente a todas las partes independientemente de la representación?', '["Material facts that affect the property''s value or desirability", "The seller''s minimum acceptable price", "The buyer''s maximum budget", "Personal financial information"]', '["Hechos materiales que afectan el valor o deseabilidad de la propiedad", "El precio mínimo aceptable del vendedor", "El presupuesto máximo del comprador", "Información financiera personal"]', 0, 'Agents must disclose material facts about the property to all parties, regardless of whom they represent.', 'Los agentes deben divulgar hechos materiales sobre la propiedad a todas las partes, independientemente de a quién representen.', true, '2026-01-14 22:36:13.028196', '2026-01-14 22:36:13.028196') ON CONFLICT (id) DO NOTHING;
INSERT INTO questions (id, category, topic, question_text_en, question_text_es, options_en, options_es, correct_answer, explanation_en, explanation_es, is_active, created_at, updated_at) VALUES ('bf7ef6a9-4c41-4b02-abcb-28520d85e280', 'real_estate', NULL, 'What is the purpose of a home inspection?', '¿Cuál es el propósito de una inspección de vivienda?', '["To identify potential problems with the property", "To determine the selling price", "To approve the mortgage", "To transfer title"]', '["Identificar problemas potenciales con la propiedad", "Determinar el precio de venta", "Aprobar la hipoteca", "Transferir el título"]', 0, 'A home inspection evaluates the condition of a property to identify defects or needed repairs before purchase.', 'Una inspección de vivienda evalúa la condición de una propiedad para identificar defectos o reparaciones necesarias antes de la compra.', true, '2026-01-14 18:28:35.460536', '2026-01-14 18:28:35.460536') ON CONFLICT (id) DO NOTHING;
INSERT INTO questions (id, category, topic, question_text_en, question_text_es, options_en, options_es, correct_answer, explanation_en, explanation_es, is_active, created_at, updated_at) VALUES ('c24db5cc-3da1-43eb-9d80-a1c25c755752', 'real_estate', NULL, 'What is an easement?', '¿Qué es una servidumbre?', '["The right to use another person''s land for a specific purpose", "A type of mortgage", "A lease agreement", "A deed restriction"]', '["El derecho a usar la tierra de otra persona para un propósito específico", "Un tipo de hipoteca", "Un contrato de arrendamiento", "Una restricción de escritura"]', 0, 'An easement is a legal right to use another person''s land for a specific purpose, such as a driveway or utility lines.', 'Una servidumbre es el derecho legal de usar la tierra de otra persona para un propósito específico, como una entrada o líneas de servicios públicos.', true, '2026-01-14 18:28:35.311156', '2026-01-14 18:28:35.311156') ON CONFLICT (id) DO NOTHING;
INSERT INTO questions (id, category, topic, question_text_en, question_text_es, options_en, options_es, correct_answer, explanation_en, explanation_es, is_active, created_at, updated_at) VALUES ('c3da97c0-fbb7-4016-ae0b-b5df6ef39a1e', 'real_estate', NULL, 'What is the income approach to valuation primarily used for?', '¿Para qué se usa principalmente el enfoque de ingresos en la valuación?', '["Investment and commercial properties", "Single-family homes", "Vacant land", "New construction"]', '["Propiedades de inversión y comerciales", "Casas unifamiliares", "Terrenos vacantes", "Nueva construcción"]', 0, 'The income approach values properties based on their potential income, making it ideal for rental and commercial properties.', 'El enfoque de ingresos valora propiedades basándose en su ingreso potencial, haciéndolo ideal para propiedades de alquiler y comerciales.', true, '2026-01-14 18:28:35.365887', '2026-01-14 18:28:35.365887') ON CONFLICT (id) DO NOTHING;
INSERT INTO questions (id, category, topic, question_text_en, question_text_es, options_en, options_es, correct_answer, explanation_en, explanation_es, is_active, created_at, updated_at) VALUES ('c6a4967e-3d71-4f73-a190-8f9593b8d575', 'real_estate', NULL, 'What is the term for a licensed sales agent working under a broker''s supervision?', '¿Cuál es el término para un agente de ventas licenciado que trabaja bajo la supervisión de un corredor?', '["Sponsored sales agent", "Associate broker", "Apprentice", "Junior agent"]', '["Agente de ventas patrocinado", "Corredor asociado", "Aprendiz", "Agente junior"]', 0, 'In Texas, a sales agent must be sponsored by a licensed broker to engage in real estate activities.', 'En Texas, un agente de ventas debe ser patrocinado por un corredor licenciado para participar en actividades de bienes raíces.', true, '2026-01-14 22:36:12.9899', '2026-01-14 22:36:12.9899') ON CONFLICT (id) DO NOTHING;
INSERT INTO questions (id, category, topic, question_text_en, question_text_es, options_en, options_es, correct_answer, explanation_en, explanation_es, is_active, created_at, updated_at) VALUES ('c6f69e60-4e70-4f23-bce4-e68cf1c9d36c', 'real_estate', NULL, 'In an intermediary relationship, an appointed licensee may:', 'En una relación de intermediario, un licenciatario designado puede:', '["Provide advice and opinions to their appointed party", "Share confidential information between parties", "Negotiate for both parties equally", "Act as a neutral mediator only"]', '["Proporcionar consejos y opiniones a su parte designada", "Compartir información confidencial entre partes", "Negociar para ambas partes por igual", "Actuar solo como mediador neutral"]', 0, 'An appointed licensee in an intermediary relationship may provide advice and opinions to the party they are appointed to represent.', 'Un licenciatario designado en una relación de intermediario puede proporcionar consejos y opiniones a la parte que está designado a representar.', true, '2026-01-14 22:36:13.031133', '2026-01-14 22:36:13.031133') ON CONFLICT (id) DO NOTHING;
INSERT INTO questions (id, category, topic, question_text_en, question_text_es, options_en, options_es, correct_answer, explanation_en, explanation_es, is_active, created_at, updated_at) VALUES ('c8424aff-3029-4d0e-afae-7e8a4ad92732', 'real_estate', NULL, 'What is the Texas Real Estate License Act (TRELA)?', '¿Qué es la Ley de Licencias de Bienes Raíces de Texas (TRELA)?', '["The law governing real estate licensing in Texas", "A federal law", "A zoning regulation", "A mortgage law"]', '["La ley que rige las licencias de bienes raíces en Texas", "Una ley federal", "Una regulación de zonificación", "Una ley hipotecaria"]', 0, 'TRELA is the Texas statute that establishes requirements for real estate licensing and agent conduct in Texas.', 'TRELA es el estatuto de Texas que establece requisitos para licencias de bienes raíces y conducta de agentes en Texas.', true, '2026-01-14 18:28:35.50373', '2026-01-14 18:28:35.50373') ON CONFLICT (id) DO NOTHING;
INSERT INTO questions (id, category, topic, question_text_en, question_text_es, options_en, options_es, correct_answer, explanation_en, explanation_es, is_active, created_at, updated_at) VALUES ('c8cb52ea-aeab-4c5a-8b38-d2cec238be03', 'real_estate', NULL, 'A buyer''s agent owes the buyer:', 'Un agente del comprador le debe al comprador:', '["Full fiduciary duties", "Only the duty of honesty", "No specific duties", "Only the duty to complete paperwork"]', '["Todos los deberes fiduciarios", "Solo el deber de honestidad", "Ningún deber específico", "Solo el deber de completar documentos"]', 0, 'A buyer''s agent owes full fiduciary duties to the buyer, including loyalty, obedience, disclosure, confidentiality, accounting, and reasonable care.', 'Un agente del comprador debe todos los deberes fiduciarios al comprador, incluyendo lealtad, obediencia, divulgación, confidencialidad, contabilidad y cuidado razonable.', true, '2026-01-14 22:36:13.035209', '2026-01-14 22:36:13.035209') ON CONFLICT (id) DO NOTHING;
INSERT INTO questions (id, category, topic, question_text_en, question_text_es, options_en, options_es, correct_answer, explanation_en, explanation_es, is_active, created_at, updated_at) VALUES ('c8dd500e-b5eb-45fc-b8b2-c7e66f71a9bd', 'real_estate', NULL, 'What is joint tenancy?', '¿Qué es la tenencia conjunta?', '["A form of co-ownership with right of survivorship", "Renting with a roommate", "A commercial lease", "A type of mortgage"]', '["Una forma de copropiedad con derecho de supervivencia", "Alquilar con un compañero de cuarto", "Un arrendamiento comercial", "Un tipo de hipoteca"]', 0, 'Joint tenancy is a form of property ownership where two or more people own property together with equal rights and right of survivorship.', 'La tenencia conjunta es una forma de propiedad donde dos o más personas poseen propiedad juntas con derechos iguales y derecho de supervivencia.', true, '2026-01-14 18:28:35.507122', '2026-01-14 18:28:35.507122') ON CONFLICT (id) DO NOTHING;
INSERT INTO questions (id, category, topic, question_text_en, question_text_es, options_en, options_es, correct_answer, explanation_en, explanation_es, is_active, created_at, updated_at) VALUES ('c8df0b68-07cd-478b-a12c-d1b396733660', 'real_estate', NULL, 'Which party pays the commission does NOT determine:', 'Qué parte paga la comisión NO determina:', '["Agency representation", "The amount of the commission", "Tax deductibility", "Closing costs"]', '["La representación de agencia", "El monto de la comisión", "La deducibilidad fiscal", "Los costos de cierre"]', 0, 'Who pays the commission does not determine which party an agent represents; agency is established by agreement.', 'Quién paga la comisión no determina a qué parte representa un agente; la agencia se establece por acuerdo.', true, '2026-01-14 22:36:13.038904', '2026-01-14 22:36:13.038904') ON CONFLICT (id) DO NOTHING;
INSERT INTO questions (id, category, topic, question_text_en, question_text_es, options_en, options_es, correct_answer, explanation_en, explanation_es, is_active, created_at, updated_at) VALUES ('c9b08d3c-b932-4272-a083-f02a44938390', 'real_estate', NULL, 'What is a fixture in real estate?', '¿Qué es un accesorio en bienes raíces?', '["Personal property that has become permanently attached to real property", "Furniture", "A portable appliance", "A vehicle"]', '["Propiedad personal que se ha adjuntado permanentemente a la propiedad inmueble", "Muebles", "Un electrodoméstico portátil", "Un vehículo"]', 0, 'A fixture is personal property that has been attached to real property in such a way that it becomes part of the real estate.', 'Un accesorio es propiedad personal que se ha adjuntado a la propiedad inmueble de tal manera que se convierte en parte de los bienes raíces.', true, '2026-01-14 18:28:35.551524', '2026-01-14 18:28:35.551524') ON CONFLICT (id) DO NOTHING;
INSERT INTO questions (id, category, topic, question_text_en, question_text_es, options_en, options_es, correct_answer, explanation_en, explanation_es, is_active, created_at, updated_at) VALUES ('ca8b88b2-5e58-4a89-9853-bc72cc89734e', 'real_estate', NULL, 'An agent''s duty of loyalty requires the agent to:', 'El deber de lealtad de un agente requiere que el agente:', '["Put the client''s interests above all others, including the agent''s own", "Always agree with the client", "Never negotiate on price", "Share all information with other parties"]', '["Poner los intereses del cliente por encima de todos los demás, incluyendo los propios", "Siempre estar de acuerdo con el cliente", "Nunca negociar sobre el precio", "Compartir toda la información con otras partes"]', 0, 'The duty of loyalty requires an agent to place the client''s interests above all others, including the agent''s own interests.', 'El deber de lealtad requiere que un agente coloque los intereses del cliente por encima de todos los demás, incluyendo los propios intereses del agente.', true, '2026-01-14 22:36:13.022619', '2026-01-14 22:36:13.022619') ON CONFLICT (id) DO NOTHING;
INSERT INTO questions (id, category, topic, question_text_en, question_text_es, options_en, options_es, correct_answer, explanation_en, explanation_es, is_active, created_at, updated_at) VALUES ('ca8cb5b3-5924-4903-9cd8-369f505da73e', 'real_estate', NULL, 'A real estate licensee must treat all parties to a transaction:', 'Un licenciatario de bienes raíces debe tratar a todas las partes de una transacción:', '["Honestly and fairly", "Equally in all respects", "As fiduciaries", "With no obligations"]', '["Honesta y justamente", "Igualmente en todos los aspectos", "Como fiduciarios", "Sin obligaciones"]', 0, 'All parties must be treated honestly and fairly, though fiduciary duties are owed only to the client.', 'Todas las partes deben ser tratadas honesta y justamente, aunque los deberes fiduciarios se deben solo al cliente.', true, '2026-01-14 22:36:13.296437', '2026-01-14 22:36:13.296437') ON CONFLICT (id) DO NOTHING;
INSERT INTO questions (id, category, topic, question_text_en, question_text_es, options_en, options_es, correct_answer, explanation_en, explanation_es, is_active, created_at, updated_at) VALUES ('cb23d4cc-8b17-441a-b4de-fd65f98b3e06', 'real_estate', NULL, 'What is the implied warranty of habitability?', '¿Qué es la garantía implícita de habitabilidad?', '["The landlord''s legal obligation to maintain rental property in livable condition", "A written lease requirement", "A tenant''s responsibility", "An insurance policy"]', '["La obligación legal del arrendador de mantener la propiedad de alquiler en condiciones habitables", "Un requisito de arrendamiento escrito", "Una responsabilidad del inquilino", "Una póliza de seguro"]', 0, 'The implied warranty of habitability requires landlords to maintain rental properties in a condition fit for human habitation.', 'La garantía implícita de habitabilidad requiere que los arrendadores mantengan las propiedades de alquiler en una condición apta para habitación humana.', true, '2026-01-14 22:36:13.411107', '2026-01-14 22:36:13.411107') ON CONFLICT (id) DO NOTHING;
INSERT INTO questions (id, category, topic, question_text_en, question_text_es, options_en, options_es, correct_answer, explanation_en, explanation_es, is_active, created_at, updated_at) VALUES ('ccf8345f-dccc-4c01-9585-84fbbbc13eaa', 'real_estate', NULL, 'What is the difference between a landlord and a lessor?', '¿Cuál es la diferencia entre un arrendador y un lessor?', '["They mean the same thing - the owner who rents property to others", "Landlord owns; lessor manages", "Lessor is the tenant", "They are opposites"]', '["Significan lo mismo - el propietario que alquila propiedad a otros", "El arrendador posee; el lessor administra", "El lessor es el inquilino", "Son opuestos"]', 0, 'Landlord and lessor are interchangeable terms for the property owner who rents to a tenant (lessee).', 'Arrendador y lessor son términos intercambiables para el propietario que alquila a un inquilino (arrendatario).', true, '2026-01-14 22:36:13.388491', '2026-01-14 22:36:13.388491') ON CONFLICT (id) DO NOTHING;
INSERT INTO questions (id, category, topic, question_text_en, question_text_es, options_en, options_es, correct_answer, explanation_en, explanation_es, is_active, created_at, updated_at) VALUES ('cd0bf9dc-3052-40e2-870d-9748799529f6', 'real_estate', NULL, 'What is a conventional loan?', '¿Qué es un préstamo convencional?', '["A mortgage not insured by a government agency", "An FHA loan", "A VA loan", "A USDA loan"]', '["Una hipoteca no asegurada por una agencia gubernamental", "Un préstamo FHA", "Un préstamo VA", "Un préstamo USDA"]', 0, 'A conventional loan is a mortgage that is not insured or guaranteed by a government agency like FHA, VA, or USDA.', 'Un préstamo convencional es una hipoteca que no está asegurada ni garantizada por una agencia gubernamental como FHA, VA o USDA.', true, '2026-01-14 18:28:35.373418', '2026-01-14 18:28:35.373418') ON CONFLICT (id) DO NOTHING;
INSERT INTO questions (id, category, topic, question_text_en, question_text_es, options_en, options_es, correct_answer, explanation_en, explanation_es, is_active, created_at, updated_at) VALUES ('cd5b9a48-d1ef-4da8-acf6-7b6e27ac2125', 'real_estate', NULL, 'What is the purpose of a real estate appraisal?', '¿Cuál es el propósito de una tasación de bienes raíces?', '["To determine the fair market value of a property", "To inspect for defects", "To determine property taxes", "To measure the property"]', '["Determinar el valor justo de mercado de una propiedad", "Inspeccionar por defectos", "Determinar impuestos sobre la propiedad", "Medir la propiedad"]', 0, 'An appraisal is an unbiased professional opinion of a property''s fair market value.', 'Una tasación es una opinión profesional imparcial del valor justo de mercado de una propiedad.', true, '2026-01-14 22:36:13.169012', '2026-01-14 22:36:13.169012') ON CONFLICT (id) DO NOTHING;
INSERT INTO questions (id, category, topic, question_text_en, question_text_es, options_en, options_es, correct_answer, explanation_en, explanation_es, is_active, created_at, updated_at) VALUES ('cee824ac-0170-4dcb-ad75-afe4c540e261', 'real_estate', NULL, 'What is an eviction?', '¿Qué es un desalojo?', '["The legal process of removing a tenant from a property", "A lease renewal", "A security deposit refund", "A rent increase"]', '["El proceso legal de remover a un inquilino de una propiedad", "Una renovación de arrendamiento", "Un reembolso de depósito de seguridad", "Un aumento de alquiler"]', 0, 'Eviction is the legal process by which a landlord removes a tenant from rental property, typically for lease violations or nonpayment.', 'El desalojo es el proceso legal por el cual un arrendador remueve a un inquilino de una propiedad de alquiler, típicamente por violaciones del arrendamiento o falta de pago.', true, '2026-01-14 22:36:13.401087', '2026-01-14 22:36:13.401087') ON CONFLICT (id) DO NOTHING;
INSERT INTO questions (id, category, topic, question_text_en, question_text_es, options_en, options_es, correct_answer, explanation_en, explanation_es, is_active, created_at, updated_at) VALUES ('cfd6ee34-5041-4b98-840b-05bd90983d52', 'real_estate', NULL, 'What is eminent domain?', '¿Qué es el dominio eminente?', '["The government''s right to take private property for public use with compensation", "A type of property tax", "A zoning restriction", "A mortgage default"]', '["El derecho del gobierno a tomar propiedad privada para uso público con compensación", "Un tipo de impuesto sobre la propiedad", "Una restricción de zonificación", "Un incumplimiento hipotecario"]', 0, 'Eminent domain is the government''s constitutional right to take private property for public use, with just compensation paid to the owner.', 'El dominio eminente es el derecho constitucional del gobierno de tomar propiedad privada para uso público, con compensación justa pagada al propietario.', true, '2026-01-14 18:28:35.328963', '2026-01-14 18:28:35.328963') ON CONFLICT (id) DO NOTHING;
INSERT INTO questions (id, category, topic, question_text_en, question_text_es, options_en, options_es, correct_answer, explanation_en, explanation_es, is_active, created_at, updated_at) VALUES ('d2c63774-0a96-4212-b3f9-eb7ddfd002fa', 'real_estate', NULL, 'What test determines if an item is a fixture?', '¿Qué prueba determina si un artículo es un accesorio?', '["Method of attachment, adaptation, intention, and relationship of parties", "Color of the item", "Age of the item", "Brand of the item"]', '["Método de fijación, adaptación, intención y relación de las partes", "Color del artículo", "Edad del artículo", "Marca del artículo"]', 0, 'Courts use the MARIA test: Method of attachment, Adaptation to property, Relationship of parties, Intent, and Agreement.', 'Los tribunales usan la prueba MARIA: Método de fijación, Adaptación a la propiedad, Relación de las partes, Intención y Acuerdo.', true, '2026-01-14 18:28:35.553995', '2026-01-14 18:28:35.553995') ON CONFLICT (id) DO NOTHING;
INSERT INTO questions (id, category, topic, question_text_en, question_text_es, options_en, options_es, correct_answer, explanation_en, explanation_es, is_active, created_at, updated_at) VALUES ('d335cc13-489c-474f-b1fa-a4dabdc9685a', 'real_estate', NULL, 'What is the purpose of title insurance?', '¿Cuál es el propósito del seguro de título?', '["To protect against defects or claims against the property''s title", "To insure against property damage", "To cover mortgage payments", "To pay property taxes"]', '["Proteger contra defectos o reclamos contra el título de la propiedad", "Asegurar contra daños a la propiedad", "Cubrir pagos de hipoteca", "Pagar impuestos sobre la propiedad"]', 0, 'Title insurance protects against financial loss from defects in the title or unknown liens and encumbrances.', 'El seguro de título protege contra pérdida financiera por defectos en el título o gravámenes y cargas desconocidos.', true, '2026-01-14 22:36:13.252965', '2026-01-14 22:36:13.252965') ON CONFLICT (id) DO NOTHING;
INSERT INTO questions (id, category, topic, question_text_en, question_text_es, options_en, options_es, correct_answer, explanation_en, explanation_es, is_active, created_at, updated_at) VALUES ('d529d53b-c91e-4f00-a8f8-c8027762c97d', 'real_estate', NULL, 'Under Texas law, a real estate broker must maintain a trust account at:', 'Según la ley de Texas, un corredor de bienes raíces debe mantener una cuenta fiduciaria en:', '["A federally insured bank in Texas", "Any bank in the United States", "A credit union only", "The broker''s personal bank"]', '["Un banco asegurado federalmente en Texas", "Cualquier banco en Estados Unidos", "Solo una cooperativa de crédito", "El banco personal del corredor"]', 0, 'Texas law requires brokers to maintain trust accounts at federally insured financial institutions in Texas.', 'La ley de Texas requiere que los corredores mantengan cuentas fiduciarias en instituciones financieras aseguradas federalmente en Texas.', true, '2026-01-14 22:36:12.966037', '2026-01-14 22:36:12.966037') ON CONFLICT (id) DO NOTHING;
INSERT INTO questions (id, category, topic, question_text_en, question_text_es, options_en, options_es, correct_answer, explanation_en, explanation_es, is_active, created_at, updated_at) VALUES ('d555e350-506e-4109-8445-400a02851ea5', 'real_estate', NULL, 'What does it mean when a property goes into foreclosure?', '¿Qué significa cuando una propiedad entra en ejecución hipotecaria?', '["The lender is seizing the property due to default on mortgage payments", "The property is being sold by the owner", "The property is being rented", "The property is being renovated"]', '["El prestamista está embargando la propiedad debido a incumplimiento en los pagos de la hipoteca", "La propiedad está siendo vendida por el propietario", "La propiedad está siendo alquilada", "La propiedad está siendo renovada"]', 0, 'Foreclosure occurs when a lender takes legal action to seize and sell a property because the borrower has defaulted on mortgage payments.', 'La ejecución hipotecaria ocurre cuando un prestamista toma acción legal para embargar y vender una propiedad porque el prestatario ha incumplido los pagos de la hipoteca.', true, '2026-01-14 22:36:13.144721', '2026-01-14 22:36:13.144721') ON CONFLICT (id) DO NOTHING;
INSERT INTO questions (id, category, topic, question_text_en, question_text_es, options_en, options_es, correct_answer, explanation_en, explanation_es, is_active, created_at, updated_at) VALUES ('d66bd489-4f71-4be6-ac47-b9a54787ba34', 'real_estate', NULL, 'What is fee simple absolute ownership?', '¿Qué es la propiedad de pleno dominio absoluto?', '["The most complete form of ownership", "A lease arrangement", "Shared ownership", "Government ownership"]', '["La forma más completa de propiedad", "Un acuerdo de arrendamiento", "Propiedad compartida", "Propiedad del gobierno"]', 0, 'Fee simple absolute is the most complete form of property ownership, giving the owner full rights to use, sell, or transfer the property.', 'El pleno dominio absoluto es la forma más completa de propiedad, otorgando al propietario todos los derechos para usar, vender o transferir la propiedad.', true, '2026-01-14 18:28:35.316315', '2026-01-14 18:28:35.316315') ON CONFLICT (id) DO NOTHING;
INSERT INTO questions (id, category, topic, question_text_en, question_text_es, options_en, options_es, correct_answer, explanation_en, explanation_es, is_active, created_at, updated_at) VALUES ('d871187f-3b88-4996-9886-30144fba92c4', 'real_estate', NULL, 'What is a lien on a property?', '¿Qué es un gravamen sobre una propiedad?', '["A type of property tax", "A legal claim against a property used as collateral", "The property''s market value", "The property''s zoning classification"]', '["Un tipo de impuesto sobre la propiedad", "Un reclamo legal contra una propiedad utilizada como garantía", "El valor de mercado de la propiedad", "La clasificación de zonificación de la propiedad"]', 1, 'A lien is a legal right or interest that a creditor has in the debtor''s property, usually as security for a debt.', 'Un gravamen es un derecho legal o interés que un acreedor tiene en la propiedad del deudor, generalmente como garantía de una deuda.', true, '2026-01-14 16:50:01.927358', '2026-01-14 16:50:01.927358') ON CONFLICT (id) DO NOTHING;
INSERT INTO questions (id, category, topic, question_text_en, question_text_es, options_en, options_es, correct_answer, explanation_en, explanation_es, is_active, created_at, updated_at) VALUES ('dee0ee91-010f-4852-b168-a34ab124cc95', 'real_estate', NULL, 'What is the purpose of a title search?', '¿Cuál es el propósito de una búsqueda de título?', '["To examine public records and verify the seller has clear title to transfer", "To determine property value", "To inspect the property condition", "To calculate closing costs"]', '["Examinar registros públicos y verificar que el vendedor tiene título claro para transferir", "Determinar el valor de la propiedad", "Inspeccionar la condición de la propiedad", "Calcular costos de cierre"]', 0, 'A title search examines public records to verify ownership and identify any liens, encumbrances, or defects in the title.', 'Una búsqueda de título examina registros públicos para verificar la propiedad e identificar cualquier gravamen, carga o defecto en el título.', true, '2026-01-14 22:36:13.303854', '2026-01-14 22:36:13.303854') ON CONFLICT (id) DO NOTHING;
INSERT INTO questions (id, category, topic, question_text_en, question_text_es, options_en, options_es, correct_answer, explanation_en, explanation_es, is_active, created_at, updated_at) VALUES ('e2793177-e012-47ec-9988-ae4e47c035a4', 'real_estate', NULL, 'What does TREC stand for?', '¿Qué significa TREC?', '["Texas Real Estate Commission", "Texas Residential Education Center", "Transaction Real Estate Contract", "Total Real Estate Compliance"]', '["Comisión de Bienes Raíces de Texas", "Centro de Educación Residencial de Texas", "Contrato de Transacción de Bienes Raíces", "Cumplimiento Total de Bienes Raíces"]', 0, 'TREC is the Texas Real Estate Commission, the state agency that regulates real estate professionals in Texas.', 'TREC es la Comisión de Bienes Raíces de Texas, la agencia estatal que regula a los profesionales de bienes raíces en Texas.', true, '2026-01-14 18:28:35.440293', '2026-01-14 18:28:35.440293') ON CONFLICT (id) DO NOTHING;
INSERT INTO questions (id, category, topic, question_text_en, question_text_es, options_en, options_es, correct_answer, explanation_en, explanation_es, is_active, created_at, updated_at) VALUES ('e4b61c24-ce8e-473a-9661-864fa7c2194d', 'real_estate', NULL, 'What is the capitalization rate (cap rate)?', '¿Qué es la tasa de capitalización (cap rate)?', '["Net operating income divided by property value or price", "The interest rate on a mortgage", "The tax rate", "The appreciation rate"]', '["Ingreso operativo neto dividido por el valor o precio de la propiedad", "La tasa de interés de una hipoteca", "La tasa de impuestos", "La tasa de apreciación"]', 0, 'The cap rate is calculated by dividing the net operating income by the property''s value, used to evaluate investment properties.', 'La tasa de capitalización se calcula dividiendo el ingreso operativo neto por el valor de la propiedad, usado para evaluar propiedades de inversión.', true, '2026-01-14 22:36:13.210389', '2026-01-14 22:36:13.210389') ON CONFLICT (id) DO NOTHING;
INSERT INTO questions (id, category, topic, question_text_en, question_text_es, options_en, options_es, correct_answer, explanation_en, explanation_es, is_active, created_at, updated_at) VALUES ('e693f374-7d6a-440b-a300-22305acfb39b', 'real_estate', NULL, 'What is adverse possession?', '¿Qué es la posesión adversa?', '["A legal method to acquire title to land through continuous use over time", "A type of mortgage", "A lease agreement", "Government seizure"]', '["Un método legal para adquirir título de tierra a través del uso continuo en el tiempo", "Un tipo de hipoteca", "Un contrato de arrendamiento", "Confiscación del gobierno"]', 0, 'Adverse possession allows someone to claim ownership of land by using it openly, continuously, and hostilely for a statutory period.', 'La posesión adversa permite a alguien reclamar propiedad de tierra usándola abiertamente, continuamente y hostilmente durante un período legal.', true, '2026-01-14 18:28:35.333168', '2026-01-14 18:28:35.333168') ON CONFLICT (id) DO NOTHING;
INSERT INTO questions (id, category, topic, question_text_en, question_text_es, options_en, options_es, correct_answer, explanation_en, explanation_es, is_active, created_at, updated_at) VALUES ('e8448c5a-615d-4227-8df1-1e1960c5604e', 'real_estate', NULL, 'What must a broker do upon receiving earnest money from a buyer?', '¿Qué debe hacer un corredor al recibir dinero de garantía de un comprador?', '["Deposit it in the trust account by the close of the second business day", "Immediately give it to the seller", "Hold it personally for 30 days", "Deposit it in the broker''s personal account"]', '["Depositarlo en la cuenta fiduciaria antes del cierre del segundo día hábil", "Entregarlo inmediatamente al vendedor", "Retenerlo personalmente por 30 días", "Depositarlo en la cuenta personal del corredor"]', 0, 'Texas law requires earnest money to be deposited in the broker''s trust account by the close of the second business day after receipt.', 'La ley de Texas requiere que el dinero de garantía se deposite en la cuenta fiduciaria del corredor antes del cierre del segundo día hábil después de recibirlo.', true, '2026-01-14 22:36:13.002952', '2026-01-14 22:36:13.002952') ON CONFLICT (id) DO NOTHING;
INSERT INTO questions (id, category, topic, question_text_en, question_text_es, options_en, options_es, correct_answer, explanation_en, explanation_es, is_active, created_at, updated_at) VALUES ('e919c4ba-4abd-4a59-add0-e335fad19a8e', 'real_estate', NULL, 'What is proration at closing?', '¿Qué es el prorrateo en el cierre?', '["Dividing expenses between buyer and seller based on the closing date", "Adding up all costs", "Calculating the commission", "Determining the loan amount"]', '["Dividir gastos entre comprador y vendedor basándose en la fecha de cierre", "Sumar todos los costos", "Calcular la comisión", "Determinar el monto del préstamo"]', 0, 'Proration is the process of dividing property expenses, such as taxes and HOA fees, between buyer and seller based on the closing date.', 'El prorrateo es el proceso de dividir gastos de la propiedad, como impuestos y cuotas de HOA, entre comprador y vendedor basándose en la fecha de cierre.', true, '2026-01-14 22:36:13.306997', '2026-01-14 22:36:13.306997') ON CONFLICT (id) DO NOTHING;
INSERT INTO questions (id, category, topic, question_text_en, question_text_es, options_en, options_es, correct_answer, explanation_en, explanation_es, is_active, created_at, updated_at) VALUES ('ed8baa4c-2444-4b0f-9593-c0fb17e885c0', 'real_estate', NULL, 'The sales comparison approach to value uses:', 'El enfoque de comparación de ventas para el valor utiliza:', '["Recent sales of similar properties to estimate value", "The cost to build the property", "The income the property generates", "Government assessments only"]', '["Ventas recientes de propiedades similares para estimar el valor", "El costo de construir la propiedad", "Los ingresos que genera la propiedad", "Solo evaluaciones del gobierno"]', 0, 'The sales comparison approach estimates value by comparing the subject property to similar properties that have recently sold.', 'El enfoque de comparación de ventas estima el valor comparando la propiedad sujeto con propiedades similares que se han vendido recientemente.', true, '2026-01-14 22:36:13.172706', '2026-01-14 22:36:13.172706') ON CONFLICT (id) DO NOTHING;
INSERT INTO questions (id, category, topic, question_text_en, question_text_es, options_en, options_es, correct_answer, explanation_en, explanation_es, is_active, created_at, updated_at) VALUES ('f083bba2-29e9-4a4d-a663-070b385385a3', 'real_estate', NULL, 'What is the bundle of rights in real estate?', '¿Qué es el conjunto de derechos en bienes raíces?', '["Rights of possession, control, enjoyment, exclusion, and disposition", "Rights to mortgage only", "Rights to lease only", "Rights granted by the government"]', '["Derechos de posesión, control, disfrute, exclusión y disposición", "Derechos solo para hipotecar", "Derechos solo para arrendar", "Derechos otorgados por el gobierno"]', 0, 'The bundle of rights includes possession, control, enjoyment, exclusion, and disposition of property.', 'El conjunto de derechos incluye posesión, control, disfrute, exclusión y disposición de la propiedad.', true, '2026-01-14 18:28:35.306512', '2026-01-14 18:28:35.306512') ON CONFLICT (id) DO NOTHING;
INSERT INTO questions (id, category, topic, question_text_en, question_text_es, options_en, options_es, correct_answer, explanation_en, explanation_es, is_active, created_at, updated_at) VALUES ('f09ddc1b-6072-4e3e-b9e3-02c63c13ccb5', 'real_estate', NULL, 'What is zoning?', '¿Qué es la zonificación?', '["Government regulation of land use", "A type of deed", "A mortgage provision", "An insurance requirement"]', '["Regulación gubernamental del uso de la tierra", "Un tipo de escritura", "Una disposición hipotecaria", "Un requisito de seguro"]', 0, 'Zoning is a system of government regulation that divides land into districts with specific permitted uses.', 'La zonificación es un sistema de regulación gubernamental que divide la tierra en distritos con usos específicos permitidos.', true, '2026-01-14 18:28:35.46497', '2026-01-14 18:28:35.46497') ON CONFLICT (id) DO NOTHING;
INSERT INTO questions (id, category, topic, question_text_en, question_text_es, options_en, options_es, correct_answer, explanation_en, explanation_es, is_active, created_at, updated_at) VALUES ('f32d9b7c-53a0-49c0-a892-b511a6040009', 'real_estate', NULL, 'What is appreciation in real estate?', '¿Qué es la apreciación en bienes raíces?', '["An increase in property value over time", "A decrease in property value", "A tax assessment", "A mortgage payment"]', '["Un aumento en el valor de la propiedad con el tiempo", "Una disminución en el valor de la propiedad", "Una evaluación fiscal", "Un pago de hipoteca"]', 0, 'Appreciation is the increase in a property''s value over time due to market conditions, improvements, or other factors.', 'La apreciación es el aumento en el valor de una propiedad con el tiempo debido a condiciones del mercado, mejoras u otros factores.', true, '2026-01-14 18:28:35.477544', '2026-01-14 18:28:35.477544') ON CONFLICT (id) DO NOTHING;
INSERT INTO questions (id, category, topic, question_text_en, question_text_es, options_en, options_es, correct_answer, explanation_en, explanation_es, is_active, created_at, updated_at) VALUES ('f53ea526-2771-401c-874b-474ab3208f94', 'real_estate', NULL, 'What is a lease option?', '¿Qué es una opción de arrendamiento?', '["A lease agreement that includes an option to purchase the property", "A type of mortgage", "A sublease arrangement", "A property management contract"]', '["Un contrato de arrendamiento que incluye una opción para comprar la propiedad", "Un tipo de hipoteca", "Un acuerdo de subarrendamiento", "Un contrato de administración de propiedades"]', 0, 'A lease option allows a tenant to rent a property with the right to purchase it at a predetermined price during or at the end of the lease.', 'Una opción de arrendamiento permite a un inquilino alquilar una propiedad con el derecho de comprarla a un precio predeterminado durante o al final del arrendamiento.', true, '2026-01-14 18:28:35.515908', '2026-01-14 18:28:35.515908') ON CONFLICT (id) DO NOTHING;
INSERT INTO questions (id, category, topic, question_text_en, question_text_es, options_en, options_es, correct_answer, explanation_en, explanation_es, is_active, created_at, updated_at) VALUES ('f76576c6-321b-4bc6-8d0a-e7a314fffe8f', 'real_estate', NULL, 'What is the primary purpose of a deed?', '¿Cuál es el propósito principal de una escritura?', '["To transfer ownership of real property", "To provide insurance coverage", "To establish a lease agreement", "To create a mortgage"]', '["Transferir la propiedad de bienes inmuebles", "Proporcionar cobertura de seguro", "Establecer un contrato de arrendamiento", "Crear una hipoteca"]', 0, 'A deed is a legal document that transfers ownership of real property from one party to another.', 'Una escritura es un documento legal que transfiere la propiedad de bienes inmuebles de una parte a otra.', true, '2026-01-14 16:50:01.810823', '2026-01-14 16:50:01.810823') ON CONFLICT (id) DO NOTHING;
INSERT INTO questions (id, category, topic, question_text_en, question_text_es, options_en, options_es, correct_answer, explanation_en, explanation_es, is_active, created_at, updated_at) VALUES ('f7b56e0f-97d7-408d-a190-c64ecb6fbd75', 'real_estate', NULL, 'In the TREC One to Four Family Residential Contract, the effective date is:', 'En el Contrato Residencial de Una a Cuatro Familias de TREC, la fecha efectiva es:', '["The date the last party signs and communicates acceptance", "The date the contract is written", "The closing date", "The date earnest money is received"]', '["La fecha en que la última parte firma y comunica la aceptación", "La fecha en que se escribe el contrato", "La fecha de cierre", "La fecha en que se recibe el dinero de garantía"]', 0, 'The effective date is when the last party to sign the contract communicates acceptance to the other party.', 'La fecha efectiva es cuando la última parte en firmar el contrato comunica la aceptación a la otra parte.', true, '2026-01-14 22:36:13.062547', '2026-01-14 22:36:13.062547') ON CONFLICT (id) DO NOTHING;
INSERT INTO questions (id, category, topic, question_text_en, question_text_es, options_en, options_es, correct_answer, explanation_en, explanation_es, is_active, created_at, updated_at) VALUES ('f7f4efec-3a0d-4473-ba95-ed09b07363c2', 'real_estate', NULL, 'A Texas real estate license must be renewed every:', 'Una licencia de bienes raíces de Texas debe renovarse cada:', '["2 years", "1 year", "3 years", "5 years"]', '["2 años", "1 año", "3 años", "5 años"]', 0, 'Texas real estate licenses must be renewed every two years from the date of issuance.', 'Las licencias de bienes raíces de Texas deben renovarse cada dos años a partir de la fecha de emisión.', true, '2026-01-14 22:36:12.955697', '2026-01-14 22:36:12.955697') ON CONFLICT (id) DO NOTHING;
INSERT INTO questions (id, category, topic, question_text_en, question_text_es, options_en, options_es, correct_answer, explanation_en, explanation_es, is_active, created_at, updated_at) VALUES ('f9f37685-cadd-4951-ad46-8a44d7ac2d89', 'real_estate', NULL, 'Under the Statute of Frauds, which contracts must be in writing?', 'Según el Estatuto de Fraudes, ¿qué contratos deben ser por escrito?', '["Contracts for the sale of real property", "All verbal agreements", "Only commercial leases", "Short-term rental agreements"]', '["Contratos para la venta de bienes inmuebles", "Todos los acuerdos verbales", "Solo arrendamientos comerciales", "Acuerdos de alquiler a corto plazo"]', 0, 'The Statute of Frauds requires contracts for the sale of real property to be in writing to be enforceable.', 'El Estatuto de Fraudes requiere que los contratos para la venta de bienes inmuebles estén por escrito para ser ejecutables.', true, '2026-01-14 22:36:13.049224', '2026-01-14 22:36:13.049224') ON CONFLICT (id) DO NOTHING;
INSERT INTO questions (id, category, topic, question_text_en, question_text_es, options_en, options_es, correct_answer, explanation_en, explanation_es, is_active, created_at, updated_at) VALUES ('fa09bdf8-561f-4c38-bdb2-10ef3c32b0b9', 'real_estate', NULL, 'What is a homestead exemption in Texas?', '¿Qué es una exención de vivienda en Texas?', '["A property tax reduction for primary residences", "A type of mortgage", "A lease agreement", "Government seizure protection"]', '["Una reducción de impuestos sobre la propiedad para residencias principales", "Un tipo de hipoteca", "Un contrato de arrendamiento", "Protección contra confiscación del gobierno"]', 0, 'In Texas, the homestead exemption reduces the appraised value of a primary residence for property tax purposes.', 'En Texas, la exención de vivienda reduce el valor tasado de una residencia principal para propósitos de impuestos sobre la propiedad.', true, '2026-01-14 18:28:35.348891', '2026-01-14 18:28:35.348891') ON CONFLICT (id) DO NOTHING;
INSERT INTO questions (id, category, topic, question_text_en, question_text_es, options_en, options_es, correct_answer, explanation_en, explanation_es, is_active, created_at, updated_at) VALUES ('fa974e44-d5de-480f-9ebd-9381ab94195a', 'real_estate', NULL, 'How many classroom hours of qualifying education are required for a Texas sales agent license?', '¿Cuántas horas de educación calificada en aula se requieren para una licencia de agente de ventas en Texas?', '["180 hours", "150 hours", "120 hours", "90 hours"]', '["180 horas", "150 horas", "120 horas", "90 horas"]', 0, 'Texas requires 180 classroom hours of qualifying education for a sales agent license.', 'Texas requiere 180 horas de educación calificada en aula para una licencia de agente de ventas.', true, '2026-01-14 22:36:12.934593', '2026-01-14 22:36:12.934593') ON CONFLICT (id) DO NOTHING;
INSERT INTO questions (id, category, topic, question_text_en, question_text_es, options_en, options_es, correct_answer, explanation_en, explanation_es, is_active, created_at, updated_at) VALUES ('fafd7147-28d4-431d-b7c9-5544cd06c37b', 'real_estate', NULL, 'What is a purchase agreement?', '¿Qué es un contrato de compra?', '["A legally binding contract between buyer and seller", "A marketing document", "A loan application", "An insurance policy"]', '["Un contrato legalmente vinculante entre comprador y vendedor", "Un documento de mercadeo", "Una solicitud de préstamo", "Una póliza de seguro"]', 0, 'A purchase agreement is a legally binding contract that outlines the terms and conditions of a real estate sale.', 'Un contrato de compra es un contrato legalmente vinculante que describe los términos y condiciones de una venta de bienes raíces.', true, '2026-01-14 18:28:35.457846', '2026-01-14 18:28:35.457846') ON CONFLICT (id) DO NOTHING;
INSERT INTO questions (id, category, topic, question_text_en, question_text_es, options_en, options_es, correct_answer, explanation_en, explanation_es, is_active, created_at, updated_at) VALUES ('fdd80893-3dbe-4942-9406-8e57190e9896', 'real_estate', NULL, 'What is a lien on a property?', '¿Qué es un gravamen sobre una propiedad?', '["A type of property tax", "A legal claim against a property used as collateral", "The property''s market value", "The property''s zoning classification"]', '["Un tipo de impuesto sobre la propiedad", "Un reclamo legal contra una propiedad utilizada como garantía", "El valor de mercado de la propiedad", "La clasificación de zonificación de la propiedad"]', 1, 'A lien is a legal right or interest that a creditor has in the debtor''s property, usually as security for a debt.', 'Un gravamen es un derecho legal o interés que un acreedor tiene en la propiedad del deudor, generalmente como garantía de una deuda.', true, '2026-01-14 18:28:35.320844', '2026-01-14 18:28:35.320844') ON CONFLICT (id) DO NOTHING;
INSERT INTO questions (id, category, topic, question_text_en, question_text_es, options_en, options_es, correct_answer, explanation_en, explanation_es, is_active, created_at, updated_at) VALUES ('fe0076ea-7c18-4e14-9b0d-456ea7e26876', 'real_estate', NULL, 'What is equity in real estate?', '¿Qué es el patrimonio en bienes raíces?', '["The difference between the property value and the mortgage balance", "The monthly payment", "The interest rate", "The closing costs"]', '["La diferencia entre el valor de la propiedad y el saldo de la hipoteca", "El pago mensual", "La tasa de interés", "Los costos de cierre"]', 0, 'Equity is the portion of the property that the owner actually owns, calculated as market value minus outstanding loans.', 'El patrimonio es la porción de la propiedad que el propietario realmente posee, calculada como el valor de mercado menos los préstamos pendientes.', true, '2026-01-14 18:28:35.495615', '2026-01-14 18:28:35.495615') ON CONFLICT (id) DO NOTHING;
INSERT INTO questions (id, category, topic, question_text_en, question_text_es, options_en, options_es, correct_answer, explanation_en, explanation_es, is_active, created_at, updated_at) VALUES ('009e6257-fa4a-41be-af2b-e81795c2bd71', 'property_casualty', NULL, 'What is a fidelity bond?', '¿Qué es una fianza de fidelidad?', '["Coverage protecting against employee dishonesty", "A surety bond", "A bail bond", "A license bond"]', '["Cobertura que protege contra la deshonestidad de empleados", "Una fianza de garantía", "Una fianza de libertad", "Una fianza de licencia"]', 0, 'A fidelity bond protects employers from losses caused by dishonest acts of their employees.', 'Una fianza de fidelidad protege a los empleadores de pérdidas causadas por actos deshonestos de sus empleados.', true, '2026-01-14 22:46:59.742747', '2026-01-14 22:46:59.742747') ON CONFLICT (id) DO NOTHING;
INSERT INTO questions (id, category, topic, question_text_en, question_text_es, options_en, options_es, correct_answer, explanation_en, explanation_es, is_active, created_at, updated_at) VALUES ('00ea4305-55ad-45d4-8872-7bce57999ab0', 'property_casualty', NULL, 'What is rental reimbursement coverage?', '¿Qué es la cobertura de reembolso de alquiler?', '["Coverage for the cost of a rental car while your vehicle is being repaired", "Coverage for rental property", "Liability coverage", "Medical coverage"]', '["Cobertura para el costo de un auto de alquiler mientras su vehículo está siendo reparado", "Cobertura para propiedad de alquiler", "Cobertura de responsabilidad", "Cobertura médica"]', 0, 'Rental reimbursement coverage pays for a rental car while your vehicle is being repaired after a covered claim.', 'La cobertura de reembolso de alquiler paga por un auto de alquiler mientras su vehículo está siendo reparado después de un reclamo cubierto.', true, '2026-01-14 22:43:34.520272', '2026-01-14 22:43:34.520272') ON CONFLICT (id) DO NOTHING;
INSERT INTO questions (id, category, topic, question_text_en, question_text_es, options_en, options_es, correct_answer, explanation_en, explanation_es, is_active, created_at, updated_at) VALUES ('017c9e12-fe64-4c93-b149-38f6d36da0aa', 'property_casualty', NULL, 'What is collision coverage?', '¿Qué es la cobertura de colisión?', '["Coverage for damage to your vehicle from hitting another vehicle or object", "Coverage for damage from weather", "Coverage for theft", "Coverage for medical bills"]', '["Cobertura por daños a su vehículo por chocar con otro vehículo u objeto", "Cobertura por daños del clima", "Cobertura por robo", "Cobertura para facturas médicas"]', 0, 'Collision coverage pays to repair or replace your vehicle if it collides with another vehicle or object, regardless of fault.', 'La cobertura de colisión paga para reparar o reemplazar su vehículo si colisiona con otro vehículo u objeto, independientemente de la culpa.', true, '2026-01-14 22:43:34.49809', '2026-01-14 22:43:34.49809') ON CONFLICT (id) DO NOTHING;
INSERT INTO questions (id, category, topic, question_text_en, question_text_es, options_en, options_es, correct_answer, explanation_en, explanation_es, is_active, created_at, updated_at) VALUES ('01b46799-b17b-436c-b88c-959551a90a11', 'property_casualty', NULL, 'What is professional liability insurance (E&O)?', '¿Qué es el seguro de responsabilidad profesional (E&O)?', '["Coverage for claims arising from professional services or advice", "General liability insurance", "Property insurance", "Auto insurance"]', '["Cobertura para reclamos que surgen de servicios o consejos profesionales", "Seguro de responsabilidad general", "Seguro de propiedad", "Seguro de auto"]', 0, 'Professional liability (Errors & Omissions) insurance covers claims arising from professional negligence, errors, or omissions.', 'El seguro de responsabilidad profesional (Errores y Omisiones) cubre reclamos que surgen de negligencia profesional, errores u omisiones.', true, '2026-01-14 22:43:34.545248', '2026-01-14 22:43:34.545248') ON CONFLICT (id) DO NOTHING;
INSERT INTO questions (id, category, topic, question_text_en, question_text_es, options_en, options_es, correct_answer, explanation_en, explanation_es, is_active, created_at, updated_at) VALUES ('02a88d57-10bc-4fa6-a767-a1eb2a9f2dc0', 'property_casualty', NULL, 'What is commercial auto insurance?', '¿Qué es el seguro de auto comercial?', '["Auto insurance for vehicles used for business purposes", "Personal auto insurance", "Motorcycle insurance", "RV insurance"]', '["Seguro de auto para vehículos usados con fines comerciales", "Seguro de auto personal", "Seguro de motocicleta", "Seguro de RV"]', 0, 'Commercial auto insurance covers vehicles owned or used by a business for business purposes.', 'El seguro de auto comercial cubre vehículos propiedad de un negocio o usados por un negocio con fines comerciales.', true, '2026-01-14 22:43:34.553058', '2026-01-14 22:43:34.553058') ON CONFLICT (id) DO NOTHING;
INSERT INTO questions (id, category, topic, question_text_en, question_text_es, options_en, options_es, correct_answer, explanation_en, explanation_es, is_active, created_at, updated_at) VALUES ('037e0687-4253-458a-b396-69df98b369d8', 'property_casualty', NULL, 'What is Texas FAIR Plan?', '¿Qué es el Plan FAIR de Texas?', '["A state program providing property insurance for high-risk properties that can''t get coverage elsewhere", "A discount program", "A government subsidy", "A commercial insurance company"]', '["Un programa estatal que proporciona seguro de propiedad para propiedades de alto riesgo que no pueden obtener cobertura en otro lugar", "Un programa de descuento", "Un subsidio del gobierno", "Una compañía de seguros comercial"]', 0, 'The Texas FAIR Plan is a last-resort insurance program for property owners who cannot obtain coverage in the regular market.', 'El Plan FAIR de Texas es un programa de seguro de último recurso para propietarios que no pueden obtener cobertura en el mercado regular.', true, '2026-01-14 22:43:34.641161', '2026-01-14 22:43:34.641161') ON CONFLICT (id) DO NOTHING;
INSERT INTO questions (id, category, topic, question_text_en, question_text_es, options_en, options_es, correct_answer, explanation_en, explanation_es, is_active, created_at, updated_at) VALUES ('05b27548-f2e9-44e3-9f8d-5d097fa8ab80', 'property_casualty', NULL, 'What benefits does workers compensation typically provide?', '¿Qué beneficios proporciona típicamente la compensación de trabajadores?', '["Medical expenses, lost wages, rehabilitation, and death benefits", "Only medical expenses", "Only lost wages", "Only rehabilitation"]', '["Gastos médicos, salarios perdidos, rehabilitación y beneficios por muerte", "Solo gastos médicos", "Solo salarios perdidos", "Solo rehabilitación"]', 0, 'Workers compensation provides medical benefits, disability income, rehabilitation services, and death benefits to survivors.', 'La compensación de trabajadores proporciona beneficios médicos, ingresos por discapacidad, servicios de rehabilitación y beneficios por muerte a sobrevivientes.', true, '2026-01-14 22:49:00.512294', '2026-01-14 22:49:00.512294') ON CONFLICT (id) DO NOTHING;
INSERT INTO questions (id, category, topic, question_text_en, question_text_es, options_en, options_es, correct_answer, explanation_en, explanation_es, is_active, created_at, updated_at) VALUES ('07d0f908-8d05-46cd-983b-f448686fc0b0', 'property_casualty', NULL, 'What is subrogation?', '¿Qué es la subrogación?', '["The insurer''s right to recover payment from the party at fault", "A type of coverage", "A premium discount", "A policy endorsement"]', '["El derecho del asegurador de recuperar el pago de la parte culpable", "Un tipo de cobertura", "Un descuento de prima", "Un endoso de póliza"]', 0, 'Subrogation allows an insurance company to pursue a third party that caused an insurance loss to recover the amount paid to the policyholder.', 'La subrogación permite a una compañía de seguros perseguir a un tercero que causó una pérdida de seguro para recuperar la cantidad pagada al asegurado.', true, '2026-01-14 18:28:35.583271', '2026-01-14 18:28:35.583271') ON CONFLICT (id) DO NOTHING;
INSERT INTO questions (id, category, topic, question_text_en, question_text_es, options_en, options_es, correct_answer, explanation_en, explanation_es, is_active, created_at, updated_at) VALUES ('08594812-af75-4a0a-8bf0-3bbcbccf38c4', 'property_casualty', NULL, 'What is the cancellation notice period for a homeowners policy in Texas?', '¿Cuál es el período de aviso de cancelación para una póliza de propietarios en Texas?', '["30 days for most reasons, 10 days for non-payment", "7 days", "60 days", "90 days"]', '["30 días para la mayoría de razones, 10 días por falta de pago", "7 días", "60 días", "90 días"]', 0, 'Texas requires insurers to give 30 days'' notice for most cancellations and 10 days'' notice for non-payment of premium.', 'Texas requiere que los aseguradores den 30 días de aviso para la mayoría de cancelaciones y 10 días de aviso por falta de pago de prima.', true, '2026-01-14 22:43:34.662306', '2026-01-14 22:43:34.662306') ON CONFLICT (id) DO NOTHING;
INSERT INTO questions (id, category, topic, question_text_en, question_text_es, options_en, options_es, correct_answer, explanation_en, explanation_es, is_active, created_at, updated_at) VALUES ('0ae5560a-6ede-437b-af2c-9a610a87f7d4', 'property_casualty', NULL, 'What is subrogation in insurance?', '¿Qué es la subrogación en seguros?', '["The insurer''s right to pursue a third party that caused the loss", "Transferring the policy to another person", "Canceling the policy", "Reducing the premium"]', '["El derecho del asegurador de perseguir a un tercero que causó la pérdida", "Transferir la póliza a otra persona", "Cancelar la póliza", "Reducir la prima"]', 0, 'Subrogation allows an insurer that paid a claim to pursue recovery from the third party responsible for causing the loss.', 'La subrogación permite a un asegurador que pagó un reclamo perseguir la recuperación del tercero responsable de causar la pérdida.', true, '2026-01-14 22:43:34.48828', '2026-01-14 22:43:34.48828') ON CONFLICT (id) DO NOTHING;
INSERT INTO questions (id, category, topic, question_text_en, question_text_es, options_en, options_es, correct_answer, explanation_en, explanation_es, is_active, created_at, updated_at) VALUES ('0b40b44c-79dd-4abc-a357-3f4fdce25745', 'property_casualty', NULL, 'What is Personal Injury Protection (PIP) in Texas?', '¿Qué es la Protección de Lesiones Personales (PIP) en Texas?', '["No-fault coverage for medical expenses and lost wages for the insured", "Liability coverage", "Collision coverage", "Property damage coverage"]', '["Cobertura sin culpa para gastos médicos y salarios perdidos para el asegurado", "Cobertura de responsabilidad", "Cobertura de colisión", "Cobertura de daños a la propiedad"]', 0, 'PIP is no-fault coverage that pays medical expenses and lost income for you and your passengers, regardless of who caused the accident.', 'PIP es cobertura sin culpa que paga gastos médicos e ingresos perdidos para usted y sus pasajeros, independientemente de quién causó el accidente.', true, '2026-01-14 22:43:34.503354', '2026-01-14 22:43:34.503354') ON CONFLICT (id) DO NOTHING;
INSERT INTO questions (id, category, topic, question_text_en, question_text_es, options_en, options_es, correct_answer, explanation_en, explanation_es, is_active, created_at, updated_at) VALUES ('0b820e00-027c-4b1d-b9a3-2b0c16ab9649', 'property_casualty', NULL, 'What is the parol evidence rule?', '¿Qué es la regla de evidencia parol?', '["Oral statements cannot change a written contract''s terms", "Oral statements always apply", "Written contracts are invalid", "Both oral and written are equal"]', '["Las declaraciones orales no pueden cambiar los términos de un contrato escrito", "Las declaraciones orales siempre aplican", "Los contratos escritos son inválidos", "Ambos oral y escrito son iguales"]', 0, 'The parol evidence rule prevents oral statements from modifying the terms of a written insurance contract.', 'La regla de evidencia parol previene que las declaraciones orales modifiquen los términos de un contrato de seguro escrito.', true, '2026-01-14 22:46:59.831662', '2026-01-14 22:46:59.831662') ON CONFLICT (id) DO NOTHING;
INSERT INTO questions (id, category, topic, question_text_en, question_text_es, options_en, options_es, correct_answer, explanation_en, explanation_es, is_active, created_at, updated_at) VALUES ('0c3be785-6785-4c26-9c39-cf5ff03a2efb', 'property_casualty', NULL, 'What is a policy condition?', '¿Qué es una condición de póliza?', '["A provision that qualifies or limits the insurer''s obligation to pay", "The premium amount", "The coverage limit", "The deductible"]', '["Una disposición que califica o limita la obligación del asegurador de pagar", "El monto de la prima", "El límite de cobertura", "El deducible"]', 0, 'Policy conditions are provisions that qualify or limit the insurer''s promise to pay, often outlining duties of both parties.', 'Las condiciones de póliza son disposiciones que califican o limitan la promesa del asegurador de pagar, a menudo describiendo deberes de ambas partes.', true, '2026-01-14 22:43:34.592049', '2026-01-14 22:43:34.592049') ON CONFLICT (id) DO NOTHING;
INSERT INTO questions (id, category, topic, question_text_en, question_text_es, options_en, options_es, correct_answer, explanation_en, explanation_es, is_active, created_at, updated_at) VALUES ('0c715da9-25d3-44a3-a4c2-8d153146c28c', 'property_casualty', NULL, 'What is estoppel in insurance?', '¿Qué es el estoppel en seguros?', '["Preventing a party from asserting a right because their actions led another to rely on different facts", "A coverage type", "A premium calculation", "A claim procedure"]', '["Prevenir que una parte afirme un derecho porque sus acciones llevaron a otro a confiar en hechos diferentes", "Un tipo de cobertura", "Un cálculo de prima", "Un procedimiento de reclamo"]', 0, 'Estoppel prevents an insurer from denying coverage when their actions caused the insured to reasonably rely on coverage.', 'El estoppel previene que un asegurador niegue cobertura cuando sus acciones causaron que el asegurado razonablemente confiara en la cobertura.', true, '2026-01-14 22:46:59.858077', '2026-01-14 22:46:59.858077') ON CONFLICT (id) DO NOTHING;
INSERT INTO questions (id, category, topic, question_text_en, question_text_es, options_en, options_es, correct_answer, explanation_en, explanation_es, is_active, created_at, updated_at) VALUES ('0d6e0bd1-873e-4360-84c6-5e863aa092c9', 'property_casualty', NULL, 'Which peril is typically excluded from standard homeowners policies?', '¿Qué peligro típicamente se excluye de las pólizas estándar de propietarios?', '["Flood", "Fire", "Wind", "Lightning"]', '["Inundación", "Incendio", "Viento", "Rayo"]', 0, 'Flood damage is typically excluded from standard homeowners policies and requires separate flood insurance.', 'El daño por inundación típicamente se excluye de las pólizas estándar de propietarios y requiere seguro contra inundaciones separado.', true, '2026-01-14 22:43:34.472607', '2026-01-14 22:43:34.472607') ON CONFLICT (id) DO NOTHING;
INSERT INTO questions (id, category, topic, question_text_en, question_text_es, options_en, options_es, correct_answer, explanation_en, explanation_es, is_active, created_at, updated_at) VALUES ('0ea4b7a4-8ce2-4bb9-a2de-54439889f38c', 'property_casualty', NULL, 'What is a contractor''s equipment floater?', '¿Qué es un flotante de equipo de contratista?', '["Coverage for mobile equipment used by contractors", "Building coverage", "Liability coverage", "Auto coverage"]', '["Cobertura para equipo móvil usado por contratistas", "Cobertura de edificio", "Cobertura de responsabilidad", "Cobertura de auto"]', 0, 'A contractor''s equipment floater covers mobile equipment and tools used at various job sites.', 'Un flotante de equipo de contratista cubre equipo móvil y herramientas usados en varios sitios de trabajo.', true, '2026-01-14 22:46:59.751446', '2026-01-14 22:46:59.751446') ON CONFLICT (id) DO NOTHING;
INSERT INTO questions (id, category, topic, question_text_en, question_text_es, options_en, options_es, correct_answer, explanation_en, explanation_es, is_active, created_at, updated_at) VALUES ('1260e1fd-410e-4aa3-bae1-f3c6ceadf1a3', 'property_casualty', NULL, 'What action can TDI take against an agent who commits fraud?', '¿Qué acción puede tomar TDI contra un agente que comete fraude?', '["Revoke or suspend the license and impose fines", "Only issue a warning", "Nothing", "Transfer to another state"]', '["Revocar o suspender la licencia e imponer multas", "Solo emitir una advertencia", "Nada", "Transferir a otro estado"]', 0, 'TDI can revoke, suspend, or refuse to renew licenses and impose administrative penalties for fraud.', 'TDI puede revocar, suspender o negarse a renovar licencias e imponer penalidades administrativas por fraude.', true, '2026-01-14 22:43:34.407126', '2026-01-14 22:43:34.407126') ON CONFLICT (id) DO NOTHING;
INSERT INTO questions (id, category, topic, question_text_en, question_text_es, options_en, options_es, correct_answer, explanation_en, explanation_es, is_active, created_at, updated_at) VALUES ('135e1f38-9e38-4bb7-bca1-b2d86bae9900', 'property_casualty', NULL, 'What is a moral hazard?', '¿Qué es un riesgo moral?', '["The tendency to be less careful when insured, or to intentionally cause a loss", "A physical condition that increases risk", "A type of coverage", "An insurance premium"]', '["La tendencia a ser menos cuidadoso cuando se está asegurado, o a causar una pérdida intencionalmente", "Una condición física que aumenta el riesgo", "Un tipo de cobertura", "Una prima de seguro"]', 0, 'Moral hazard refers to the increased likelihood of loss due to dishonesty or character defects of the insured.', 'El riesgo moral se refiere a la mayor probabilidad de pérdida debido a la deshonestidad o defectos de carácter del asegurado.', true, '2026-01-14 22:43:34.574701', '2026-01-14 22:43:34.574701') ON CONFLICT (id) DO NOTHING;
INSERT INTO questions (id, category, topic, question_text_en, question_text_es, options_en, options_es, correct_answer, explanation_en, explanation_es, is_active, created_at, updated_at) VALUES ('14a843ea-50fd-4bce-a85d-53f486871cac', 'property_casualty', NULL, 'What is environmental impairment liability insurance?', '¿Qué es el seguro de responsabilidad por deterioro ambiental?', '["Specialized coverage for pollution and environmental damage claims", "Standard liability", "Property coverage", "Auto coverage"]', '["Cobertura especializada para reclamos de contaminación y daño ambiental", "Responsabilidad estándar", "Cobertura de propiedad", "Cobertura de auto"]', 0, 'Environmental impairment liability insurance specifically covers pollution and environmental contamination claims.', 'El seguro de responsabilidad por deterioro ambiental cubre específicamente reclamos de contaminación y contaminación ambiental.', true, '2026-01-14 22:49:00.474571', '2026-01-14 22:49:00.474571') ON CONFLICT (id) DO NOTHING;
INSERT INTO questions (id, category, topic, question_text_en, question_text_es, options_en, options_es, correct_answer, explanation_en, explanation_es, is_active, created_at, updated_at) VALUES ('14aa78d7-8d74-4948-a771-00cb4760b4c1', 'property_casualty', NULL, 'What is the difference between actual cash value and replacement cost?', '¿Cuál es la diferencia entre valor real en efectivo y costo de reemplazo?', '["ACV deducts depreciation; replacement cost pays full replacement amount", "They are the same", "ACV is always higher", "Replacement cost includes depreciation"]', '["ACV deduce depreciación; costo de reemplazo paga el monto total de reemplazo", "Son lo mismo", "ACV siempre es más alto", "Costo de reemplazo incluye depreciación"]', 0, 'Actual Cash Value (ACV) is replacement cost minus depreciation, while replacement cost coverage pays to replace items without deducting for depreciation.', 'El Valor Real en Efectivo (ACV) es el costo de reemplazo menos depreciación, mientras que la cobertura de costo de reemplazo paga para reemplazar artículos sin deducir por depreciación.', true, '2026-01-14 18:28:35.571466', '2026-01-14 18:28:35.571466') ON CONFLICT (id) DO NOTHING;
INSERT INTO questions (id, category, topic, question_text_en, question_text_es, options_en, options_es, correct_answer, explanation_en, explanation_es, is_active, created_at, updated_at) VALUES ('15959a54-f237-428a-9ecd-cac9e04bdb81', 'property_casualty', NULL, 'What is rebating in insurance?', '¿Qué es el rebating en seguros?', '["Offering something of value not in the policy as an inducement to purchase", "Providing a policy discount", "Offering good customer service", "Providing a quote"]', '["Ofrecer algo de valor no incluido en la póliza como incentivo para comprar", "Proporcionar un descuento en la póliza", "Ofrecer buen servicio al cliente", "Proporcionar una cotización"]', 0, 'Rebating is the illegal practice of offering anything of value not specified in the policy as an inducement to purchase insurance.', 'El rebating es la práctica ilegal de ofrecer cualquier cosa de valor no especificada en la póliza como incentivo para comprar seguros.', true, '2026-01-14 22:43:34.416025', '2026-01-14 22:43:34.416025') ON CONFLICT (id) DO NOTHING;
INSERT INTO questions (id, category, topic, question_text_en, question_text_es, options_en, options_es, correct_answer, explanation_en, explanation_es, is_active, created_at, updated_at) VALUES ('16d945e1-d765-4bf3-8b92-a447401166ce', 'property_casualty', NULL, 'What is strict liability?', '¿Qué es la responsabilidad estricta?', '["Liability without proof of negligence, applied to abnormally dangerous activities", "Liability only with negligence", "No liability", "Criminal liability"]', '["Responsabilidad sin prueba de negligencia, aplicada a actividades anormalmente peligrosas", "Responsabilidad solo con negligencia", "Sin responsabilidad", "Responsabilidad criminal"]', 0, 'Strict liability holds a party responsible regardless of fault or negligence, often applied to inherently dangerous activities.', 'La responsabilidad estricta hace a una parte responsable independientemente de culpa o negligencia, a menudo aplicada a actividades inherentemente peligrosas.', true, '2026-01-14 22:46:59.605923', '2026-01-14 22:46:59.605923') ON CONFLICT (id) DO NOTHING;
INSERT INTO questions (id, category, topic, question_text_en, question_text_es, options_en, options_es, correct_answer, explanation_en, explanation_es, is_active, created_at, updated_at) VALUES ('179d42ee-f5c0-4948-834a-519356bd2b4d', 'property_casualty', NULL, 'What is a Business Owners Policy (BOP)?', '¿Qué es una Póliza de Propietarios de Negocios (BOP)?', '["A package policy for small to medium businesses combining property and liability", "A large corporation policy", "A personal policy", "An auto policy"]', '["Una póliza de paquete para pequeñas y medianas empresas que combina propiedad y responsabilidad", "Una póliza de corporación grande", "Una póliza personal", "Una póliza de auto"]', 0, 'A BOP is a simplified package policy designed for small to medium-sized businesses, combining property and general liability coverage.', 'Una BOP es una póliza de paquete simplificada diseñada para pequeñas y medianas empresas, combinando cobertura de propiedad y responsabilidad general.', true, '2026-01-14 22:43:34.537179', '2026-01-14 22:43:34.537179') ON CONFLICT (id) DO NOTHING;
INSERT INTO questions (id, category, topic, question_text_en, question_text_es, options_en, options_es, correct_answer, explanation_en, explanation_es, is_active, created_at, updated_at) VALUES ('1896082b-33f0-48f4-bcc6-46401483b970', 'property_casualty', NULL, 'What is the business pursuits exclusion?', '¿Qué es la exclusión de actividades comerciales?', '["An exclusion in personal policies for liability arising from business activities", "Business coverage", "A coverage addition", "A premium discount"]', '["Una exclusión en pólizas personales por responsabilidad que surge de actividades comerciales", "Cobertura comercial", "Una adición de cobertura", "Un descuento de prima"]', 0, 'The business pursuits exclusion removes coverage for liability arising from the insured''s business activities.', 'La exclusión de actividades comerciales elimina cobertura por responsabilidad que surge de las actividades comerciales del asegurado.', true, '2026-01-14 22:49:00.484461', '2026-01-14 22:49:00.484461') ON CONFLICT (id) DO NOTHING;
INSERT INTO questions (id, category, topic, question_text_en, question_text_es, options_en, options_es, correct_answer, explanation_en, explanation_es, is_active, created_at, updated_at) VALUES ('1a3d0400-6bc0-4644-a907-4af00d0b1f45', 'property_casualty', NULL, 'What is the difference between collision and comprehensive auto coverage?', '¿Cuál es la diferencia entre cobertura de colisión y comprensiva de auto?', '["Collision covers accidents; comprehensive covers non-collision events", "They are the same", "Collision covers theft", "Comprehensive covers accidents"]', '["Colisión cubre accidentes; comprensiva cubre eventos sin colisión", "Son lo mismo", "Colisión cubre robo", "Comprensiva cubre accidentes"]', 0, 'Collision covers damage from accidents with other vehicles or objects, while comprehensive covers theft, vandalism, weather damage, and animal strikes.', 'Colisión cubre daños de accidentes con otros vehículos u objetos, mientras que comprensiva cubre robo, vandalismo, daños climáticos e impactos con animales.', true, '2026-01-14 18:28:35.597536', '2026-01-14 18:28:35.597536') ON CONFLICT (id) DO NOTHING;
INSERT INTO questions (id, category, topic, question_text_en, question_text_es, options_en, options_es, correct_answer, explanation_en, explanation_es, is_active, created_at, updated_at) VALUES ('1b180e0f-1b6c-4cbe-9e3f-15e5e19aff14', 'property_casualty', NULL, 'What is the difference between an agent and a broker?', '¿Cuál es la diferencia entre un agente y un corredor?', '["An agent represents the insurer; a broker represents the client", "They are the same", "A broker represents the insurer", "An agent represents the client"]', '["Un agente representa al asegurador; un corredor representa al cliente", "Son lo mismo", "Un corredor representa al asegurador", "Un agente representa al cliente"]', 0, 'An agent typically represents the insurance company, while a broker represents the insurance buyer.', 'Un agente típicamente representa a la compañía de seguros, mientras que un corredor representa al comprador de seguros.', true, '2026-01-14 22:43:34.654133', '2026-01-14 22:43:34.654133') ON CONFLICT (id) DO NOTHING;
INSERT INTO questions (id, category, topic, question_text_en, question_text_es, options_en, options_es, correct_answer, explanation_en, explanation_es, is_active, created_at, updated_at) VALUES ('1b493cf1-1962-4362-9b57-32aaf4b4db90', 'property_casualty', NULL, 'What is an umbrella policy?', '¿Qué es una póliza paraguas?', '["Excess liability coverage beyond underlying policy limits", "Flood coverage", "Earthquake coverage", "Workers compensation"]', '["Cobertura de responsabilidad excedente más allá de los límites de la póliza subyacente", "Cobertura contra inundaciones", "Cobertura contra terremotos", "Compensación de trabajadores"]', 0, 'An umbrella policy provides additional liability coverage above the limits of homeowner''s, auto, and other primary policies.', 'Una póliza paraguas proporciona cobertura de responsabilidad adicional por encima de los límites de las pólizas primarias de propietario, auto y otras.', true, '2026-01-14 18:28:35.586897', '2026-01-14 18:28:35.586897') ON CONFLICT (id) DO NOTHING;
INSERT INTO questions (id, category, topic, question_text_en, question_text_es, options_en, options_es, correct_answer, explanation_en, explanation_es, is_active, created_at, updated_at) VALUES ('1d13d7e4-fefa-41bf-946b-b28e2d6eb81e', 'property_casualty', NULL, 'What is valued policy law?', '¿Qué es la ley de póliza valorada?', '["A state law requiring insurers to pay the full face value for total loss of property", "A federal law", "A policy exclusion", "A coverage limitation"]', '["Una ley estatal que requiere que los aseguradores paguen el valor nominal total por pérdida total de propiedad", "Una ley federal", "Una exclusión de póliza", "Una limitación de cobertura"]', 0, 'Valued policy laws require insurers to pay the full policy face amount in case of a total loss.', 'Las leyes de póliza valorada requieren que los aseguradores paguen el monto nominal total de la póliza en caso de pérdida total.', true, '2026-01-14 22:46:59.668658', '2026-01-14 22:46:59.668658') ON CONFLICT (id) DO NOTHING;
INSERT INTO questions (id, category, topic, question_text_en, question_text_es, options_en, options_es, correct_answer, explanation_en, explanation_es, is_active, created_at, updated_at) VALUES ('1e1e5a40-9c98-4353-a8a6-d9d5aab3157d', 'property_casualty', NULL, 'What is underinsured motorist coverage?', '¿Qué es la cobertura de motorista con seguro insuficiente?', '["Coverage when the at-fault driver''s insurance limits are insufficient to cover your damages", "Coverage for uninsured drivers", "Collision coverage", "Comprehensive coverage"]', '["Cobertura cuando los límites de seguro del conductor culpable son insuficientes para cubrir sus daños", "Cobertura para conductores sin seguro", "Cobertura de colisión", "Cobertura comprensiva"]', 0, 'Underinsured motorist coverage kicks in when the at-fault driver''s insurance isn''t enough to cover your injuries and damages.', 'La cobertura de motorista con seguro insuficiente entra cuando el seguro del conductor culpable no es suficiente para cubrir sus lesiones y daños.', true, '2026-01-14 22:43:34.510856', '2026-01-14 22:43:34.510856') ON CONFLICT (id) DO NOTHING;
INSERT INTO questions (id, category, topic, question_text_en, question_text_es, options_en, options_es, correct_answer, explanation_en, explanation_es, is_active, created_at, updated_at) VALUES ('1f9f1d91-2eaf-41a3-9507-f596f2d4f488', 'property_casualty', NULL, 'What is the aircraft exclusion?', '¿Qué es la exclusión de aeronaves?', '["Exclusion for liability arising from aircraft ownership or operation", "Aircraft coverage", "A coverage addition", "A premium discount"]', '["Exclusión por responsabilidad que surge de la propiedad u operación de aeronaves", "Cobertura de aeronaves", "Una adición de cobertura", "Un descuento de prima"]', 0, 'The aircraft exclusion removes coverage for liability from owning, maintaining, or using aircraft.', 'La exclusión de aeronaves elimina cobertura por responsabilidad de poseer, mantener o usar aeronaves.', true, '2026-01-14 22:49:00.496628', '2026-01-14 22:49:00.496628') ON CONFLICT (id) DO NOTHING;
INSERT INTO questions (id, category, topic, question_text_en, question_text_es, options_en, options_es, correct_answer, explanation_en, explanation_es, is_active, created_at, updated_at) VALUES ('202efc08-a5fc-4170-8fee-84e50555d351', 'property_casualty', NULL, 'What state agency regulates insurance in Texas?', '¿Qué agencia estatal regula los seguros en Texas?', '["Texas Department of Insurance (TDI)", "Texas Real Estate Commission", "Texas Department of Licensing", "Texas Insurance Board"]', '["Departamento de Seguros de Texas (TDI)", "Comisión de Bienes Raíces de Texas", "Departamento de Licencias de Texas", "Junta de Seguros de Texas"]', 0, 'The Texas Department of Insurance (TDI) regulates the insurance industry in Texas.', 'El Departamento de Seguros de Texas (TDI) regula la industria de seguros en Texas.', true, '2026-01-14 22:43:34.378161', '2026-01-14 22:43:34.378161') ON CONFLICT (id) DO NOTHING;
INSERT INTO questions (id, category, topic, question_text_en, question_text_es, options_en, options_es, correct_answer, explanation_en, explanation_es, is_active, created_at, updated_at) VALUES ('2789d76c-cdea-45cf-bc8a-25972f369588', 'property_casualty', NULL, 'What is the HO-3 policy form?', '¿Qué es el formulario de póliza HO-3?', '["The most common homeowners policy with open perils on dwelling, named perils on contents", "A renter''s policy", "A condo policy", "A mobile home policy"]', '["La póliza de propietarios más común con riesgos abiertos en vivienda, riesgos nombrados en contenidos", "Una póliza de inquilinos", "Una póliza de condominio", "Una póliza de casa móvil"]', 0, 'The HO-3 is the most common homeowners policy, providing open peril coverage on the dwelling and named peril coverage on personal property.', 'El HO-3 es la póliza de propietarios más común, proporcionando cobertura de riesgo abierto en la vivienda y cobertura de riesgo nombrado en propiedad personal.', true, '2026-01-14 22:43:34.443098', '2026-01-14 22:43:34.443098') ON CONFLICT (id) DO NOTHING;
INSERT INTO questions (id, category, topic, question_text_en, question_text_es, options_en, options_es, correct_answer, explanation_en, explanation_es, is_active, created_at, updated_at) VALUES ('2802dcff-16cf-4c77-a6a8-7129ea54d02a', 'property_casualty', NULL, 'What is the duties after loss condition?', '¿Qué es la condición de deberes después de la pérdida?', '["Requirements the insured must fulfill after a loss occurs", "Pre-loss requirements", "Coverage limits", "Premium calculations"]', '["Requisitos que el asegurado debe cumplir después de que ocurra una pérdida", "Requisitos previos a la pérdida", "Límites de cobertura", "Cálculos de prima"]', 0, 'Duties after loss require the insured to take specific actions after a loss, like protecting property and cooperating with the investigation.', 'Los deberes después de la pérdida requieren que el asegurado tome acciones específicas después de una pérdida, como proteger la propiedad y cooperar con la investigación.', true, '2026-01-14 22:46:59.697029', '2026-01-14 22:46:59.697029') ON CONFLICT (id) DO NOTHING;
INSERT INTO questions (id, category, topic, question_text_en, question_text_es, options_en, options_es, correct_answer, explanation_en, explanation_es, is_active, created_at, updated_at) VALUES ('29f4f853-58e7-4135-9297-856665f92951', 'property_casualty', NULL, 'What is liability coverage in auto insurance?', '¿Qué es la cobertura de responsabilidad en el seguro de auto?', '["Coverage for damages you cause to others", "Coverage for your own vehicle", "Coverage for medical bills", "Coverage for theft"]', '["Cobertura por daños que usted causa a otros", "Cobertura para su propio vehículo", "Cobertura para facturas médicas", "Cobertura por robo"]', 0, 'Liability coverage pays for injuries and property damage you cause to others in an accident where you are at fault.', 'La cobertura de responsabilidad paga por lesiones y daños a la propiedad que usted causa a otros en un accidente donde usted tiene la culpa.', true, '2026-01-14 22:43:34.494183', '2026-01-14 22:43:34.494183') ON CONFLICT (id) DO NOTHING;
INSERT INTO questions (id, category, topic, question_text_en, question_text_es, options_en, options_es, correct_answer, explanation_en, explanation_es, is_active, created_at, updated_at) VALUES ('2b424ee3-f693-411a-aee5-07dfd0481766', 'property_casualty', NULL, 'What is debris removal coverage?', '¿Qué es la cobertura de remoción de escombros?', '["Coverage for costs to remove debris after a covered loss", "Coverage for trash removal", "Liability coverage", "Auto coverage"]', '["Cobertura para costos de remover escombros después de una pérdida cubierta", "Cobertura para remoción de basura", "Cobertura de responsabilidad", "Cobertura de auto"]', 0, 'Debris removal coverage pays for the cost of removing debris from a property after a covered loss.', 'La cobertura de remoción de escombros paga el costo de remover escombros de una propiedad después de una pérdida cubierta.', true, '2026-01-14 22:46:59.642374', '2026-01-14 22:46:59.642374') ON CONFLICT (id) DO NOTHING;
INSERT INTO questions (id, category, topic, question_text_en, question_text_es, options_en, options_es, correct_answer, explanation_en, explanation_es, is_active, created_at, updated_at) VALUES ('2d78f9e1-f961-4d13-ab48-424f79e597b8', 'property_casualty', NULL, 'What is workers'' compensation insurance?', '¿Qué es el seguro de compensación de trabajadores?', '["Coverage for employee injuries and illnesses arising from employment", "Health insurance for employees", "Life insurance for workers", "Disability insurance"]', '["Cobertura para lesiones y enfermedades de empleados que surgen del empleo", "Seguro de salud para empleados", "Seguro de vida para trabajadores", "Seguro de discapacidad"]', 0, 'Workers'' compensation provides benefits to employees who suffer work-related injuries or illnesses, covering medical costs and lost wages.', 'La compensación de trabajadores proporciona beneficios a empleados que sufren lesiones o enfermedades relacionadas con el trabajo, cubriendo costos médicos y salarios perdidos.', true, '2026-01-14 22:43:34.547452', '2026-01-14 22:43:34.547452') ON CONFLICT (id) DO NOTHING;
INSERT INTO questions (id, category, topic, question_text_en, question_text_es, options_en, options_es, correct_answer, explanation_en, explanation_es, is_active, created_at, updated_at) VALUES ('303a6104-f7ac-4269-a74a-ce0198866f7a', 'property_casualty', NULL, 'What happens if you let an uninsured friend drive your car and they cause an accident?', '¿Qué pasa si deja que un amigo sin seguro conduzca su auto y causa un accidente?', '["Your insurance typically covers the accident as primary", "The friend''s insurance covers it", "No coverage applies", "The state pays for damages"]', '["Su seguro típicamente cubre el accidente como primario", "El seguro del amigo lo cubre", "No aplica cobertura", "El estado paga por los daños"]', 0, 'In most cases, auto insurance follows the vehicle, so your policy would be primary coverage for permissive users.', 'En la mayoría de los casos, el seguro de auto sigue al vehículo, así que su póliza sería la cobertura primaria para usuarios permitidos.', true, '2026-01-14 22:43:34.531284', '2026-01-14 22:43:34.531284') ON CONFLICT (id) DO NOTHING;
INSERT INTO questions (id, category, topic, question_text_en, question_text_es, options_en, options_es, correct_answer, explanation_en, explanation_es, is_active, created_at, updated_at) VALUES ('30880f9f-ae35-42ee-b41e-725f02009407', 'property_casualty', NULL, 'What is the Texas Windstorm Insurance Association (TWIA)?', '¿Qué es la Asociación de Seguros contra Tormentas de Viento de Texas (TWIA)?', '["An insurance pool providing wind and hail coverage for coastal areas", "A flood insurance program", "A life insurance company", "A health insurance provider"]', '["Un grupo de seguros que proporciona cobertura de viento y granizo para áreas costeras", "Un programa de seguro contra inundaciones", "Una compañía de seguro de vida", "Un proveedor de seguro de salud"]', 0, 'TWIA provides wind and hail coverage to property owners in designated Texas coastal counties who cannot obtain coverage elsewhere.', 'TWIA proporciona cobertura de viento y granizo a propietarios en condados costeros designados de Texas que no pueden obtener cobertura en otro lugar.', true, '2026-01-14 18:28:35.627389', '2026-01-14 18:28:35.627389') ON CONFLICT (id) DO NOTHING;
INSERT INTO questions (id, category, topic, question_text_en, question_text_es, options_en, options_es, correct_answer, explanation_en, explanation_es, is_active, created_at, updated_at) VALUES ('3417456f-21a9-45dc-9d6b-b5ef91a9e64e', 'property_casualty', NULL, 'What is uninsured motorist coverage?', '¿Qué es la cobertura de motorista sin seguro?', '["Coverage when you''re hit by a driver who has no insurance", "Coverage for your vehicle repairs", "Medical payments coverage", "Comprehensive coverage"]', '["Cobertura cuando es golpeado por un conductor que no tiene seguro", "Cobertura para reparaciones de su vehículo", "Cobertura de pagos médicos", "Cobertura comprensiva"]', 0, 'Uninsured motorist coverage protects you when you''re injured by a driver who has no liability insurance.', 'La cobertura de motorista sin seguro lo protege cuando es lesionado por un conductor que no tiene seguro de responsabilidad.', true, '2026-01-14 22:43:34.506941', '2026-01-14 22:43:34.506941') ON CONFLICT (id) DO NOTHING;
INSERT INTO questions (id, category, topic, question_text_en, question_text_es, options_en, options_es, correct_answer, explanation_en, explanation_es, is_active, created_at, updated_at) VALUES ('34be9bde-9d8a-4b2b-b4f3-8a15db04e13d', 'property_casualty', NULL, 'What is a deductible?', '¿Qué es un deducible?', '["The amount the insured pays before insurance covers the rest", "The premium amount", "The coverage limit", "The policy term"]', '["La cantidad que el asegurado paga antes de que el seguro cubra el resto", "El monto de la prima", "El límite de cobertura", "El plazo de la póliza"]', 0, 'A deductible is the amount a policyholder must pay out-of-pocket before the insurance company pays for a covered loss.', 'Un deducible es la cantidad que un asegurado debe pagar de su bolsillo antes de que la compañía de seguros pague por una pérdida cubierta.', true, '2026-01-14 18:28:35.567556', '2026-01-14 18:28:35.567556') ON CONFLICT (id) DO NOTHING;
INSERT INTO questions (id, category, topic, question_text_en, question_text_es, options_en, options_es, correct_answer, explanation_en, explanation_es, is_active, created_at, updated_at) VALUES ('35252c8d-2ec3-47ad-ae88-d05b4b7e585d', 'property_casualty', NULL, 'What is the principle of indemnity?', '¿Cuál es el principio de indemnización?', '["Insurance should restore the insured to the same financial position as before the loss", "Insurance should profit the insured", "Insurance covers all losses", "Insurance is optional"]', '["El seguro debe restaurar al asegurado a la misma posición financiera que antes de la pérdida", "El seguro debe beneficiar al asegurado", "El seguro cubre todas las pérdidas", "El seguro es opcional"]', 0, 'The principle of indemnity ensures that insurance restores the insured to their pre-loss condition without profit.', 'El principio de indemnización asegura que el seguro restaure al asegurado a su condición anterior a la pérdida sin ganancia.', true, '2026-01-14 22:43:34.565388', '2026-01-14 22:43:34.565388') ON CONFLICT (id) DO NOTHING;
INSERT INTO questions (id, category, topic, question_text_en, question_text_es, options_en, options_es, correct_answer, explanation_en, explanation_es, is_active, created_at, updated_at) VALUES ('379f3c68-120a-4e2e-9543-551d988488fc', 'property_casualty', NULL, 'What is experience modification in workers compensation?', '¿Qué es la modificación de experiencia en compensación de trabajadores?', '["A factor that adjusts premium based on the employer''s loss history", "A coverage type", "A claim procedure", "A policy endorsement"]', '["Un factor que ajusta la prima basándose en el historial de pérdidas del empleador", "Un tipo de cobertura", "Un procedimiento de reclamo", "Un endoso de póliza"]', 0, 'Experience modification adjusts workers comp premiums based on the employer''s actual loss experience compared to average.', 'La modificación de experiencia ajusta las primas de compensación de trabajadores basándose en la experiencia de pérdidas real del empleador comparada con el promedio.', true, '2026-01-14 22:49:00.50574', '2026-01-14 22:49:00.50574') ON CONFLICT (id) DO NOTHING;
INSERT INTO questions (id, category, topic, question_text_en, question_text_es, options_en, options_es, correct_answer, explanation_en, explanation_es, is_active, created_at, updated_at) VALUES ('37fba652-c390-412c-bb4a-64bf33d65544', 'property_casualty', NULL, 'What is the good student discount in auto insurance?', '¿Qué es el descuento de buen estudiante en seguro de auto?', '["A discount for students who maintain good grades", "A discount for safe drivers", "A discount for new cars", "A discount for seniors"]', '["Un descuento para estudiantes que mantienen buenas calificaciones", "Un descuento para conductores seguros", "Un descuento para carros nuevos", "Un descuento para adultos mayores"]', 0, 'The good student discount reduces auto premiums for young drivers who maintain good academic grades.', 'El descuento de buen estudiante reduce las primas de auto para conductores jóvenes que mantienen buenas calificaciones académicas.', true, '2026-01-14 22:49:00.5367', '2026-01-14 22:49:00.5367') ON CONFLICT (id) DO NOTHING;
INSERT INTO questions (id, category, topic, question_text_en, question_text_es, options_en, options_es, correct_answer, explanation_en, explanation_es, is_active, created_at, updated_at) VALUES ('39154463-a4d6-492e-a884-ab50e082d6c4', 'property_casualty', NULL, 'What is products liability coverage?', '¿Qué es la cobertura de responsabilidad de productos?', '["Coverage for claims arising from products manufactured or sold by the business", "Coverage for product warranties", "Property insurance", "Auto insurance"]', '["Cobertura para reclamos que surgen de productos fabricados o vendidos por el negocio", "Cobertura para garantías de productos", "Seguro de propiedad", "Seguro de auto"]', 0, 'Products liability coverage protects businesses against claims for injuries or damages caused by products they manufacture or sell.', 'La cobertura de responsabilidad de productos protege a los negocios contra reclamos por lesiones o daños causados por productos que fabrican o venden.', true, '2026-01-14 22:43:34.542563', '2026-01-14 22:43:34.542563') ON CONFLICT (id) DO NOTHING;
INSERT INTO questions (id, category, topic, question_text_en, question_text_es, options_en, options_es, correct_answer, explanation_en, explanation_es, is_active, created_at, updated_at) VALUES ('39bb345f-5fd8-4479-b3da-e484063affec', 'property_casualty', NULL, 'What is the difference between named perils and open perils coverage?', '¿Cuál es la diferencia entre cobertura de riesgos nombrados y riesgos abiertos?', '["Named perils covers only listed perils; open perils covers all except exclusions", "They are the same", "Open perils is cheaper", "Named perils covers more"]', '["Riesgos nombrados cubre solo riesgos listados; riesgos abiertos cubre todos excepto exclusiones", "Son lo mismo", "Riesgos abiertos es más barato", "Riesgos nombrados cubre más"]', 0, 'Named perils coverage only covers losses from specifically listed causes, while open perils covers any cause not specifically excluded.', 'La cobertura de riesgos nombrados solo cubre pérdidas de causas específicamente listadas, mientras que riesgos abiertos cubre cualquier causa no específicamente excluida.', true, '2026-01-14 22:43:34.42414', '2026-01-14 22:43:34.42414') ON CONFLICT (id) DO NOTHING;
INSERT INTO questions (id, category, topic, question_text_en, question_text_es, options_en, options_es, correct_answer, explanation_en, explanation_es, is_active, created_at, updated_at) VALUES ('3bee314f-ba0d-4f63-837a-5aea4ffad070', 'property_casualty', NULL, 'What is twisting in insurance?', '¿Qué es el twisting en seguros?', '["Using misrepresentation to induce a policyholder to replace existing coverage", "Selling multiple policies", "Offering discounts", "Providing good service"]', '["Usar tergiversación para inducir a un asegurado a reemplazar cobertura existente", "Vender múltiples pólizas", "Ofrecer descuentos", "Proporcionar buen servicio"]', 0, 'Twisting is the unethical practice of using misrepresentation to induce a customer to cancel existing coverage and buy a new policy.', 'El twisting es la práctica poco ética de usar tergiversación para inducir a un cliente a cancelar cobertura existente y comprar una nueva póliza.', true, '2026-01-14 22:43:34.411199', '2026-01-14 22:43:34.411199') ON CONFLICT (id) DO NOTHING;
INSERT INTO questions (id, category, topic, question_text_en, question_text_es, options_en, options_es, correct_answer, explanation_en, explanation_es, is_active, created_at, updated_at) VALUES ('3ca05689-c2a0-4e14-96b4-2bd6f96be4e5', 'property_casualty', NULL, 'What is towing and labor coverage?', '¿Qué es la cobertura de remolque y mano de obra?', '["Coverage for towing and roadside service costs", "Collision coverage", "Comprehensive coverage", "Liability coverage"]', '["Cobertura para costos de remolque y servicio en carretera", "Cobertura de colisión", "Cobertura comprensiva", "Cobertura de responsabilidad"]', 0, 'Towing and labor coverage pays for towing and minor roadside repairs when your vehicle is disabled.', 'La cobertura de remolque y mano de obra paga por remolque y reparaciones menores en carretera cuando su vehículo está deshabilitado.', true, '2026-01-14 22:43:34.522487', '2026-01-14 22:43:34.522487') ON CONFLICT (id) DO NOTHING;
INSERT INTO questions (id, category, topic, question_text_en, question_text_es, options_en, options_es, correct_answer, explanation_en, explanation_es, is_active, created_at, updated_at) VALUES ('3cda1974-283b-414f-9870-a7056b5133e8', 'property_casualty', NULL, 'What is a hazard in insurance?', '¿Qué es un riesgo en seguros?', '["A condition that increases the likelihood or severity of a loss", "The cause of a loss", "A type of coverage", "A premium discount"]', '["Una condición que aumenta la probabilidad o severidad de una pérdida", "La causa de una pérdida", "Un tipo de cobertura", "Un descuento de prima"]', 0, 'A hazard is a condition that increases the probability or severity of a loss from a given peril.', 'Un riesgo es una condición que aumenta la probabilidad o severidad de una pérdida de un peligro dado.', true, '2026-01-14 22:43:34.667704', '2026-01-14 22:43:34.667704') ON CONFLICT (id) DO NOTHING;
INSERT INTO questions (id, category, topic, question_text_en, question_text_es, options_en, options_es, correct_answer, explanation_en, explanation_es, is_active, created_at, updated_at) VALUES ('3d99ce30-1208-4543-9273-9fc087943a66', 'property_casualty', NULL, 'What is the Texas Automobile Insurance Plan Association (TAIPA)?', '¿Qué es la Asociación del Plan de Seguro de Automóviles de Texas (TAIPA)?', '["An assigned risk plan for drivers who can''t get auto insurance in the regular market", "A discount program", "A federal program", "A private company"]', '["Un plan de riesgo asignado para conductores que no pueden obtener seguro de auto en el mercado regular", "Un programa de descuento", "Un programa federal", "Una compañía privada"]', 0, 'TAIPA is Texas''s assigned risk plan, providing auto insurance to drivers who cannot obtain coverage elsewhere.', 'TAIPA es el plan de riesgo asignado de Texas, proporcionando seguro de auto a conductores que no pueden obtener cobertura en otro lugar.', true, '2026-01-14 22:43:34.658904', '2026-01-14 22:43:34.658904') ON CONFLICT (id) DO NOTHING;
INSERT INTO questions (id, category, topic, question_text_en, question_text_es, options_en, options_es, correct_answer, explanation_en, explanation_es, is_active, created_at, updated_at) VALUES ('3da59830-0095-4665-865d-a81f91008d4d', 'property_casualty', NULL, 'What is builders risk insurance?', '¿Qué es el seguro de riesgo de constructores?', '["Coverage for buildings under construction", "Completed building coverage", "Liability coverage", "Auto coverage"]', '["Cobertura para edificios en construcción", "Cobertura de edificio completado", "Cobertura de responsabilidad", "Cobertura de auto"]', 0, 'Builders risk insurance covers buildings and materials during construction until the project is complete.', 'El seguro de riesgo de constructores cubre edificios y materiales durante la construcción hasta que el proyecto esté completo.', true, '2026-01-14 22:46:59.748442', '2026-01-14 22:46:59.748442') ON CONFLICT (id) DO NOTHING;
INSERT INTO questions (id, category, topic, question_text_en, question_text_es, options_en, options_es, correct_answer, explanation_en, explanation_es, is_active, created_at, updated_at) VALUES ('3eed9b25-5cf8-46cf-9d73-b6c1dbea5631', 'property_casualty', NULL, 'What is agreed value coverage?', '¿Qué es la cobertura de valor acordado?', '["Coverage where insurer and insured agree on the value upfront, eliminating coinsurance", "Actual cash value coverage", "Market value coverage", "Replacement cost coverage"]', '["Cobertura donde asegurador y asegurado acuerdan el valor por adelantado, eliminando coaseguro", "Cobertura de valor real en efectivo", "Cobertura de valor de mercado", "Cobertura de costo de reemplazo"]', 0, 'Agreed value coverage establishes an agreed-upon value for the property, waiving the coinsurance requirement.', 'La cobertura de valor acordado establece un valor acordado para la propiedad, renunciando al requisito de coaseguro.', true, '2026-01-14 22:46:59.648762', '2026-01-14 22:46:59.648762') ON CONFLICT (id) DO NOTHING;
INSERT INTO questions (id, category, topic, question_text_en, question_text_es, options_en, options_es, correct_answer, explanation_en, explanation_es, is_active, created_at, updated_at) VALUES ('3f3b0927-9109-46c8-83c3-b80cd5e4032b', 'property_casualty', NULL, 'How many hours of pre-licensing education are required for a Property & Casualty license in Texas?', '¿Cuántas horas de educación previa a la licencia se requieren para una licencia de Propiedad y Accidentes en Texas?', '["40 hours", "20 hours", "60 hours", "80 hours"]', '["40 horas", "20 horas", "60 horas", "80 horas"]', 0, 'Texas requires 40 hours of pre-licensing education for a Property & Casualty insurance license.', 'Texas requiere 40 horas de educación previa a la licencia para una licencia de seguros de Propiedad y Accidentes.', true, '2026-01-14 22:43:34.386451', '2026-01-14 22:43:34.386451') ON CONFLICT (id) DO NOTHING;
INSERT INTO questions (id, category, topic, question_text_en, question_text_es, options_en, options_es, correct_answer, explanation_en, explanation_es, is_active, created_at, updated_at) VALUES ('3f3b613a-fb5d-4507-b3b2-2f429fb7cd1b', 'property_casualty', NULL, 'What is the purpose of a policy limit?', '¿Cuál es el propósito de un límite de póliza?', '["To cap the maximum amount the insurer will pay for a covered loss", "To set the premium", "To define deductibles", "To list exclusions"]', '["Limitar la cantidad máxima que el asegurador pagará por una pérdida cubierta", "Establecer la prima", "Definir deducibles", "Listar exclusiones"]', 0, 'Policy limits establish the maximum amount the insurance company will pay for covered losses.', 'Los límites de póliza establecen la cantidad máxima que la compañía de seguros pagará por pérdidas cubiertas.', true, '2026-01-14 22:49:00.525055', '2026-01-14 22:49:00.525055') ON CONFLICT (id) DO NOTHING;
INSERT INTO questions (id, category, topic, question_text_en, question_text_es, options_en, options_es, correct_answer, explanation_en, explanation_es, is_active, created_at, updated_at) VALUES ('3f4e9293-eef5-4718-b783-5da07bdd832c', 'property_casualty', NULL, 'What does a homeowner''s insurance policy typically cover?', '¿Qué cubre típicamente una póliza de seguro de propietario de vivienda?', '["Only the structure of the home", "The structure, personal property, liability, and additional living expenses", "Only personal belongings", "Only liability claims"]', '["Solo la estructura de la casa", "La estructura, propiedad personal, responsabilidad y gastos de vida adicionales", "Solo pertenencias personales", "Solo reclamaciones de responsabilidad"]', 1, 'A standard homeowner''s policy provides comprehensive coverage including the dwelling, personal property, liability protection, and additional living expenses if the home becomes uninhabitable.', 'Una póliza de propietario estándar proporciona cobertura integral que incluye la vivienda, propiedad personal, protección de responsabilidad y gastos de vida adicionales si la casa se vuelve inhabitable.', true, '2026-01-14 16:50:01.892074', '2026-01-14 16:50:01.892074') ON CONFLICT (id) DO NOTHING;
INSERT INTO questions (id, category, topic, question_text_en, question_text_es, options_en, options_es, correct_answer, explanation_en, explanation_es, is_active, created_at, updated_at) VALUES ('41b24e9a-5b09-438b-8821-4c918126d1a3', 'property_casualty', NULL, 'What is the declarations page?', '¿Qué es la página de declaraciones?', '["The section of a policy that includes specific information about the insured and coverage", "The claims form", "The payment receipt", "The application"]', '["La sección de una póliza que incluye información específica sobre el asegurado y la cobertura", "El formulario de reclamos", "El recibo de pago", "La solicitud"]', 0, 'The declarations page summarizes key policy information: named insured, policy period, limits, premiums, and covered property.', 'La página de declaraciones resume información clave de la póliza: asegurado nombrado, período de la póliza, límites, primas y propiedad cubierta.', true, '2026-01-14 22:43:34.597678', '2026-01-14 22:43:34.597678') ON CONFLICT (id) DO NOTHING;
INSERT INTO questions (id, category, topic, question_text_en, question_text_es, options_en, options_es, correct_answer, explanation_en, explanation_es, is_active, created_at, updated_at) VALUES ('43e80a97-5880-41ed-ba86-1c2479d0ecb9', 'property_casualty', NULL, 'What is a scheduled personal property endorsement?', '¿Qué es un endoso de propiedad personal programada?', '["An endorsement listing specific high-value items for additional coverage", "A policy cancellation", "A premium reduction", "A claim form"]', '["Un endoso que lista artículos específicos de alto valor para cobertura adicional", "Una cancelación de póliza", "Una reducción de prima", "Un formulario de reclamo"]', 0, 'A scheduled personal property endorsement adds specific coverage for high-value items like jewelry, art, or collectibles.', 'Un endoso de propiedad personal programada agrega cobertura específica para artículos de alto valor como joyas, arte o coleccionables.', true, '2026-01-14 22:43:34.645868', '2026-01-14 22:43:34.645868') ON CONFLICT (id) DO NOTHING;
INSERT INTO questions (id, category, topic, question_text_en, question_text_es, options_en, options_es, correct_answer, explanation_en, explanation_es, is_active, created_at, updated_at) VALUES ('4638b5ea-1c4a-4dae-b5a0-874d859e1e49', 'property_casualty', NULL, 'What is a public adjuster?', '¿Qué es un ajustador público?', '["An adjuster hired by the insured to represent their interests in a claim", "An adjuster employed by the insurance company", "A government employee", "An independent contractor for insurers"]', '["Un ajustador contratado por el asegurado para representar sus intereses en un reclamo", "Un ajustador empleado por la compañía de seguros", "Un empleado del gobierno", "Un contratista independiente para aseguradores"]', 0, 'A public adjuster works for the policyholder, not the insurance company, to help negotiate and settle claims.', 'Un ajustador público trabaja para el asegurado, no la compañía de seguros, para ayudar a negociar y liquidar reclamos.', true, '2026-01-14 22:43:34.611031', '2026-01-14 22:43:34.611031') ON CONFLICT (id) DO NOTHING;
INSERT INTO questions (id, category, topic, question_text_en, question_text_es, options_en, options_es, correct_answer, explanation_en, explanation_es, is_active, created_at, updated_at) VALUES ('469c1539-bdcb-4563-859c-f2b1cc53bca6', 'property_casualty', NULL, 'What is ordinance or law coverage?', '¿Qué es la cobertura de ordenanza o ley?', '["Coverage for additional costs to comply with building codes when repairing or rebuilding", "Standard property coverage", "Liability coverage", "Auto coverage"]', '["Cobertura para costos adicionales de cumplir con códigos de construcción al reparar o reconstruir", "Cobertura estándar de propiedad", "Cobertura de responsabilidad", "Cobertura de auto"]', 0, 'Ordinance or law coverage pays for additional costs to bring a damaged building up to current building codes.', 'La cobertura de ordenanza o ley paga costos adicionales para llevar un edificio dañado a los códigos de construcción actuales.', true, '2026-01-14 22:46:59.638097', '2026-01-14 22:46:59.638097') ON CONFLICT (id) DO NOTHING;
INSERT INTO questions (id, category, topic, question_text_en, question_text_es, options_en, options_es, correct_answer, explanation_en, explanation_es, is_active, created_at, updated_at) VALUES ('47009666-7eeb-441e-a5dd-fb49fb7cd0a5', 'property_casualty', NULL, 'What is a policy endorsement?', '¿Qué es un endoso de póliza?', '["A written document that modifies the original policy terms", "A signature on the policy", "The policy declaration", "The premium payment"]', '["Un documento escrito que modifica los términos originales de la póliza", "Una firma en la póliza", "La declaración de la póliza", "El pago de la prima"]', 0, 'An endorsement (or rider) is a written document attached to a policy that modifies its terms and conditions.', 'Un endoso (o anexo) es un documento escrito adjunto a una póliza que modifica sus términos y condiciones.', true, '2026-01-14 22:43:34.594469', '2026-01-14 22:43:34.594469') ON CONFLICT (id) DO NOTHING;
INSERT INTO questions (id, category, topic, question_text_en, question_text_es, options_en, options_es, correct_answer, explanation_en, explanation_es, is_active, created_at, updated_at) VALUES ('47ac72df-a67e-4534-a43d-ebfff5fda534', 'property_casualty', NULL, 'What is pair and set coverage?', '¿Qué es la cobertura de par y conjunto?', '["Provision for how to value loss when only part of a pair or set is damaged", "Coverage for matching items", "Full replacement coverage", "Liability coverage"]', '["Disposición para cómo valorar pérdida cuando solo parte de un par o conjunto está dañado", "Cobertura para artículos que hacen juego", "Cobertura de reemplazo total", "Cobertura de responsabilidad"]', 0, 'Pair and set clauses determine how the insurer will value a loss when only one item of a pair or set is damaged.', 'Las cláusulas de par y conjunto determinan cómo el asegurador valorará una pérdida cuando solo un artículo de un par o conjunto está dañado.', true, '2026-01-14 22:46:59.675099', '2026-01-14 22:46:59.675099') ON CONFLICT (id) DO NOTHING;
INSERT INTO questions (id, category, topic, question_text_en, question_text_es, options_en, options_es, correct_answer, explanation_en, explanation_es, is_active, created_at, updated_at) VALUES ('4b669792-e8b0-43cf-8261-5cabd44cdbca', 'property_casualty', NULL, 'What is comparative negligence?', '¿Qué es la negligencia comparativa?', '["A system where damages are reduced by the plaintiff''s percentage of fault", "Full responsibility for the defendant", "No responsibility for either party", "Automatic claim denial"]', '["Un sistema donde los daños se reducen por el porcentaje de culpa del demandante", "Responsabilidad total del demandado", "Sin responsabilidad para ninguna parte", "Denegación automática de reclamo"]', 0, 'Comparative negligence reduces the plaintiff''s recovery by their percentage of fault in causing the accident.', 'La negligencia comparativa reduce la recuperación del demandante por su porcentaje de culpa en causar el accidente.', true, '2026-01-14 22:43:34.681782', '2026-01-14 22:43:34.681782') ON CONFLICT (id) DO NOTHING;
INSERT INTO questions (id, category, topic, question_text_en, question_text_es, options_en, options_es, correct_answer, explanation_en, explanation_es, is_active, created_at, updated_at) VALUES ('4bb99428-0860-4f91-ae2f-c3a9ec96649f', 'property_casualty', NULL, 'What does Coverage C in a homeowners policy cover?', '¿Qué cubre la Cobertura C en una póliza de propietarios?', '["Personal property (belongings)", "The dwelling", "Other structures", "Liability"]', '["Propiedad personal (pertenencias)", "La vivienda", "Otras estructuras", "Responsabilidad"]', 0, 'Coverage C covers the policyholder''s personal property, including furniture, clothing, electronics, and other belongings.', 'La Cobertura C cubre la propiedad personal del asegurado, incluyendo muebles, ropa, electrónicos y otras pertenencias.', true, '2026-01-14 22:43:34.453079', '2026-01-14 22:43:34.453079') ON CONFLICT (id) DO NOTHING;
INSERT INTO questions (id, category, topic, question_text_en, question_text_es, options_en, options_es, correct_answer, explanation_en, explanation_es, is_active, created_at, updated_at) VALUES ('4ec55b52-9122-42fd-9b5f-886d4c254d4b', 'property_casualty', NULL, 'What is farm insurance?', '¿Qué es el seguro agrícola?', '["Coverage for farm dwellings, equipment, livestock, and farm liability", "Homeowners only", "Commercial only", "Auto only"]', '["Cobertura para viviendas agrícolas, equipo, ganado y responsabilidad agrícola", "Solo propietarios", "Solo comercial", "Solo auto"]', 0, 'Farm insurance combines residential coverage with coverage for farm equipment, livestock, and farm operations.', 'El seguro agrícola combina cobertura residencial con cobertura para equipo agrícola, ganado y operaciones agrícolas.', true, '2026-01-14 22:46:59.783875', '2026-01-14 22:46:59.783875') ON CONFLICT (id) DO NOTHING;
INSERT INTO questions (id, category, topic, question_text_en, question_text_es, options_en, options_es, correct_answer, explanation_en, explanation_es, is_active, created_at, updated_at) VALUES ('4fb8a248-13e6-44e4-8f10-8cfe052a73ad', 'property_casualty', NULL, 'What is the appraisal clause?', '¿Qué es la cláusula de tasación?', '["A policy provision for resolving disputes about the value of a loss", "A coverage limit", "A premium calculation", "A policy exclusion"]', '["Una disposición de póliza para resolver disputas sobre el valor de una pérdida", "Un límite de cobertura", "Un cálculo de prima", "Una exclusión de póliza"]', 0, 'The appraisal clause allows either party to demand an appraisal when they disagree about the amount of a loss.', 'La cláusula de tasación permite a cualquier parte exigir una tasación cuando no están de acuerdo sobre el monto de una pérdida.', true, '2026-01-14 22:43:34.624875', '2026-01-14 22:43:34.624875') ON CONFLICT (id) DO NOTHING;
INSERT INTO questions (id, category, topic, question_text_en, question_text_es, options_en, options_es, correct_answer, explanation_en, explanation_es, is_active, created_at, updated_at) VALUES ('529254ff-71a9-4132-8b98-afbcf4ff7576', 'property_casualty', NULL, 'What is an umbrella policy?', '¿Qué es una póliza paraguas?', '["Excess liability coverage that provides additional limits above underlying policies", "Weather coverage", "A homeowners policy", "An auto policy"]', '["Cobertura de responsabilidad excedente que proporciona límites adicionales por encima de las pólizas subyacentes", "Cobertura climática", "Una póliza de propietarios", "Una póliza de auto"]', 0, 'An umbrella policy provides excess liability coverage above the limits of underlying auto, home, or other liability policies.', 'Una póliza paraguas proporciona cobertura de responsabilidad excedente por encima de los límites de las pólizas subyacentes de auto, hogar u otra responsabilidad.', true, '2026-01-14 22:43:34.555597', '2026-01-14 22:43:34.555597') ON CONFLICT (id) DO NOTHING;
INSERT INTO questions (id, category, topic, question_text_en, question_text_es, options_en, options_es, correct_answer, explanation_en, explanation_es, is_active, created_at, updated_at) VALUES ('54c00c91-3352-42fa-b715-fc7bbf985298', 'property_casualty', NULL, 'What is the attractive nuisance doctrine?', '¿Qué es la doctrina de atractivo peligroso?', '["Property owners may be liable for injuries to children attracted to dangerous conditions on their property", "A type of policy", "A coverage exclusion", "A premium discount"]', '["Los propietarios pueden ser responsables por lesiones a niños atraídos a condiciones peligrosas en su propiedad", "Un tipo de póliza", "Una exclusión de cobertura", "Un descuento de prima"]', 0, 'The attractive nuisance doctrine holds property owners liable for injuries to children attracted by dangerous conditions like pools.', 'La doctrina de atractivo peligroso hace a los propietarios responsables por lesiones a niños atraídos por condiciones peligrosas como piscinas.', true, '2026-01-14 22:46:59.630294', '2026-01-14 22:46:59.630294') ON CONFLICT (id) DO NOTHING;
INSERT INTO questions (id, category, topic, question_text_en, question_text_es, options_en, options_es, correct_answer, explanation_en, explanation_es, is_active, created_at, updated_at) VALUES ('55f1a1ee-af40-47fe-8cf3-454ccae8e53a', 'property_casualty', NULL, 'What is the motor vehicle exclusion in homeowners policies?', '¿Qué es la exclusión de vehículo motorizado en pólizas de propietarios?', '["Exclusion for liability arising from motor vehicle use", "Coverage for motor vehicles", "A premium discount", "A coverage addition"]', '["Exclusión por responsabilidad que surge del uso de vehículos motorizados", "Cobertura para vehículos motorizados", "Un descuento de prima", "Una adición de cobertura"]', 0, 'The motor vehicle exclusion removes coverage for motor vehicle-related liability from homeowners policies.', 'La exclusión de vehículo motorizado elimina cobertura por responsabilidad relacionada con vehículos motorizados de las pólizas de propietarios.', true, '2026-01-14 22:49:00.489153', '2026-01-14 22:49:00.489153') ON CONFLICT (id) DO NOTHING;
INSERT INTO questions (id, category, topic, question_text_en, question_text_es, options_en, options_es, correct_answer, explanation_en, explanation_es, is_active, created_at, updated_at) VALUES ('56d55f5c-40fd-4456-b34d-2a56ab8c90af', 'property_casualty', NULL, 'What is adverse selection?', '¿Qué es la selección adversa?', '["The tendency of higher-risk individuals to seek more insurance", "Choosing the best policy", "A coverage type", "An underwriting term"]', '["La tendencia de individuos de mayor riesgo a buscar más seguro", "Elegir la mejor póliza", "Un tipo de cobertura", "Un término de suscripción"]', 0, 'Adverse selection occurs when those most likely to have a loss are the most likely to purchase insurance.', 'La selección adversa ocurre cuando aquellos más propensos a tener una pérdida son los más propensos a comprar seguros.', true, '2026-01-14 22:43:34.586749', '2026-01-14 22:43:34.586749') ON CONFLICT (id) DO NOTHING;
INSERT INTO questions (id, category, topic, question_text_en, question_text_es, options_en, options_es, correct_answer, explanation_en, explanation_es, is_active, created_at, updated_at) VALUES ('56e861f3-6c54-465d-9bd7-aba32a507939', 'property_casualty', NULL, 'What is a loss ratio?', '¿Qué es un índice de pérdida?', '["The ratio of claims paid to premiums earned", "The deductible amount", "The coverage limit", "The premium cost"]', '["La proporción de reclamos pagados a primas ganadas", "El monto del deducible", "El límite de cobertura", "El costo de la prima"]', 0, 'Loss ratio is calculated by dividing incurred losses by earned premiums, used to measure insurer profitability.', 'El índice de pérdida se calcula dividiendo las pérdidas incurridas por las primas ganadas, usado para medir la rentabilidad del asegurador.', true, '2026-01-14 22:43:34.632384', '2026-01-14 22:43:34.632384') ON CONFLICT (id) DO NOTHING;
INSERT INTO questions (id, category, topic, question_text_en, question_text_es, options_en, options_es, correct_answer, explanation_en, explanation_es, is_active, created_at, updated_at) VALUES ('56edbe18-336e-425d-80d6-144da4b014cf', 'property_casualty', NULL, 'What does Coverage F in a homeowners policy cover?', '¿Qué cubre la Cobertura F en una póliza de propietarios?', '["Medical payments to others", "The dwelling", "Personal property", "Liability lawsuits"]', '["Pagos médicos a otros", "La vivienda", "Propiedad personal", "Demandas de responsabilidad"]', 0, 'Coverage F provides medical payments to others who are injured on the insured''s property, regardless of fault.', 'La Cobertura F proporciona pagos médicos a otros que se lesionan en la propiedad del asegurado, independientemente de la culpa.', true, '2026-01-14 22:43:34.468743', '2026-01-14 22:43:34.468743') ON CONFLICT (id) DO NOTHING;
INSERT INTO questions (id, category, topic, question_text_en, question_text_es, options_en, options_es, correct_answer, explanation_en, explanation_es, is_active, created_at, updated_at) VALUES ('5a414d28-6bc2-43bc-8778-c3ada7cde7d1', 'property_casualty', NULL, 'What is a loss of income endorsement for homeowners?', '¿Qué es un endoso de pérdida de ingresos para propietarios?', '["Coverage for rental income lost when a rental portion of the home is damaged", "Disability coverage", "Life insurance", "Auto coverage"]', '["Cobertura por ingresos de alquiler perdidos cuando una porción de alquiler de la casa está dañada", "Cobertura de discapacidad", "Seguro de vida", "Cobertura de auto"]', 0, 'This endorsement covers lost rental income when a portion of the insured''s home that is rented becomes uninhabitable.', 'Este endoso cubre ingresos de alquiler perdidos cuando una porción de la casa del asegurado que se alquila se vuelve inhabitable.', true, '2026-01-14 22:49:00.429761', '2026-01-14 22:49:00.429761') ON CONFLICT (id) DO NOTHING;
INSERT INTO questions (id, category, topic, question_text_en, question_text_es, options_en, options_es, correct_answer, explanation_en, explanation_es, is_active, created_at, updated_at) VALUES ('5b60ce62-8391-4bf3-8f3e-06b402291370', 'property_casualty', NULL, 'What does Coverage D in a homeowners policy cover?', '¿Qué cubre la Cobertura D en una póliza de propietarios?', '["Loss of use/additional living expenses", "The dwelling", "Personal property", "Liability"]', '["Pérdida de uso/gastos de vida adicionales", "La vivienda", "Propiedad personal", "Responsabilidad"]', 0, 'Coverage D covers additional living expenses if the home becomes uninhabitable due to a covered loss.', 'La Cobertura D cubre gastos de vida adicionales si la casa se vuelve inhabitable debido a una pérdida cubierta.', true, '2026-01-14 22:43:34.457858', '2026-01-14 22:43:34.457858') ON CONFLICT (id) DO NOTHING;
INSERT INTO questions (id, category, topic, question_text_en, question_text_es, options_en, options_es, correct_answer, explanation_en, explanation_es, is_active, created_at, updated_at) VALUES ('5bf839c9-bcc9-4127-ae39-cb49a731c660', 'property_casualty', NULL, 'What is personal watercraft insurance?', '¿Qué es el seguro de embarcaciones personales?', '["Coverage for jet skis and similar watercraft", "Boat insurance", "Auto insurance", "Homeowners insurance"]', '["Cobertura para motos acuáticas y embarcaciones similares", "Seguro de botes", "Seguro de auto", "Seguro de propietarios"]', 0, 'Personal watercraft insurance covers jet skis, wave runners, and similar personal watercraft.', 'El seguro de embarcaciones personales cubre motos acuáticas, wave runners y embarcaciones personales similares.', true, '2026-01-14 22:46:59.770455', '2026-01-14 22:46:59.770455') ON CONFLICT (id) DO NOTHING;
INSERT INTO questions (id, category, topic, question_text_en, question_text_es, options_en, options_es, correct_answer, explanation_en, explanation_es, is_active, created_at, updated_at) VALUES ('5c0f10dc-ec57-48fd-a8bc-6dbaa8a7f52a', 'property_casualty', NULL, 'What is gap coverage?', '¿Qué es la cobertura de brecha?', '["Coverage for the difference between what you owe on a vehicle and its actual cash value", "Coverage for gaps in employment", "Medical coverage gaps", "Liability gaps"]', '["Cobertura por la diferencia entre lo que debe en un vehículo y su valor real en efectivo", "Cobertura por brechas en el empleo", "Brechas de cobertura médica", "Brechas de responsabilidad"]', 0, 'Gap coverage pays the difference between what you owe on a financed/leased vehicle and its ACV if it''s totaled.', 'La cobertura de brecha paga la diferencia entre lo que debe en un vehículo financiado/arrendado y su ACV si es pérdida total.', true, '2026-01-14 22:43:34.525114', '2026-01-14 22:43:34.525114') ON CONFLICT (id) DO NOTHING;
INSERT INTO questions (id, category, topic, question_text_en, question_text_es, options_en, options_es, correct_answer, explanation_en, explanation_es, is_active, created_at, updated_at) VALUES ('5c1f84e9-021b-4b0d-8d5a-3baed413d29e', 'property_casualty', NULL, 'What is a proof of loss?', '¿Qué es una prueba de pérdida?', '["A formal sworn statement documenting the facts and amount of a loss", "The insurance policy", "The premium receipt", "A claim form"]', '["Una declaración jurada formal que documenta los hechos y el monto de una pérdida", "La póliza de seguro", "El recibo de prima", "Un formulario de reclamo"]', 0, 'A proof of loss is a formal, sworn statement submitted by the insured documenting the details and amount of a claimed loss.', 'Una prueba de pérdida es una declaración jurada formal presentada por el asegurado documentando los detalles y el monto de una pérdida reclamada.', true, '2026-01-14 22:43:34.614356', '2026-01-14 22:43:34.614356') ON CONFLICT (id) DO NOTHING;
INSERT INTO questions (id, category, topic, question_text_en, question_text_es, options_en, options_es, correct_answer, explanation_en, explanation_es, is_active, created_at, updated_at) VALUES ('5e8aebe4-91c3-4a73-ad66-9fad3fa27b3c', 'property_casualty', NULL, 'What is medical payments coverage in auto insurance?', '¿Qué es la cobertura de pagos médicos en el seguro de auto?', '["Coverage for medical expenses for you and passengers regardless of fault", "Liability coverage", "Collision coverage", "Comprehensive coverage"]', '["Cobertura para gastos médicos para usted y pasajeros independientemente de la culpa", "Cobertura de responsabilidad", "Cobertura de colisión", "Cobertura comprensiva"]', 0, 'Medical payments coverage pays for medical expenses for you and your passengers injured in an auto accident, regardless of fault.', 'La cobertura de pagos médicos paga gastos médicos para usted y sus pasajeros lesionados en un accidente de auto, independientemente de la culpa.', true, '2026-01-14 22:43:34.516589', '2026-01-14 22:43:34.516589') ON CONFLICT (id) DO NOTHING;
INSERT INTO questions (id, category, topic, question_text_en, question_text_es, options_en, options_es, correct_answer, explanation_en, explanation_es, is_active, created_at, updated_at) VALUES ('5ee4e3c1-56f2-44ac-9142-d6fbb62caa26', 'property_casualty', NULL, 'What is an aggregate limit?', '¿Qué es un límite agregado?', '["The maximum amount an insurer will pay for all claims during a policy period", "Per-claim limit", "Deductible amount", "Premium amount"]', '["La cantidad máxima que un asegurador pagará por todos los reclamos durante un período de póliza", "Límite por reclamo", "Monto del deducible", "Monto de la prima"]', 0, 'The aggregate limit caps the total amount the insurer will pay for all claims during the policy period.', 'El límite agregado limita la cantidad total que el asegurador pagará por todos los reclamos durante el período de la póliza.', true, '2026-01-14 22:49:00.439193', '2026-01-14 22:49:00.439193') ON CONFLICT (id) DO NOTHING;
INSERT INTO questions (id, category, topic, question_text_en, question_text_es, options_en, options_es, correct_answer, explanation_en, explanation_es, is_active, created_at, updated_at) VALUES ('5fc83c43-07b0-40f7-a805-1e982569f167', 'property_casualty', NULL, 'What is identity theft coverage?', '¿Qué es la cobertura de robo de identidad?', '["Coverage for expenses related to restoring identity after identity theft", "Theft of property coverage", "Liability coverage", "Auto coverage"]', '["Cobertura para gastos relacionados con restaurar la identidad después del robo de identidad", "Cobertura de robo de propiedad", "Cobertura de responsabilidad", "Cobertura de auto"]', 0, 'Identity theft coverage helps pay expenses to restore your identity and credit after becoming a victim of identity theft.', 'La cobertura de robo de identidad ayuda a pagar gastos para restaurar su identidad y crédito después de ser víctima de robo de identidad.', true, '2026-01-14 22:46:59.722611', '2026-01-14 22:46:59.722611') ON CONFLICT (id) DO NOTHING;
INSERT INTO questions (id, category, topic, question_text_en, question_text_es, options_en, options_es, correct_answer, explanation_en, explanation_es, is_active, created_at, updated_at) VALUES ('60a2fd1b-c02b-4345-a71b-9c53fa41258d', 'property_casualty', NULL, 'What is the role of a claims adjuster?', '¿Cuál es el rol de un ajustador de reclamos?', '["To investigate claims and determine the amount the insurer should pay", "To sell insurance", "To underwrite policies", "To set premiums"]', '["Investigar reclamos y determinar el monto que el asegurador debe pagar", "Vender seguros", "Suscribir pólizas", "Establecer primas"]', 0, 'A claims adjuster investigates insurance claims, evaluates damages, and determines the appropriate settlement amount.', 'Un ajustador de reclamos investiga reclamos de seguro, evalúa daños y determina el monto apropiado de liquidación.', true, '2026-01-14 22:43:34.608284', '2026-01-14 22:43:34.608284') ON CONFLICT (id) DO NOTHING;
INSERT INTO questions (id, category, topic, question_text_en, question_text_es, options_en, options_es, correct_answer, explanation_en, explanation_es, is_active, created_at, updated_at) VALUES ('60a44f6f-92f2-4371-8572-3e95b7723b32', 'property_casualty', NULL, 'What is negligence in insurance terms?', '¿Qué es la negligencia en términos de seguros?', '["Failure to exercise reasonable care, resulting in harm to others", "Intentional harm", "An accident", "A covered loss"]', '["Falta de ejercer cuidado razonable, resultando en daño a otros", "Daño intencional", "Un accidente", "Una pérdida cubierta"]', 0, 'Negligence is the failure to use reasonable care, resulting in damage or injury to another person.', 'La negligencia es la falta de usar cuidado razonable, resultando en daño o lesión a otra persona.', true, '2026-01-14 18:28:35.616282', '2026-01-14 18:28:35.616282') ON CONFLICT (id) DO NOTHING;
INSERT INTO questions (id, category, topic, question_text_en, question_text_es, options_en, options_es, correct_answer, explanation_en, explanation_es, is_active, created_at, updated_at) VALUES ('641012e8-0d5c-48cc-ae7b-237700109ebf', 'property_casualty', NULL, 'What does Coverage E in a homeowners policy cover?', '¿Qué cubre la Cobertura E en una póliza de propietarios?', '["Personal liability", "The dwelling", "Personal property", "Medical payments"]', '["Responsabilidad personal", "La vivienda", "Propiedad personal", "Pagos médicos"]', 0, 'Coverage E provides personal liability protection for claims against the insured for bodily injury or property damage to others.', 'La Cobertura E proporciona protección de responsabilidad personal para reclamos contra el asegurado por lesiones corporales o daños a la propiedad de otros.', true, '2026-01-14 22:43:34.461528', '2026-01-14 22:43:34.461528') ON CONFLICT (id) DO NOTHING;
INSERT INTO questions (id, category, topic, question_text_en, question_text_es, options_en, options_es, correct_answer, explanation_en, explanation_es, is_active, created_at, updated_at) VALUES ('6431ba5f-4008-4fcb-8e19-dfaba76964c8', 'property_casualty', NULL, 'What is the continuing education requirement for Texas P&C license renewal?', '¿Cuál es el requisito de educación continua para la renovación de licencia P&C de Texas?', '["24 hours including ethics", "12 hours", "40 hours", "No CE required"]', '["24 horas incluyendo ética", "12 horas", "40 horas", "No se requiere EC"]', 0, 'Texas requires 24 hours of continuing education for license renewal, including ethics hours.', 'Texas requiere 24 horas de educación continua para la renovación de licencia, incluyendo horas de ética.', true, '2026-01-14 22:43:34.393353', '2026-01-14 22:43:34.393353') ON CONFLICT (id) DO NOTHING;
INSERT INTO questions (id, category, topic, question_text_en, question_text_es, options_en, options_es, correct_answer, explanation_en, explanation_es, is_active, created_at, updated_at) VALUES ('6554880c-207c-40f6-a447-4670c67bfaa9', 'property_casualty', NULL, 'What is specific coverage?', '¿Qué es la cobertura específica?', '["Coverage that lists separate limits for each item or location", "Coverage for all items together", "Liability coverage", "Auto coverage"]', '["Cobertura que lista límites separados para cada artículo o ubicación", "Cobertura para todos los artículos juntos", "Cobertura de responsabilidad", "Cobertura de auto"]', 0, 'Specific coverage assigns a separate coverage limit to each individual item or location.', 'La cobertura específica asigna un límite de cobertura separado a cada artículo o ubicación individual.', true, '2026-01-14 22:46:59.663197', '2026-01-14 22:46:59.663197') ON CONFLICT (id) DO NOTHING;
INSERT INTO questions (id, category, topic, question_text_en, question_text_es, options_en, options_es, correct_answer, explanation_en, explanation_es, is_active, created_at, updated_at) VALUES ('68e7019f-e126-4ce5-8735-53734d13bc3e', 'property_casualty', NULL, 'What is the National Flood Insurance Program (NFIP)?', '¿Qué es el Programa Nacional de Seguro contra Inundaciones (NFIP)?', '["A federal program providing flood insurance in participating communities", "A private insurance company", "A state program", "A type of homeowners policy"]', '["Un programa federal que proporciona seguro contra inundaciones en comunidades participantes", "Una compañía de seguros privada", "Un programa estatal", "Un tipo de póliza de propietarios"]', 0, 'The NFIP is a federal program administered by FEMA that provides flood insurance to property owners in participating communities.', 'El NFIP es un programa federal administrado por FEMA que proporciona seguro contra inundaciones a propietarios en comunidades participantes.', true, '2026-01-14 22:43:34.476026', '2026-01-14 22:43:34.476026') ON CONFLICT (id) DO NOTHING;
INSERT INTO questions (id, category, topic, question_text_en, question_text_es, options_en, options_es, correct_answer, explanation_en, explanation_es, is_active, created_at, updated_at) VALUES ('691b6625-8b91-455c-beb2-2422884bfebb', 'property_casualty', NULL, 'What is liability insurance?', '¿Qué es el seguro de responsabilidad?', '["Coverage for claims made by third parties for bodily injury or property damage", "Coverage for your own injuries", "Coverage for your own property", "Life insurance"]', '["Cobertura para reclamos hechos por terceros por lesiones corporales o daño a la propiedad", "Cobertura para tus propias lesiones", "Cobertura para tu propia propiedad", "Seguro de vida"]', 0, 'Liability insurance protects against claims resulting from injuries and damage to others for which the insured is legally responsible.', 'El seguro de responsabilidad protege contra reclamos resultantes de lesiones y daños a otros por los cuales el asegurado es legalmente responsable.', true, '2026-01-14 18:28:35.580032', '2026-01-14 18:28:35.580032') ON CONFLICT (id) DO NOTHING;
INSERT INTO questions (id, category, topic, question_text_en, question_text_es, options_en, options_es, correct_answer, explanation_en, explanation_es, is_active, created_at, updated_at) VALUES ('6df541a9-306d-4611-9a93-d9266a70c726', 'property_casualty', NULL, 'What is pro rata liability?', '¿Qué es la responsabilidad prorrateada?', '["Each insurer pays its proportional share when multiple policies cover the same loss", "One insurer pays all", "No insurer pays", "The insured pays all"]', '["Cada asegurador paga su parte proporcional cuando múltiples pólizas cubren la misma pérdida", "Un asegurador paga todo", "Ningún asegurador paga", "El asegurado paga todo"]', 0, 'Pro rata liability means each insurer pays a proportion of the loss based on their policy limits relative to total coverage.', 'La responsabilidad prorrateada significa que cada asegurador paga una proporción de la pérdida basada en sus límites de póliza en relación con la cobertura total.', true, '2026-01-14 22:43:34.603024', '2026-01-14 22:43:34.603024') ON CONFLICT (id) DO NOTHING;
INSERT INTO questions (id, category, topic, question_text_en, question_text_es, options_en, options_es, correct_answer, explanation_en, explanation_es, is_active, created_at, updated_at) VALUES ('71025fef-1721-4494-8cf6-436f309bdb99', 'property_casualty', NULL, 'What is the grace period for premium payment in Texas?', '¿Cuál es el período de gracia para el pago de prima en Texas?', '["Typically 10-30 days depending on the policy", "5 days", "60 days", "90 days"]', '["Típicamente 10-30 días dependiendo de la póliza", "5 días", "60 días", "90 días"]', 0, 'The grace period allows policyholders additional time (typically 10-30 days) to pay premiums without losing coverage.', 'El período de gracia permite a los asegurados tiempo adicional (típicamente 10-30 días) para pagar primas sin perder cobertura.', true, '2026-01-14 22:43:34.670421', '2026-01-14 22:43:34.670421') ON CONFLICT (id) DO NOTHING;
INSERT INTO questions (id, category, topic, question_text_en, question_text_es, options_en, options_es, correct_answer, explanation_en, explanation_es, is_active, created_at, updated_at) VALUES ('7140050a-2869-4958-828d-f75b7b8d89b2', 'property_casualty', NULL, 'What is the doctrine of reasonable expectations?', '¿Qué es la doctrina de expectativas razonables?', '["Coverage should be interpreted according to what a reasonable person would expect", "Literal interpretation only", "Insurer''s interpretation", "No interpretation needed"]', '["La cobertura debe interpretarse según lo que una persona razonable esperaría", "Solo interpretación literal", "Interpretación del asegurador", "No se necesita interpretación"]', 0, 'The doctrine of reasonable expectations means policy language is interpreted according to what the insured would reasonably expect.', 'La doctrina de expectativas razonables significa que el lenguaje de la póliza se interpreta según lo que el asegurado razonablemente esperaría.', true, '2026-01-14 22:46:59.827876', '2026-01-14 22:46:59.827876') ON CONFLICT (id) DO NOTHING;
INSERT INTO questions (id, category, topic, question_text_en, question_text_es, options_en, options_es, correct_answer, explanation_en, explanation_es, is_active, created_at, updated_at) VALUES ('71c5fa85-0c2e-45f0-8180-6f42a80c9718', 'property_casualty', NULL, 'What is a peril in insurance terms?', '¿Qué es un peligro en términos de seguros?', '["A cause of loss (fire, theft, wind, etc.)", "A coverage type", "A policy limit", "A premium"]', '["Una causa de pérdida (incendio, robo, viento, etc.)", "Un tipo de cobertura", "Un límite de póliza", "Una prima"]', 0, 'A peril is the immediate cause of loss, such as fire, theft, windstorm, or vandalism.', 'Un peligro es la causa inmediata de pérdida, como incendio, robo, tormenta de viento o vandalismo.', true, '2026-01-14 22:43:34.665075', '2026-01-14 22:43:34.665075') ON CONFLICT (id) DO NOTHING;
INSERT INTO questions (id, category, topic, question_text_en, question_text_es, options_en, options_es, correct_answer, explanation_en, explanation_es, is_active, created_at, updated_at) VALUES ('72a77cbd-4587-4b54-8477-02efedd3ff37', 'property_casualty', NULL, 'What is the concealment or fraud condition?', '¿Qué es la condición de ocultación o fraude?', '["A provision voiding coverage if the insured intentionally conceals or misrepresents material facts", "A coverage addition", "A premium discount", "A claims procedure"]', '["Una disposición que anula cobertura si el asegurado oculta o tergiversa intencionalmente hechos materiales", "Una adición de cobertura", "Un descuento de prima", "Un procedimiento de reclamos"]', 0, 'The concealment or fraud condition voids the policy if the insured intentionally hides or misrepresents material information.', 'La condición de ocultación o fraude anula la póliza si el asegurado oculta o tergiversa intencionalmente información material.', true, '2026-01-14 22:46:59.682403', '2026-01-14 22:46:59.682403') ON CONFLICT (id) DO NOTHING;
INSERT INTO questions (id, category, topic, question_text_en, question_text_es, options_en, options_es, correct_answer, explanation_en, explanation_es, is_active, created_at, updated_at) VALUES ('73b4fcf4-cb24-4c05-aabb-88f434ec7687', 'property_casualty', NULL, 'Is workers'' compensation required in Texas?', '¿Se requiere la compensación de trabajadores en Texas?', '["No, Texas is a non-compulsory state, but employers who opt out face different liability", "Yes, it is mandatory for all employers", "Only for large businesses", "Only for construction companies"]', '["No, Texas es un estado no obligatorio, pero los empleadores que no participan enfrentan diferente responsabilidad", "Sí, es obligatorio para todos los empleadores", "Solo para negocios grandes", "Solo para compañías de construcción"]', 0, 'Texas is a non-compulsory workers'' compensation state; employers can opt out but face increased liability exposure.', 'Texas es un estado de compensación de trabajadores no obligatoria; los empleadores pueden optar por no participar pero enfrentan mayor exposición a responsabilidad.', true, '2026-01-14 22:43:34.550107', '2026-01-14 22:43:34.550107') ON CONFLICT (id) DO NOTHING;
INSERT INTO questions (id, category, topic, question_text_en, question_text_es, options_en, options_es, correct_answer, explanation_en, explanation_es, is_active, created_at, updated_at) VALUES ('7807fd71-923b-4196-befc-06b9b2825d05', 'property_casualty', NULL, 'What is crop insurance?', '¿Qué es el seguro de cultivos?', '["Coverage for farmers against loss of crops due to weather, disease, or price decline", "Property insurance", "Liability insurance", "Auto insurance"]', '["Cobertura para agricultores contra pérdida de cultivos debido a clima, enfermedad o disminución de precios", "Seguro de propiedad", "Seguro de responsabilidad", "Seguro de auto"]', 0, 'Crop insurance protects farmers from financial losses due to crop failure from weather, disease, or market conditions.', 'El seguro de cultivos protege a los agricultores de pérdidas financieras debido a pérdida de cultivos por clima, enfermedad o condiciones de mercado.', true, '2026-01-14 22:46:59.7877', '2026-01-14 22:46:59.7877') ON CONFLICT (id) DO NOTHING;
INSERT INTO questions (id, category, topic, question_text_en, question_text_es, options_en, options_es, correct_answer, explanation_en, explanation_es, is_active, created_at, updated_at) VALUES ('783c574f-8bbf-4335-8155-1a902cb652d6', 'property_casualty', NULL, 'What is a representation in insurance?', '¿Qué es una representación en seguros?', '["A statement made by the applicant that is substantially true", "A warranty", "A coverage limit", "A claim"]', '["Una declaración hecha por el solicitante que es sustancialmente verdadera", "Una garantía", "Un límite de cobertura", "Un reclamo"]', 0, 'A representation is a statement by the applicant that must be substantially true; only material misrepresentations void coverage.', 'Una representación es una declaración del solicitante que debe ser sustancialmente verdadera; solo tergiversaciones materiales anulan la cobertura.', true, '2026-01-14 22:46:59.812766', '2026-01-14 22:46:59.812766') ON CONFLICT (id) DO NOTHING;
INSERT INTO questions (id, category, topic, question_text_en, question_text_es, options_en, options_es, correct_answer, explanation_en, explanation_es, is_active, created_at, updated_at) VALUES ('78e70b0a-397f-4d14-92f9-e8ba5e0aec8c', 'property_casualty', NULL, 'What is the Texas Windstorm Insurance Association (TWIA)?', '¿Qué es la Asociación de Seguro contra Tormentas de Viento de Texas (TWIA)?', '["A state-created insurer providing wind and hail coverage in coastal areas", "A private insurance company", "A federal program", "A discount program"]', '["Un asegurador creado por el estado que proporciona cobertura contra viento y granizo en áreas costeras", "Una compañía de seguros privada", "Un programa federal", "Un programa de descuento"]', 0, 'TWIA provides windstorm and hail insurance for property owners in designated coastal areas of Texas.', 'TWIA proporciona seguro contra tormentas de viento y granizo para propietarios en áreas costeras designadas de Texas.', true, '2026-01-14 22:43:34.643317', '2026-01-14 22:43:34.643317') ON CONFLICT (id) DO NOTHING;
INSERT INTO questions (id, category, topic, question_text_en, question_text_es, options_en, options_es, correct_answer, explanation_en, explanation_es, is_active, created_at, updated_at) VALUES ('7901195c-3727-4598-b0fc-f8134e85daa5', 'property_casualty', NULL, 'What does Coverage A in a homeowners policy cover?', '¿Qué cubre la Cobertura A en una póliza de propietarios?', '["The dwelling (main residence)", "Personal property", "Liability", "Medical payments"]', '["La vivienda (residencia principal)", "Propiedad personal", "Responsabilidad", "Pagos médicos"]', 0, 'Coverage A covers the dwelling structure itself, including attached structures like a garage.', 'La Cobertura A cubre la estructura de la vivienda en sí, incluyendo estructuras adjuntas como un garaje.', true, '2026-01-14 22:43:34.445682', '2026-01-14 22:43:34.445682') ON CONFLICT (id) DO NOTHING;
INSERT INTO questions (id, category, topic, question_text_en, question_text_es, options_en, options_es, correct_answer, explanation_en, explanation_es, is_active, created_at, updated_at) VALUES ('797ebb12-4277-4c18-838c-4185768a5019', 'property_casualty', NULL, 'What is special events insurance?', '¿Qué es el seguro de eventos especiales?', '["Short-term coverage for specific events like weddings or concerts", "Long-term coverage", "Auto coverage", "Property coverage"]', '["Cobertura a corto plazo para eventos específicos como bodas o conciertos", "Cobertura a largo plazo", "Cobertura de auto", "Cobertura de propiedad"]', 0, 'Special events insurance provides short-term coverage for liability and other risks at specific events.', 'El seguro de eventos especiales proporciona cobertura a corto plazo para responsabilidad y otros riesgos en eventos específicos.', true, '2026-01-14 22:46:59.7949', '2026-01-14 22:46:59.7949') ON CONFLICT (id) DO NOTHING;
INSERT INTO questions (id, category, topic, question_text_en, question_text_es, options_en, options_es, correct_answer, explanation_en, explanation_es, is_active, created_at, updated_at) VALUES ('7a3ce5da-69f4-4203-8aec-529d66af7505', 'property_casualty', NULL, 'What is mobile home insurance?', '¿Qué es el seguro de casa móvil?', '["Coverage for manufactured homes including structure, contents, and liability", "Standard homeowners coverage", "Auto coverage", "Commercial coverage"]', '["Cobertura para casas manufacturadas incluyendo estructura, contenidos y responsabilidad", "Cobertura estándar de propietarios", "Cobertura de auto", "Cobertura comercial"]', 0, 'Mobile home insurance provides coverage similar to homeowners but designed for manufactured/mobile homes.', 'El seguro de casa móvil proporciona cobertura similar a la de propietarios pero diseñada para casas manufacturadas/móviles.', true, '2026-01-14 22:46:59.77908', '2026-01-14 22:46:59.77908') ON CONFLICT (id) DO NOTHING;
INSERT INTO questions (id, category, topic, question_text_en, question_text_es, options_en, options_es, correct_answer, explanation_en, explanation_es, is_active, created_at, updated_at) VALUES ('7a5075d6-5803-4022-8a22-b136ced03b16', 'property_casualty', NULL, 'What is contribution by equal shares?', '¿Qué es la contribución por partes iguales?', '["Each insurer pays equal amounts until the loss is paid or limits are exhausted", "One insurer pays all", "Pro rata payment", "No payment"]', '["Cada asegurador paga cantidades iguales hasta que la pérdida se pague o los límites se agoten", "Un asegurador paga todo", "Pago prorrateado", "Sin pago"]', 0, 'Contribution by equal shares means each insurer pays the same amount until the loss is covered or limits are reached.', 'La contribución por partes iguales significa que cada asegurador paga la misma cantidad hasta que la pérdida se cubra o se alcancen los límites.', true, '2026-01-14 22:46:59.703739', '2026-01-14 22:46:59.703739') ON CONFLICT (id) DO NOTHING;
INSERT INTO questions (id, category, topic, question_text_en, question_text_es, options_en, options_es, correct_answer, explanation_en, explanation_es, is_active, created_at, updated_at) VALUES ('7bc84645-2abf-42b2-9006-ca8b800ac63f', 'property_casualty', NULL, 'What is material misrepresentation?', '¿Qué es la tergiversación material?', '["A false statement that would have affected the insurer''s decision to provide coverage", "A minor error", "A typo on the application", "A late payment"]', '["Una declaración falsa que habría afectado la decisión del asegurador de proporcionar cobertura", "Un error menor", "Un error tipográfico en la solicitud", "Un pago atrasado"]', 0, 'Material misrepresentation is a false statement significant enough to have influenced the underwriting decision.', 'La tergiversación material es una declaración falsa lo suficientemente significativa para haber influido en la decisión de suscripción.', true, '2026-01-14 22:46:59.817641', '2026-01-14 22:46:59.817641') ON CONFLICT (id) DO NOTHING;
INSERT INTO questions (id, category, topic, question_text_en, question_text_es, options_en, options_es, correct_answer, explanation_en, explanation_es, is_active, created_at, updated_at) VALUES ('7be007d3-049e-4413-bb94-642747c00299', 'property_casualty', NULL, 'What is blanket coverage?', '¿Qué es la cobertura general?', '["Single amount of coverage that applies to multiple properties or items", "Coverage for a single item", "Liability coverage", "Auto coverage"]', '["Una cantidad única de cobertura que aplica a múltiples propiedades o artículos", "Cobertura para un solo artículo", "Cobertura de responsabilidad", "Cobertura de auto"]', 0, 'Blanket coverage provides a single limit that covers multiple items or locations under one amount.', 'La cobertura general proporciona un solo límite que cubre múltiples artículos o ubicaciones bajo una cantidad.', true, '2026-01-14 22:46:59.656958', '2026-01-14 22:46:59.656958') ON CONFLICT (id) DO NOTHING;
INSERT INTO questions (id, category, topic, question_text_en, question_text_es, options_en, options_es, correct_answer, explanation_en, explanation_es, is_active, created_at, updated_at) VALUES ('7cfac447-6d0b-4822-a54a-966bfb5e062f', 'property_casualty', NULL, 'What factors affect auto insurance premiums?', '¿Qué factores afectan las primas de seguro de auto?', '["Driving record, age, vehicle type, location, coverage, and credit score", "Only age", "Only vehicle type", "Only driving record"]', '["Historial de manejo, edad, tipo de vehículo, ubicación, cobertura y puntaje de crédito", "Solo edad", "Solo tipo de vehículo", "Solo historial de manejo"]', 0, 'Auto premiums are affected by driving record, age, vehicle, location, coverage amounts, and credit history.', 'Las primas de auto se ven afectadas por historial de manejo, edad, vehículo, ubicación, montos de cobertura e historial de crédito.', true, '2026-01-14 22:49:00.53381', '2026-01-14 22:49:00.53381') ON CONFLICT (id) DO NOTHING;
INSERT INTO questions (id, category, topic, question_text_en, question_text_es, options_en, options_es, correct_answer, explanation_en, explanation_es, is_active, created_at, updated_at) VALUES ('819053c1-146c-4584-9d9a-bf3c4faab2ee', 'property_casualty', NULL, 'What is warranty in insurance?', '¿Qué es una garantía en seguros?', '["A statement by the insured that must be strictly true for coverage to apply", "A promise by the insurer", "A coverage limit", "A premium discount"]', '["Una declaración del asegurado que debe ser estrictamente verdadera para que aplique la cobertura", "Una promesa del asegurador", "Un límite de cobertura", "Un descuento de prima"]', 0, 'A warranty is a statement made by the insured that must be strictly true; breach may void the policy.', 'Una garantía es una declaración hecha por el asegurado que debe ser estrictamente verdadera; el incumplimiento puede anular la póliza.', true, '2026-01-14 22:46:59.804253', '2026-01-14 22:46:59.804253') ON CONFLICT (id) DO NOTHING;
INSERT INTO questions (id, category, topic, question_text_en, question_text_es, options_en, options_es, correct_answer, explanation_en, explanation_es, is_active, created_at, updated_at) VALUES ('81c67f78-6b2c-4962-837e-35c38128adff', 'property_casualty', NULL, 'What is the standard workers compensation policy form?', '¿Cuál es el formulario de póliza estándar de compensación de trabajadores?', '["Part A (Workers Comp) and Part B (Employers Liability)", "Only Part A", "Only Part B", "There is no standard form"]', '["Parte A (Compensación de Trabajadores) y Parte B (Responsabilidad del Empleador)", "Solo Parte A", "Solo Parte B", "No hay formulario estándar"]', 0, 'The standard workers compensation policy includes Part A for statutory benefits and Part B for employers liability.', 'La póliza estándar de compensación de trabajadores incluye Parte A para beneficios estatutarios y Parte B para responsabilidad del empleador.', true, '2026-01-14 22:49:00.518499', '2026-01-14 22:49:00.518499') ON CONFLICT (id) DO NOTHING;
INSERT INTO questions (id, category, topic, question_text_en, question_text_es, options_en, options_es, correct_answer, explanation_en, explanation_es, is_active, created_at, updated_at) VALUES ('821048f3-a078-4dc7-8a80-205e5659e1f9', 'property_casualty', NULL, 'What is reservation of rights?', '¿Qué es la reserva de derechos?', '["A letter from the insurer stating they may deny coverage while investigating", "Approval of a claim", "A policy endorsement", "A premium increase"]', '["Una carta del asegurador indicando que pueden negar cobertura mientras investigan", "Aprobación de un reclamo", "Un endoso de póliza", "Un aumento de prima"]', 0, 'A reservation of rights letter notifies the insured that the insurer may deny coverage while they investigate a claim.', 'Una carta de reserva de derechos notifica al asegurado que el asegurador puede negar cobertura mientras investigan un reclamo.', true, '2026-01-14 22:43:34.620102', '2026-01-14 22:43:34.620102') ON CONFLICT (id) DO NOTHING;
INSERT INTO questions (id, category, topic, question_text_en, question_text_es, options_en, options_es, correct_answer, explanation_en, explanation_es, is_active, created_at, updated_at) VALUES ('84aace06-33a8-4353-b31f-b577ef33fc3b', 'property_casualty', NULL, 'What is a Commercial Package Policy (CPP)?', '¿Qué es una Póliza de Paquete Comercial (CPP)?', '["A customizable policy combining property and liability coverage for businesses", "A personal auto policy", "A homeowners policy", "A health insurance policy"]', '["Una póliza personalizable que combina cobertura de propiedad y responsabilidad para negocios", "Una póliza de auto personal", "Una póliza de propietarios", "Una póliza de seguro de salud"]', 0, 'A CPP combines various business coverages like property, liability, and crime into one customizable policy.', 'Una CPP combina varias coberturas de negocios como propiedad, responsabilidad y crimen en una póliza personalizable.', true, '2026-01-14 22:43:34.534058', '2026-01-14 22:43:34.534058') ON CONFLICT (id) DO NOTHING;
INSERT INTO questions (id, category, topic, question_text_en, question_text_es, options_en, options_es, correct_answer, explanation_en, explanation_es, is_active, created_at, updated_at) VALUES ('84c4347f-7cf8-40dd-987f-534a667af017', 'property_casualty', NULL, 'What is the minimum age to obtain a Texas insurance license?', '¿Cuál es la edad mínima para obtener una licencia de seguros de Texas?', '["18 years old", "21 years old", "16 years old", "25 years old"]', '["18 años", "21 años", "16 años", "25 años"]', 0, 'Applicants must be at least 18 years old to obtain a Texas insurance license.', 'Los solicitantes deben tener al menos 18 años para obtener una licencia de seguros de Texas.', true, '2026-01-14 22:43:34.396488', '2026-01-14 22:43:34.396488') ON CONFLICT (id) DO NOTHING;
INSERT INTO questions (id, category, topic, question_text_en, question_text_es, options_en, options_es, correct_answer, explanation_en, explanation_es, is_active, created_at, updated_at) VALUES ('86db343f-90f3-4fcf-ba26-535a4645ba70', 'property_casualty', NULL, 'What is the watercraft exclusion?', '¿Qué es la exclusión de embarcaciones?', '["Exclusion for liability from larger watercraft in homeowners policies", "Boat coverage", "A coverage addition", "A premium discount"]', '["Exclusión por responsabilidad de embarcaciones más grandes en pólizas de propietarios", "Cobertura de botes", "Una adición de cobertura", "Un descuento de prima"]', 0, 'The watercraft exclusion removes coverage for liability from larger boats and motorized watercraft.', 'La exclusión de embarcaciones elimina cobertura por responsabilidad de botes más grandes y embarcaciones motorizadas.', true, '2026-01-14 22:49:00.493086', '2026-01-14 22:49:00.493086') ON CONFLICT (id) DO NOTHING;
INSERT INTO questions (id, category, topic, question_text_en, question_text_es, options_en, options_es, correct_answer, explanation_en, explanation_es, is_active, created_at, updated_at) VALUES ('870f3471-67b9-4e25-b4ec-4269dd0edb89', 'property_casualty', NULL, 'What is an insurance fraud?', '¿Qué es el fraude de seguros?', '["Any deliberate deception to obtain an illegitimate gain from insurance", "A legitimate claim", "A policy endorsement", "A coverage limitation"]', '["Cualquier engaño deliberado para obtener una ganancia ilegítima del seguro", "Un reclamo legítimo", "Un endoso de póliza", "Una limitación de cobertura"]', 0, 'Insurance fraud is any intentional act of deception to obtain payment or benefit from an insurance policy.', 'El fraude de seguros es cualquier acto intencional de engaño para obtener pago o beneficio de una póliza de seguro.', true, '2026-01-14 22:43:34.673705', '2026-01-14 22:43:34.673705') ON CONFLICT (id) DO NOTHING;
INSERT INTO questions (id, category, topic, question_text_en, question_text_es, options_en, options_es, correct_answer, explanation_en, explanation_es, is_active, created_at, updated_at) VALUES ('872c20b6-948e-4130-99c7-3919ae4cb8e5', 'property_casualty', NULL, 'What is recreational vehicle (RV) insurance?', '¿Qué es el seguro de vehículos recreativos (RV)?', '["Coverage combining auto and property features for motorhomes and campers", "Auto insurance only", "Homeowners insurance only", "Liability only"]', '["Cobertura que combina características de auto y propiedad para casas rodantes y campers", "Solo seguro de auto", "Solo seguro de propietarios", "Solo responsabilidad"]', 0, 'RV insurance provides coverage that combines auto-like liability with property coverage for personal belongings inside.', 'El seguro de RV proporciona cobertura que combina responsabilidad tipo auto con cobertura de propiedad para pertenencias personales adentro.', true, '2026-01-14 22:46:59.775129', '2026-01-14 22:46:59.775129') ON CONFLICT (id) DO NOTHING;
INSERT INTO questions (id, category, topic, question_text_en, question_text_es, options_en, options_es, correct_answer, explanation_en, explanation_es, is_active, created_at, updated_at) VALUES ('8bece97d-a1ff-4cd4-8a54-bbf7dc0413e9', 'property_casualty', NULL, 'What does ''additional insured'' mean?', '¿Qué significa ''asegurado adicional''?', '["A party added to a policy who receives coverage under the named insured''s policy", "The primary policyholder", "The insurance agent", "The claims adjuster"]', '["Una parte agregada a una póliza que recibe cobertura bajo la póliza del asegurado nombrado", "El asegurado principal", "El agente de seguros", "El ajustador de reclamos"]', 0, 'An additional insured is a person or entity added to an insurance policy to receive coverage.', 'Un asegurado adicional es una persona o entidad agregada a una póliza de seguro para recibir cobertura.', true, '2026-01-14 22:49:00.449483', '2026-01-14 22:49:00.449483') ON CONFLICT (id) DO NOTHING;
INSERT INTO questions (id, category, topic, question_text_en, question_text_es, options_en, options_es, correct_answer, explanation_en, explanation_es, is_active, created_at, updated_at) VALUES ('8e769492-c9c4-4748-bab0-a16cbbf595fe', 'property_casualty', NULL, 'What does ''premium'' mean in insurance?', '¿Qué significa ''prima'' en seguros?', '["The amount paid for insurance coverage", "The deductible amount", "The coverage limit", "The claim amount"]', '["La cantidad pagada por cobertura de seguro", "El monto del deducible", "El límite de cobertura", "El monto del reclamo"]', 0, 'A premium is the amount of money an individual or business pays for an insurance policy, typically on a monthly or annual basis.', 'Una prima es la cantidad de dinero que un individuo o negocio paga por una póliza de seguro, típicamente de forma mensual o anual.', true, '2026-01-14 18:28:35.565207', '2026-01-14 18:28:35.565207') ON CONFLICT (id) DO NOTHING;
INSERT INTO questions (id, category, topic, question_text_en, question_text_es, options_en, options_es, correct_answer, explanation_en, explanation_es, is_active, created_at, updated_at) VALUES ('8f40a6d3-ed57-4ee5-9151-5ceb4aaba1f0', 'property_casualty', NULL, 'What is Directors and Officers (D&O) liability insurance?', '¿Qué es el seguro de responsabilidad de Directores y Oficiales (D&O)?', '["Coverage protecting company leaders from personal liability for management decisions", "Property coverage", "Auto coverage", "Health coverage"]', '["Cobertura que protege a líderes de la empresa de responsabilidad personal por decisiones de gestión", "Cobertura de propiedad", "Cobertura de auto", "Cobertura de salud"]', 0, 'D&O insurance protects corporate directors and officers from personal liability for decisions made in their official capacity.', 'El seguro D&O protege a directores y oficiales corporativos de responsabilidad personal por decisiones tomadas en su capacidad oficial.', true, '2026-01-14 22:46:59.72927', '2026-01-14 22:46:59.72927') ON CONFLICT (id) DO NOTHING;
INSERT INTO questions (id, category, topic, question_text_en, question_text_es, options_en, options_es, correct_answer, explanation_en, explanation_es, is_active, created_at, updated_at) VALUES ('901d39f7-c13f-47a4-8f2a-67b029036feb', 'property_casualty', NULL, 'Who is covered under a personal auto policy''s liability coverage?', '¿Quién está cubierto bajo la cobertura de responsabilidad de una póliza de auto personal?', '["The named insured, family members, and permissive users", "Only the named insured", "Only family members", "Only the vehicle owner"]', '["El asegurado nombrado, miembros de la familia y usuarios permitidos", "Solo el asegurado nombrado", "Solo miembros de la familia", "Solo el propietario del vehículo"]', 0, 'Liability coverage typically extends to the named insured, resident family members, and anyone using the vehicle with permission.', 'La cobertura de responsabilidad típicamente se extiende al asegurado nombrado, miembros de la familia residentes y cualquiera que use el vehículo con permiso.', true, '2026-01-14 22:43:34.527581', '2026-01-14 22:43:34.527581') ON CONFLICT (id) DO NOTHING;
INSERT INTO questions (id, category, topic, question_text_en, question_text_es, options_en, options_es, correct_answer, explanation_en, explanation_es, is_active, created_at, updated_at) VALUES ('903d2a7a-3fff-469e-8e50-c42701f0be78', 'property_casualty', NULL, 'What is fiduciary liability insurance?', '¿Qué es el seguro de responsabilidad fiduciaria?', '["Coverage for claims against those managing employee benefit plans", "Property coverage", "Auto coverage", "Life coverage"]', '["Cobertura para reclamos contra quienes administran planes de beneficios para empleados", "Cobertura de propiedad", "Cobertura de auto", "Cobertura de vida"]', 0, 'Fiduciary liability insurance protects those responsible for managing employee benefit plans from claims of mismanagement.', 'El seguro de responsabilidad fiduciaria protege a quienes son responsables de administrar planes de beneficios para empleados de reclamos de mala gestión.', true, '2026-01-14 22:46:59.735749', '2026-01-14 22:46:59.735749') ON CONFLICT (id) DO NOTHING;
INSERT INTO questions (id, category, topic, question_text_en, question_text_es, options_en, options_es, correct_answer, explanation_en, explanation_es, is_active, created_at, updated_at) VALUES ('90a068f6-14f1-4784-bfeb-26adb4b5eeaa', 'property_casualty', NULL, 'What is sewer backup coverage?', '¿Qué es la cobertura de respaldo de alcantarillado?', '["Optional coverage for damage from sewers or drains backing up", "Standard coverage", "Liability coverage", "Auto coverage"]', '["Cobertura opcional para daño por alcantarillas o desagües que se respaldan", "Cobertura estándar", "Cobertura de responsabilidad", "Cobertura de auto"]', 0, 'Sewer backup coverage is an optional endorsement covering damage when sewers or drains back up into the home.', 'La cobertura de respaldo de alcantarillado es un endoso opcional que cubre daño cuando las alcantarillas o desagües se respaldan hacia la casa.', true, '2026-01-14 22:46:59.715239', '2026-01-14 22:46:59.715239') ON CONFLICT (id) DO NOTHING;
INSERT INTO questions (id, category, topic, question_text_en, question_text_es, options_en, options_es, correct_answer, explanation_en, explanation_es, is_active, created_at, updated_at) VALUES ('9154f202-63ac-48cc-bfaa-fd25a8827be9', 'property_casualty', NULL, 'What is motor truck cargo insurance?', '¿Qué es el seguro de carga de camión?', '["Coverage for goods being transported by truck", "Auto liability coverage", "Property coverage", "Workers compensation"]', '["Cobertura para bienes siendo transportados por camión", "Cobertura de responsabilidad de auto", "Cobertura de propiedad", "Compensación de trabajadores"]', 0, 'Motor truck cargo insurance covers goods and merchandise while being transported in a commercial truck.', 'El seguro de carga de camión cubre bienes y mercancía mientras son transportados en un camión comercial.', true, '2026-01-14 22:46:59.759862', '2026-01-14 22:46:59.759862') ON CONFLICT (id) DO NOTHING;
INSERT INTO questions (id, category, topic, question_text_en, question_text_es, options_en, options_es, correct_answer, explanation_en, explanation_es, is_active, created_at, updated_at) VALUES ('9692677e-b604-4602-baa0-dd250af27553', 'property_casualty', NULL, 'What is bailee coverage?', '¿Qué es la cobertura de depositario?', '["Coverage for property of others in the care, custody, or control of the insured", "Personal property coverage", "Liability coverage", "Auto coverage"]', '["Cobertura para propiedad de otros en el cuidado, custodia o control del asegurado", "Cobertura de propiedad personal", "Cobertura de responsabilidad", "Cobertura de auto"]', 0, 'Bailee coverage protects property belonging to others while it''s in the insured''s possession or control.', 'La cobertura de depositario protege propiedad perteneciente a otros mientras está en posesión o control del asegurado.', true, '2026-01-14 22:46:59.745511', '2026-01-14 22:46:59.745511') ON CONFLICT (id) DO NOTHING;
INSERT INTO questions (id, category, topic, question_text_en, question_text_es, options_en, options_es, correct_answer, explanation_en, explanation_es, is_active, created_at, updated_at) VALUES ('976899f5-c40f-43c1-86eb-e56c83a7b12b', 'property_casualty', NULL, 'What is boatowners insurance?', '¿Qué es el seguro de propietarios de botes?', '["Coverage for boats including hull damage, liability, and medical payments", "Homeowners coverage", "Auto coverage", "Commercial coverage"]', '["Cobertura para botes incluyendo daño al casco, responsabilidad y pagos médicos", "Cobertura de propietarios", "Cobertura de auto", "Cobertura comercial"]', 0, 'Boatowners insurance covers physical damage to the boat, liability for accidents, and medical payments.', 'El seguro de propietarios de botes cubre daño físico al bote, responsabilidad por accidentes y pagos médicos.', true, '2026-01-14 22:46:59.766634', '2026-01-14 22:46:59.766634') ON CONFLICT (id) DO NOTHING;
INSERT INTO questions (id, category, topic, question_text_en, question_text_es, options_en, options_es, correct_answer, explanation_en, explanation_es, is_active, created_at, updated_at) VALUES ('98ab0ed0-2569-48ea-89dc-7ba97a43c5ae', 'property_casualty', NULL, 'What is cyber liability insurance?', '¿Qué es el seguro de responsabilidad cibernética?', '["Coverage for losses from data breaches, cyberattacks, and network security failures", "Property coverage", "Auto coverage", "Health coverage"]', '["Cobertura por pérdidas de brechas de datos, ciberataques y fallas de seguridad de red", "Cobertura de propiedad", "Cobertura de auto", "Cobertura de salud"]', 0, 'Cyber liability insurance covers losses from data breaches, cyberattacks, and related incidents.', 'El seguro de responsabilidad cibernética cubre pérdidas de brechas de datos, ciberataques e incidentes relacionados.', true, '2026-01-14 22:46:59.725514', '2026-01-14 22:46:59.725514') ON CONFLICT (id) DO NOTHING;
INSERT INTO questions (id, category, topic, question_text_en, question_text_es, options_en, options_es, correct_answer, explanation_en, explanation_es, is_active, created_at, updated_at) VALUES ('999198f8-133d-4e87-9002-a566268c962a', 'property_casualty', NULL, 'What is a first-party claim?', '¿Qué es un reclamo de primera parte?', '["A claim made by the insured for their own losses under their policy", "A claim by someone else", "A liability claim", "A third-party claim"]', '["Un reclamo hecho por el asegurado por sus propias pérdidas bajo su póliza", "Un reclamo por alguien más", "Un reclamo de responsabilidad", "Un reclamo de terceros"]', 0, 'A first-party claim is made by the policyholder for their own loss under their own insurance policy.', 'Un reclamo de primera parte es hecho por el asegurado por su propia pérdida bajo su propia póliza de seguro.', true, '2026-01-14 22:43:34.630232', '2026-01-14 22:43:34.630232') ON CONFLICT (id) DO NOTHING;
INSERT INTO questions (id, category, topic, question_text_en, question_text_es, options_en, options_es, correct_answer, explanation_en, explanation_es, is_active, created_at, updated_at) VALUES ('9a3c32dc-d327-4735-a88b-a0c4676df10a', 'property_casualty', NULL, 'What is a morale hazard?', '¿Qué es un riesgo de moralidad?', '["Carelessness or indifference to loss because insurance exists", "Intentional damage", "A physical hazard", "A coverage limitation"]', '["Descuido o indiferencia a la pérdida porque existe el seguro", "Daño intencional", "Un peligro físico", "Una limitación de cobertura"]', 0, 'Morale hazard is the tendency to be careless or indifferent about preventing losses because insurance will cover them.', 'El riesgo de moralidad es la tendencia a ser descuidado o indiferente sobre prevenir pérdidas porque el seguro las cubrirá.', true, '2026-01-14 22:43:34.577436', '2026-01-14 22:43:34.577436') ON CONFLICT (id) DO NOTHING;
INSERT INTO questions (id, category, topic, question_text_en, question_text_es, options_en, options_es, correct_answer, explanation_en, explanation_es, is_active, created_at, updated_at) VALUES ('9f2695bb-306f-42cf-ae9b-b0cbb1e7dbce', 'property_casualty', NULL, 'What is the difference between replacement cost and market value?', '¿Cuál es la diferencia entre costo de reemplazo y valor de mercado?', '["Replacement cost is what it costs to rebuild; market value is what the property would sell for", "They are the same", "Market value is always higher", "Replacement cost is always lower"]', '["El costo de reemplazo es lo que cuesta reconstruir; el valor de mercado es por lo que la propiedad se vendería", "Son lo mismo", "El valor de mercado siempre es más alto", "El costo de reemplazo siempre es más bajo"]', 0, 'Replacement cost is the cost to rebuild or replace; market value is what a buyer would pay in the open market.', 'El costo de reemplazo es el costo de reconstruir o reemplazar; el valor de mercado es lo que un comprador pagaría en el mercado abierto.', true, '2026-01-14 22:49:00.521538', '2026-01-14 22:49:00.521538') ON CONFLICT (id) DO NOTHING;
INSERT INTO questions (id, category, topic, question_text_en, question_text_es, options_en, options_es, correct_answer, explanation_en, explanation_es, is_active, created_at, updated_at) VALUES ('a1a60ba0-a25f-48cb-9cab-61538de6b364', 'property_casualty', NULL, 'What is a hold harmless agreement?', '¿Qué es un acuerdo de exención de responsabilidad?', '["A contract where one party agrees not to hold another liable for certain damages", "An insurance policy", "A coverage endorsement", "A premium payment"]', '["Un contrato donde una parte acuerda no responsabilizar a otra por ciertos daños", "Una póliza de seguro", "Un endoso de cobertura", "Un pago de prima"]', 0, 'A hold harmless agreement is a contract where one party agrees to assume liability for the other party.', 'Un acuerdo de exención de responsabilidad es un contrato donde una parte acuerda asumir responsabilidad por la otra parte.', true, '2026-01-14 22:49:00.455061', '2026-01-14 22:49:00.455061') ON CONFLICT (id) DO NOTHING;
INSERT INTO questions (id, category, topic, question_text_en, question_text_es, options_en, options_es, correct_answer, explanation_en, explanation_es, is_active, created_at, updated_at) VALUES ('a2020980-5b55-4dd2-a6dd-4f8c5268b1c9', 'property_casualty', NULL, 'What is the law of large numbers?', '¿Qué es la ley de los grandes números?', '["The larger the group of similar exposures, the more predictable the losses", "A counting method", "A policy limit", "A coverage requirement"]', '["Cuanto mayor sea el grupo de exposiciones similares, más predecibles son las pérdidas", "Un método de conteo", "Un límite de póliza", "Un requisito de cobertura"]', 0, 'The law of large numbers states that as the number of similar exposures increases, actual losses become more predictable.', 'La ley de los grandes números establece que a medida que aumenta el número de exposiciones similares, las pérdidas reales se vuelven más predecibles.', true, '2026-01-14 22:43:34.583357', '2026-01-14 22:43:34.583357') ON CONFLICT (id) DO NOTHING;
INSERT INTO questions (id, category, topic, question_text_en, question_text_es, options_en, options_es, correct_answer, explanation_en, explanation_es, is_active, created_at, updated_at) VALUES ('a247b393-7b1a-4f43-95c1-dc7621e46de4', 'property_casualty', NULL, 'What is waiver in insurance?', '¿Qué es la renuncia en seguros?', '["Voluntary giving up of a known right", "A coverage addition", "A premium increase", "A claim denial"]', '["Renuncia voluntaria de un derecho conocido", "Una adición de cobertura", "Un aumento de prima", "Una denegación de reclamo"]', 0, 'Waiver is the voluntary relinquishment of a known right by the insurer, which cannot later be enforced.', 'La renuncia es la renuncia voluntaria de un derecho conocido por el asegurador, que luego no puede hacerse cumplir.', true, '2026-01-14 22:46:59.846272', '2026-01-14 22:46:59.846272') ON CONFLICT (id) DO NOTHING;
INSERT INTO questions (id, category, topic, question_text_en, question_text_es, options_en, options_es, correct_answer, explanation_en, explanation_es, is_active, created_at, updated_at) VALUES ('a35149fa-fcf4-4fc6-bd0b-a07c76b0c39c', 'property_casualty', NULL, 'Texas follows what type of negligence rule?', '¿Texas sigue qué tipo de regla de negligencia?', '["Modified comparative negligence (51% bar rule)", "Pure comparative negligence", "Contributory negligence", "No-fault"]', '["Negligencia comparativa modificada (regla de barrera del 51%)", "Negligencia comparativa pura", "Negligencia contributiva", "Sin culpa"]', 0, 'Texas uses modified comparative negligence: a plaintiff cannot recover if they are 51% or more at fault.', 'Texas usa negligencia comparativa modificada: un demandante no puede recuperar si tiene 51% o más de culpa.', true, '2026-01-14 22:43:34.684679', '2026-01-14 22:43:34.684679') ON CONFLICT (id) DO NOTHING;
INSERT INTO questions (id, category, topic, question_text_en, question_text_es, options_en, options_es, correct_answer, explanation_en, explanation_es, is_active, created_at, updated_at) VALUES ('a3b26f17-ff19-45e7-ab36-0168a4488c2c', 'property_casualty', NULL, 'What is uninsured motorist coverage?', '¿Qué es la cobertura de motorista sin seguro?', '["Coverage for injuries caused by a driver without insurance", "Collision coverage", "Comprehensive coverage", "Liability coverage"]', '["Cobertura para lesiones causadas por un conductor sin seguro", "Cobertura de colisión", "Cobertura comprensiva", "Cobertura de responsabilidad"]', 0, 'Uninsured motorist coverage pays for injuries to you and your passengers if caused by a driver who has no insurance.', 'La cobertura de motorista sin seguro paga por lesiones a ti y tus pasajeros si son causadas por un conductor que no tiene seguro.', true, '2026-01-14 18:28:35.593677', '2026-01-14 18:28:35.593677') ON CONFLICT (id) DO NOTHING;
INSERT INTO questions (id, category, topic, question_text_en, question_text_es, options_en, options_es, correct_answer, explanation_en, explanation_es, is_active, created_at, updated_at) VALUES ('a4699565-53bb-4a30-8181-2aab15f3d7f5', 'property_casualty', NULL, 'What are the four elements required to prove negligence?', '¿Cuáles son los cuatro elementos requeridos para probar negligencia?', '["Duty, breach of duty, causation, and damages", "Intent, action, result, and proof", "Negligence, harm, payment, and settlement", "Coverage, claim, proof, and payment"]', '["Deber, incumplimiento del deber, causalidad y daños", "Intención, acción, resultado y prueba", "Negligencia, daño, pago y liquidación", "Cobertura, reclamo, prueba y pago"]', 0, 'To prove negligence, one must establish duty owed, breach of that duty, causation, and resulting damages.', 'Para probar negligencia, uno debe establecer deber debido, incumplimiento de ese deber, causalidad y daños resultantes.', true, '2026-01-14 22:43:34.679202', '2026-01-14 22:43:34.679202') ON CONFLICT (id) DO NOTHING;
INSERT INTO questions (id, category, topic, question_text_en, question_text_es, options_en, options_es, correct_answer, explanation_en, explanation_es, is_active, created_at, updated_at) VALUES ('a4f555e8-6cdb-4659-b7d0-637729ab8c65', 'property_casualty', NULL, 'What is the exclusive remedy doctrine in workers compensation?', '¿Qué es la doctrina de remedio exclusivo en compensación de trabajadores?', '["Workers comp is the only remedy for workplace injuries; employees cannot sue employers", "Employees can sue for any injury", "Multiple remedies are available", "No remedy exists"]', '["La compensación de trabajadores es el único remedio para lesiones en el trabajo; los empleados no pueden demandar a los empleadores", "Los empleados pueden demandar por cualquier lesión", "Múltiples remedios están disponibles", "No existe remedio"]', 0, 'The exclusive remedy doctrine means workers compensation is the sole remedy for workplace injuries, barring lawsuits against employers.', 'La doctrina de remedio exclusivo significa que la compensación de trabajadores es el único remedio para lesiones en el trabajo, impidiendo demandas contra empleadores.', true, '2026-01-14 22:49:00.509353', '2026-01-14 22:49:00.509353') ON CONFLICT (id) DO NOTHING;
INSERT INTO questions (id, category, topic, question_text_en, question_text_es, options_en, options_es, correct_answer, explanation_en, explanation_es, is_active, created_at, updated_at) VALUES ('a6540dfe-61a0-483f-a08e-6e34e913c9c6', 'property_casualty', NULL, 'What is the National Flood Insurance Program (NFIP)?', '¿Qué es el Programa Nacional de Seguro contra Inundaciones (NFIP)?', '["A federal program providing flood insurance to participating communities", "A private insurance company", "A state program", "A homeowners policy"]', '["Un programa federal que proporciona seguro contra inundaciones a comunidades participantes", "Una compañía de seguros privada", "Un programa estatal", "Una póliza de propietario"]', 0, 'NFIP is a federal program that provides flood insurance to property owners in participating communities.', 'NFIP es un programa federal que proporciona seguro contra inundaciones a propietarios en comunidades participantes.', true, '2026-01-14 18:28:35.629896', '2026-01-14 18:28:35.629896') ON CONFLICT (id) DO NOTHING;
INSERT INTO questions (id, category, topic, question_text_en, question_text_es, options_en, options_es, correct_answer, explanation_en, explanation_es, is_active, created_at, updated_at) VALUES ('a6b7d7aa-428a-453b-893b-08f67410b7c4', 'property_casualty', NULL, 'What is a physical hazard?', '¿Qué es un peligro físico?', '["A tangible condition that increases the likelihood or severity of a loss", "A character defect", "A type of coverage", "An insurance company"]', '["Una condición tangible que aumenta la probabilidad o severidad de una pérdida", "Un defecto de carácter", "Un tipo de cobertura", "Una compañía de seguros"]', 0, 'A physical hazard is a tangible condition (like faulty wiring) that increases the chance or magnitude of a loss.', 'Un peligro físico es una condición tangible (como cableado defectuoso) que aumenta la probabilidad o magnitud de una pérdida.', true, '2026-01-14 22:43:34.580302', '2026-01-14 22:43:34.580302') ON CONFLICT (id) DO NOTHING;
INSERT INTO questions (id, category, topic, question_text_en, question_text_es, options_en, options_es, correct_answer, explanation_en, explanation_es, is_active, created_at, updated_at) VALUES ('a9373877-460e-4083-82a1-1445e721a4ef', 'property_casualty', NULL, 'What is equipment breakdown coverage?', '¿Qué es la cobertura de avería de equipo?', '["Coverage for sudden breakdown of mechanical and electrical equipment", "Standard property coverage", "Liability coverage", "Auto coverage"]', '["Cobertura para avería súbita de equipo mecánico y eléctrico", "Cobertura estándar de propiedad", "Cobertura de responsabilidad", "Cobertura de auto"]', 0, 'Equipment breakdown coverage (boiler and machinery) covers sudden breakdown of mechanical and electrical equipment.', 'La cobertura de avería de equipo (calderas y maquinaria) cubre avería súbita de equipo mecánico y eléctrico.', true, '2026-01-14 22:46:59.71891', '2026-01-14 22:46:59.71891') ON CONFLICT (id) DO NOTHING;
INSERT INTO questions (id, category, topic, question_text_en, question_text_es, options_en, options_es, correct_answer, explanation_en, explanation_es, is_active, created_at, updated_at) VALUES ('aa0a3a2c-a5af-4f9a-8695-d153c86dc740', 'property_casualty', NULL, 'What does ''concurrent causation'' mean?', '¿Qué significa ''causalidad concurrente''?', '["When multiple causes contribute to a loss, some covered and some excluded", "A single cause of loss", "No cause of loss", "Only excluded causes"]', '["Cuando múltiples causas contribuyen a una pérdida, algunas cubiertas y algunas excluidas", "Una sola causa de pérdida", "Sin causa de pérdida", "Solo causas excluidas"]', 0, 'Concurrent causation occurs when two or more causes contribute to a loss, creating coverage disputes.', 'La causalidad concurrente ocurre cuando dos o más causas contribuyen a una pérdida, creando disputas de cobertura.', true, '2026-01-14 22:46:59.835912', '2026-01-14 22:46:59.835912') ON CONFLICT (id) DO NOTHING;
INSERT INTO questions (id, category, topic, question_text_en, question_text_es, options_en, options_es, correct_answer, explanation_en, explanation_es, is_active, created_at, updated_at) VALUES ('ab1e2561-ca96-4603-a7aa-67cf0cf1385f', 'property_casualty', NULL, 'What is the other insurance condition?', '¿Qué es la condición de otro seguro?', '["How the policy coordinates coverage when other insurance exists", "Requirement for additional insurance", "Coverage exclusion", "Premium discount"]', '["Cómo la póliza coordina cobertura cuando existe otro seguro", "Requisito de seguro adicional", "Exclusión de cobertura", "Descuento de prima"]', 0, 'The other insurance condition explains how coverage is coordinated when multiple policies cover the same loss.', 'La condición de otro seguro explica cómo se coordina la cobertura cuando múltiples pólizas cubren la misma pérdida.', true, '2026-01-14 22:46:59.700685', '2026-01-14 22:46:59.700685') ON CONFLICT (id) DO NOTHING;
INSERT INTO questions (id, category, topic, question_text_en, question_text_es, options_en, options_es, correct_answer, explanation_en, explanation_es, is_active, created_at, updated_at) VALUES ('ac477013-8e50-451f-adc2-047a224f41c7', 'property_casualty', NULL, 'What is the purpose of a premium?', '¿Cuál es el propósito de una prima?', '["The payment made by the insured in exchange for insurance coverage", "The deductible", "The claim payment", "The policy limit"]', '["El pago hecho por el asegurado a cambio de cobertura de seguro", "El deducible", "El pago del reclamo", "El límite de póliza"]', 0, 'A premium is the amount paid to the insurance company for insurance coverage.', 'Una prima es la cantidad pagada a la compañía de seguros por cobertura de seguro.', true, '2026-01-14 22:49:00.528291', '2026-01-14 22:49:00.528291') ON CONFLICT (id) DO NOTHING;
INSERT INTO questions (id, category, topic, question_text_en, question_text_es, options_en, options_es, correct_answer, explanation_en, explanation_es, is_active, created_at, updated_at) VALUES ('ad775ab9-c63d-4684-8c8f-e295ccf50648', 'property_casualty', NULL, 'What is a per-occurrence limit?', '¿Qué es un límite por ocurrencia?', '["The maximum amount paid for a single claim or occurrence", "The aggregate limit", "The deductible", "The premium"]', '["La cantidad máxima pagada por un solo reclamo u ocurrencia", "El límite agregado", "El deducible", "La prima"]', 0, 'The per-occurrence limit is the maximum the insurer will pay for any single event or claim.', 'El límite por ocurrencia es lo máximo que el asegurador pagará por cualquier evento o reclamo individual.', true, '2026-01-14 22:49:00.444907', '2026-01-14 22:49:00.444907') ON CONFLICT (id) DO NOTHING;
INSERT INTO questions (id, category, topic, question_text_en, question_text_es, options_en, options_es, correct_answer, explanation_en, explanation_es, is_active, created_at, updated_at) VALUES ('af48a4b1-19c1-481c-8ef2-b1aaf795fde5', 'property_casualty', NULL, 'What is a garage keeper''s legal liability policy?', '¿Qué es una póliza de responsabilidad legal de cuidador de garaje?', '["Coverage for damage to customers'' vehicles in the insured''s care", "Auto liability coverage", "Property coverage", "Workers compensation"]', '["Cobertura por daño a vehículos de clientes en el cuidado del asegurado", "Cobertura de responsabilidad de auto", "Cobertura de propiedad", "Compensación de trabajadores"]', 0, 'Garagekeepers coverage protects auto service businesses for damage to customers'' vehicles in their care.', 'La cobertura de cuidador de garaje protege a negocios de servicio de autos por daño a vehículos de clientes en su cuidado.', true, '2026-01-14 22:46:59.755671', '2026-01-14 22:46:59.755671') ON CONFLICT (id) DO NOTHING;
INSERT INTO questions (id, category, topic, question_text_en, question_text_es, options_en, options_es, correct_answer, explanation_en, explanation_es, is_active, created_at, updated_at) VALUES ('afe8260b-d277-4ec8-a887-e54b64147c50', 'property_casualty', NULL, 'What is coinsurance in property insurance?', '¿Qué es el coaseguro en seguros de propiedad?', '["A clause requiring the insured to carry a minimum percentage of property value", "Sharing a policy with another person", "Having two insurance companies", "A type of deductible"]', '["Una cláusula que requiere que el asegurado lleve un porcentaje mínimo del valor de la propiedad", "Compartir una póliza con otra persona", "Tener dos compañías de seguros", "Un tipo de deducible"]', 0, 'Coinsurance requires the insured to maintain coverage at a specified percentage (usually 80%) of the property''s value to receive full claim payment.', 'El coaseguro requiere que el asegurado mantenga cobertura a un porcentaje especificado (usualmente 80%) del valor de la propiedad para recibir el pago completo del reclamo.', true, '2026-01-14 22:43:34.439749', '2026-01-14 22:43:34.439749') ON CONFLICT (id) DO NOTHING;
INSERT INTO questions (id, category, topic, question_text_en, question_text_es, options_en, options_es, correct_answer, explanation_en, explanation_es, is_active, created_at, updated_at) VALUES ('b1bac7b4-75a7-4a41-aed8-906a0932aaa3', 'property_casualty', NULL, 'What is a workers compensation premium audit?', '¿Qué es una auditoría de prima de compensación de trabajadores?', '["A review to verify actual payroll compared to estimated payroll for premium calculation", "A coverage audit", "A claims audit", "A policy review"]', '["Una revisión para verificar la nómina real comparada con la nómina estimada para el cálculo de la prima", "Una auditoría de cobertura", "Una auditoría de reclamos", "Una revisión de póliza"]', 0, 'A premium audit compares actual payroll to estimated payroll to determine if additional premium is owed.', 'Una auditoría de prima compara la nómina real con la nómina estimada para determinar si se debe prima adicional.', true, '2026-01-14 22:49:00.501353', '2026-01-14 22:49:00.501353') ON CONFLICT (id) DO NOTHING;
INSERT INTO questions (id, category, topic, question_text_en, question_text_es, options_en, options_es, correct_answer, explanation_en, explanation_es, is_active, created_at, updated_at) VALUES ('b5cfd76a-d3e1-4a1a-be1e-fc629862515c', 'property_casualty', NULL, 'What is a personal auto policy (PAP)?', '¿Qué es una póliza de automóvil personal (PAP)?', '["A standard personal automobile insurance policy", "A commercial auto policy", "A motorcycle policy", "A fleet policy"]', '["Una póliza estándar de seguro de automóvil personal", "Una póliza de auto comercial", "Una póliza de motocicleta", "Una póliza de flota"]', 0, 'The PAP is the standard personal automobile insurance policy covering personal vehicles for non-commercial use.', 'La PAP es la póliza estándar de seguro de automóvil personal que cubre vehículos personales para uso no comercial.', true, '2026-01-14 22:43:34.514051', '2026-01-14 22:43:34.514051') ON CONFLICT (id) DO NOTHING;
INSERT INTO questions (id, category, topic, question_text_en, question_text_es, options_en, options_es, correct_answer, explanation_en, explanation_es, is_active, created_at, updated_at) VALUES ('b5fc448b-c2ed-41be-954f-57269a134cb5', 'property_casualty', NULL, 'What is the loss payee clause?', '¿Qué es la cláusula de beneficiario de pérdida?', '["Names a party with a financial interest to receive claim payments", "The insured only", "The agent", "The adjuster"]', '["Nombra a una parte con interés financiero para recibir pagos de reclamos", "Solo el asegurado", "El agente", "El ajustador"]', 0, 'A loss payee clause names another party (like a lienholder) to receive insurance claim payments.', 'Una cláusula de beneficiario de pérdida nombra a otra parte (como un acreedor) para recibir pagos de reclamos de seguro.', true, '2026-01-14 22:46:59.692483', '2026-01-14 22:46:59.692483') ON CONFLICT (id) DO NOTHING;
INSERT INTO questions (id, category, topic, question_text_en, question_text_es, options_en, options_es, correct_answer, explanation_en, explanation_es, is_active, created_at, updated_at) VALUES ('b7998afc-fdb0-4a12-827a-54737cbd6056', 'property_casualty', NULL, 'What is insurable interest?', '¿Qué es el interés asegurable?', '["A financial stake in the subject of insurance that would cause financial loss if destroyed", "Interest earned on premiums", "The insurance company''s profit", "A type of policy"]', '["Una participación financiera en el sujeto del seguro que causaría pérdida financiera si se destruyera", "Interés ganado sobre primas", "La ganancia de la compañía de seguros", "Un tipo de póliza"]', 0, 'Insurable interest means the insured must have a financial stake in the subject matter and would suffer financially from its loss.', 'El interés asegurable significa que el asegurado debe tener una participación financiera en el tema y sufriría financieramente por su pérdida.', true, '2026-01-14 22:43:34.567944', '2026-01-14 22:43:34.567944') ON CONFLICT (id) DO NOTHING;
INSERT INTO questions (id, category, topic, question_text_en, question_text_es, options_en, options_es, correct_answer, explanation_en, explanation_es, is_active, created_at, updated_at) VALUES ('baa94f8d-9936-452f-b505-8826dfa1f86a', 'property_casualty', NULL, 'What is an occurrence-based policy?', '¿Qué es una póliza basada en ocurrencia?', '["A policy that covers claims for incidents that occur during the policy period, regardless of when the claim is filed", "A claims-made policy", "A named peril policy", "A temporary policy"]', '["Una póliza que cubre reclamos por incidentes que ocurren durante el período de la póliza, independientemente de cuándo se presente el reclamo", "Una póliza de reclamos hechos", "Una póliza de riesgo nombrado", "Una póliza temporal"]', 0, 'An occurrence-based policy covers claims for events that happen during the policy period, even if the claim is filed years later.', 'Una póliza basada en ocurrencia cubre reclamos por eventos que suceden durante el período de la póliza, incluso si el reclamo se presenta años después.', true, '2026-01-14 22:43:34.647875', '2026-01-14 22:43:34.647875') ON CONFLICT (id) DO NOTHING;
INSERT INTO questions (id, category, topic, question_text_en, question_text_es, options_en, options_es, correct_answer, explanation_en, explanation_es, is_active, created_at, updated_at) VALUES ('bad0c0f6-33b3-4c72-ac05-3c62a13fd0aa', 'property_casualty', NULL, 'What is livestock insurance?', '¿Qué es el seguro de ganado?', '["Coverage for farm animals against death or injury from covered causes", "Property insurance", "Auto insurance", "Liability insurance"]', '["Cobertura para animales de granja contra muerte o lesión por causas cubiertas", "Seguro de propiedad", "Seguro de auto", "Seguro de responsabilidad"]', 0, 'Livestock insurance covers farm animals against death, theft, or accidental injury.', 'El seguro de ganado cubre animales de granja contra muerte, robo o lesión accidental.', true, '2026-01-14 22:46:59.791885', '2026-01-14 22:46:59.791885') ON CONFLICT (id) DO NOTHING;
INSERT INTO questions (id, category, topic, question_text_en, question_text_es, options_en, options_es, correct_answer, explanation_en, explanation_es, is_active, created_at, updated_at) VALUES ('bfb93e93-6862-43a9-a240-64e27a679c12', 'property_casualty', NULL, 'How often must a Texas P&C insurance license be renewed?', '¿Con qué frecuencia debe renovarse una licencia de seguros P&C de Texas?', '["Every 2 years", "Every year", "Every 3 years", "Every 5 years"]', '["Cada 2 años", "Cada año", "Cada 3 años", "Cada 5 años"]', 0, 'Texas insurance licenses must be renewed every two years.', 'Las licencias de seguros de Texas deben renovarse cada dos años.', true, '2026-01-14 22:43:34.390023', '2026-01-14 22:43:34.390023') ON CONFLICT (id) DO NOTHING;
INSERT INTO questions (id, category, topic, question_text_en, question_text_es, options_en, options_es, correct_answer, explanation_en, explanation_es, is_active, created_at, updated_at) VALUES ('c178f929-4b28-4c7f-8bf7-abb0007d21da', 'property_casualty', NULL, 'What is Employment Practices Liability Insurance (EPLI)?', '¿Qué es el Seguro de Responsabilidad de Prácticas Laborales (EPLI)?', '["Coverage for claims arising from employment-related issues like discrimination and wrongful termination", "Workers compensation", "Property coverage", "Auto coverage"]', '["Cobertura para reclamos que surgen de problemas relacionados con el empleo como discriminación y despido injustificado", "Compensación de trabajadores", "Cobertura de propiedad", "Cobertura de auto"]', 0, 'EPLI covers claims from employees alleging discrimination, harassment, wrongful termination, and other employment issues.', 'EPLI cubre reclamos de empleados que alegan discriminación, acoso, despido injustificado y otros problemas laborales.', true, '2026-01-14 22:46:59.732944', '2026-01-14 22:46:59.732944') ON CONFLICT (id) DO NOTHING;
INSERT INTO questions (id, category, topic, question_text_en, question_text_es, options_en, options_es, correct_answer, explanation_en, explanation_es, is_active, created_at, updated_at) VALUES ('c1d3320b-2067-4b4a-b753-bb2245a49400', 'property_casualty', NULL, 'What does a homeowners insurance policy typically cover?', '¿Qué cubre típicamente una póliza de seguro de propietarios?', '["Dwelling, personal property, liability, and additional living expenses", "Only the structure", "Only personal belongings", "Only liability"]', '["Vivienda, propiedad personal, responsabilidad y gastos de vida adicionales", "Solo la estructura", "Solo pertenencias personales", "Solo responsabilidad"]', 0, 'Standard homeowners policies cover the dwelling, other structures, personal property, liability, and additional living expenses.', 'Las pólizas estándar de propietarios cubren la vivienda, otras estructuras, propiedad personal, responsabilidad y gastos de vida adicionales.', true, '2026-01-14 22:43:34.42056', '2026-01-14 22:43:34.42056') ON CONFLICT (id) DO NOTHING;
INSERT INTO questions (id, category, topic, question_text_en, question_text_es, options_en, options_es, correct_answer, explanation_en, explanation_es, is_active, created_at, updated_at) VALUES ('c24e3b83-cf5a-4872-8f96-bcbb0c87a339', 'property_casualty', NULL, 'What is crime insurance?', '¿Qué es el seguro de crimen?', '["Coverage for losses from criminal acts like employee theft, robbery, and forgery", "Property coverage only", "Liability coverage", "Auto coverage"]', '["Cobertura por pérdidas de actos criminales como robo por empleados, atraco y falsificación", "Solo cobertura de propiedad", "Cobertura de responsabilidad", "Cobertura de auto"]', 0, 'Crime insurance covers losses from criminal acts including employee dishonesty, robbery, forgery, and computer fraud.', 'El seguro de crimen cubre pérdidas de actos criminales incluyendo deshonestidad de empleados, atraco, falsificación y fraude informático.', true, '2026-01-14 22:46:59.739141', '2026-01-14 22:46:59.739141') ON CONFLICT (id) DO NOTHING;
INSERT INTO questions (id, category, topic, question_text_en, question_text_es, options_en, options_es, correct_answer, explanation_en, explanation_es, is_active, created_at, updated_at) VALUES ('c43a367d-5c0a-4d23-b59a-5a868c8adf4a', 'property_casualty', NULL, 'What is employers liability coverage in a workers compensation policy?', '¿Qué es la cobertura de responsabilidad del empleador en una póliza de compensación de trabajadores?', '["Coverage for lawsuits by employees that are not covered under workers compensation", "Standard workers comp", "Property coverage", "Auto coverage"]', '["Cobertura para demandas de empleados que no están cubiertas bajo compensación de trabajadores", "Compensación de trabajadores estándar", "Cobertura de propiedad", "Cobertura de auto"]', 0, 'Employers liability (Part B) covers lawsuits from employees for workplace injuries not covered by workers compensation.', 'La responsabilidad del empleador (Parte B) cubre demandas de empleados por lesiones en el trabajo no cubiertas por compensación de trabajadores.', true, '2026-01-14 22:49:00.514915', '2026-01-14 22:49:00.514915') ON CONFLICT (id) DO NOTHING;
INSERT INTO questions (id, category, topic, question_text_en, question_text_es, options_en, options_es, correct_answer, explanation_en, explanation_es, is_active, created_at, updated_at) VALUES ('c4ec66b6-ae7b-4869-8cea-9a7ace470954', 'property_casualty', NULL, 'What is contractual liability coverage?', '¿Qué es la cobertura de responsabilidad contractual?', '["Coverage for liability assumed under a contract", "Property coverage", "Auto coverage", "Life coverage"]', '["Cobertura por responsabilidad asumida bajo un contrato", "Cobertura de propiedad", "Cobertura de auto", "Cobertura de vida"]', 0, 'Contractual liability coverage protects the insured for liability they''ve assumed under contracts or agreements.', 'La cobertura de responsabilidad contractual protege al asegurado por responsabilidad que han asumido bajo contratos o acuerdos.', true, '2026-01-14 22:49:00.464551', '2026-01-14 22:49:00.464551') ON CONFLICT (id) DO NOTHING;
INSERT INTO questions (id, category, topic, question_text_en, question_text_es, options_en, options_es, correct_answer, explanation_en, explanation_es, is_active, created_at, updated_at) VALUES ('c70f7a9c-2b5f-4d2b-8150-4923869d62fb', 'property_casualty', NULL, 'What is the pollution exclusion?', '¿Qué es la exclusión de contaminación?', '["An exclusion eliminating coverage for pollution-related claims", "A coverage for pollution", "A premium discount", "A claim procedure"]', '["Una exclusión que elimina cobertura para reclamos relacionados con contaminación", "Una cobertura para contaminación", "Un descuento de prima", "Un procedimiento de reclamo"]', 0, 'The pollution exclusion removes coverage for claims arising from the discharge of pollutants.', 'La exclusión de contaminación elimina cobertura para reclamos que surgen de la descarga de contaminantes.', true, '2026-01-14 22:49:00.469764', '2026-01-14 22:49:00.469764') ON CONFLICT (id) DO NOTHING;
INSERT INTO questions (id, category, topic, question_text_en, question_text_es, options_en, options_es, correct_answer, explanation_en, explanation_es, is_active, created_at, updated_at) VALUES ('c8f1cb46-0df4-4c6d-8f64-54dcc79ce2ee', 'property_casualty', NULL, 'What is a binder in insurance?', '¿Qué es un binder en seguros?', '["Temporary evidence of coverage until a formal policy is issued", "A policy cancellation", "A claim denial", "A premium refund"]', '["Evidencia temporal de cobertura hasta que se emita una póliza formal", "Una cancelación de póliza", "Una denegación de reclamo", "Un reembolso de prima"]', 0, 'A binder is temporary proof of insurance that provides coverage until the formal policy is issued.', 'Un binder es prueba temporal de seguro que proporciona cobertura hasta que se emita la póliza formal.', true, '2026-01-14 22:43:34.605164', '2026-01-14 22:43:34.605164') ON CONFLICT (id) DO NOTHING;
INSERT INTO questions (id, category, topic, question_text_en, question_text_es, options_en, options_es, correct_answer, explanation_en, explanation_es, is_active, created_at, updated_at) VALUES ('cb0225a3-b445-4576-839c-6946f4c92463', 'property_casualty', NULL, 'An insurance agent who represents multiple insurance companies is called a:', 'Un agente de seguros que representa a múltiples compañías de seguros se llama:', '["Independent agent", "Captive agent", "Exclusive agent", "Company agent"]', '["Agente independiente", "Agente cautivo", "Agente exclusivo", "Agente de compañía"]', 0, 'An independent agent represents multiple insurance companies and can offer products from various insurers.', 'Un agente independiente representa a múltiples compañías de seguros y puede ofrecer productos de varios aseguradores.', true, '2026-01-14 22:43:34.399836', '2026-01-14 22:43:34.399836') ON CONFLICT (id) DO NOTHING;
INSERT INTO questions (id, category, topic, question_text_en, question_text_es, options_en, options_es, correct_answer, explanation_en, explanation_es, is_active, created_at, updated_at) VALUES ('cbcc2ddb-9ea3-4421-a67a-68844b89abed', 'property_casualty', NULL, 'What is the difference between primary and excess coverage?', '¿Cuál es la diferencia entre cobertura primaria y excedente?', '["Primary pays first; excess pays after primary limits are exhausted", "They pay equally", "Excess pays first", "Primary never pays"]', '["Primaria paga primero; excedente paga después de que los límites primarios se agotan", "Pagan igualmente", "Excedente paga primero", "Primaria nunca paga"]', 0, 'Primary insurance pays first up to its limits, then excess coverage kicks in for amounts above those limits.', 'El seguro primario paga primero hasta sus límites, luego la cobertura excedente entra para montos por encima de esos límites.', true, '2026-01-14 22:49:00.413071', '2026-01-14 22:49:00.413071') ON CONFLICT (id) DO NOTHING;
INSERT INTO questions (id, category, topic, question_text_en, question_text_es, options_en, options_es, correct_answer, explanation_en, explanation_es, is_active, created_at, updated_at) VALUES ('cbdc2b6b-8838-42a8-87e9-80d463111659', 'property_casualty', NULL, 'What is the entire contract provision?', '¿Qué es la disposición de contrato completo?', '["The policy and attached documents constitute the complete agreement between parties", "Part of the agreement", "The premium only", "The application only"]', '["La póliza y documentos adjuntos constituyen el acuerdo completo entre las partes", "Parte del acuerdo", "Solo la prima", "Solo la solicitud"]', 0, 'The entire contract provision states that the policy and any attached documents represent the complete agreement.', 'La disposición de contrato completo establece que la póliza y cualquier documento adjunto representan el acuerdo completo.', true, '2026-01-14 22:46:59.823441', '2026-01-14 22:46:59.823441') ON CONFLICT (id) DO NOTHING;
INSERT INTO questions (id, category, topic, question_text_en, question_text_es, options_en, options_es, correct_answer, explanation_en, explanation_es, is_active, created_at, updated_at) VALUES ('ccd6fd0b-2756-47be-b314-17839ce20753', 'property_casualty', NULL, 'What is the insuring agreement?', '¿Qué es el acuerdo de seguro?', '["The section of a policy that states what the insurer promises to do", "The application", "The premium payment", "The claims process"]', '["La sección de una póliza que establece lo que el asegurador promete hacer", "La solicitud", "El pago de la prima", "El proceso de reclamos"]', 0, 'The insuring agreement is the heart of the policy, stating the insurer''s promise to pay for covered losses.', 'El acuerdo de seguro es el corazón de la póliza, estableciendo la promesa del asegurador de pagar por pérdidas cubiertas.', true, '2026-01-14 22:43:34.600347', '2026-01-14 22:43:34.600347') ON CONFLICT (id) DO NOTHING;
INSERT INTO questions (id, category, topic, question_text_en, question_text_es, options_en, options_es, correct_answer, explanation_en, explanation_es, is_active, created_at, updated_at) VALUES ('cdb2dae1-602f-46fe-b3c4-fbe4ff4349ec', 'property_casualty', NULL, 'What are the minimum liability limits required for auto insurance in Texas?', '¿Cuáles son los límites mínimos de responsabilidad requeridos para el seguro de auto en Texas?', '["30/60/25 (30K bodily injury per person, 60K per accident, 25K property damage)", "15/30/10", "50/100/50", "100/300/100"]', '["30/60/25 (30K lesiones corporales por persona, 60K por accidente, 25K daños a la propiedad)", "15/30/10", "50/100/50", "100/300/100"]', 0, 'Texas requires minimum liability coverage of 30/60/25: $30,000 bodily injury per person, $60,000 per accident, and $25,000 property damage.', 'Texas requiere cobertura mínima de responsabilidad de 30/60/25: $30,000 lesiones corporales por persona, $60,000 por accidente y $25,000 daños a la propiedad.', true, '2026-01-14 22:43:34.490553', '2026-01-14 22:43:34.490553') ON CONFLICT (id) DO NOTHING;
INSERT INTO questions (id, category, topic, question_text_en, question_text_es, options_en, options_es, correct_answer, explanation_en, explanation_es, is_active, created_at, updated_at) VALUES ('d0fb214e-080d-4928-b515-39decf09c995', 'property_casualty', NULL, 'What is reinsurance?', '¿Qué es el reaseguro?', '["Insurance purchased by insurers to transfer some of their risk", "A type of homeowners policy", "Additional coverage for consumers", "A form of self-insurance"]', '["Seguro comprado por aseguradores para transferir parte de su riesgo", "Un tipo de póliza de propietarios", "Cobertura adicional para consumidores", "Una forma de autoaseguro"]', 0, 'Reinsurance is insurance that insurers purchase to protect themselves from large or catastrophic losses.', 'El reaseguro es seguro que los aseguradores compran para protegerse de pérdidas grandes o catastróficas.', true, '2026-01-14 22:43:34.637475', '2026-01-14 22:43:34.637475') ON CONFLICT (id) DO NOTHING;
INSERT INTO questions (id, category, topic, question_text_en, question_text_es, options_en, options_es, correct_answer, explanation_en, explanation_es, is_active, created_at, updated_at) VALUES ('d1465eb2-8897-4150-b8f0-72c1a3c53207', 'property_casualty', NULL, 'What is vicarious liability?', '¿Qué es la responsabilidad vicaria?', '["Liability of one party for the acts of another (like employer for employee)", "Personal liability only", "No liability", "Product liability"]', '["Responsabilidad de una parte por los actos de otra (como empleador por empleado)", "Solo responsabilidad personal", "Sin responsabilidad", "Responsabilidad de producto"]', 0, 'Vicarious liability holds one party responsible for the negligent acts of another, such as an employer for an employee''s actions.', 'La responsabilidad vicaria hace a una parte responsable por los actos negligentes de otra, como un empleador por las acciones de un empleado.', true, '2026-01-14 22:46:59.624261', '2026-01-14 22:46:59.624261') ON CONFLICT (id) DO NOTHING;
INSERT INTO questions (id, category, topic, question_text_en, question_text_es, options_en, options_es, correct_answer, explanation_en, explanation_es, is_active, created_at, updated_at) VALUES ('d1dc5d48-5c9f-47c0-bdd3-cbaf48a12d65', 'property_casualty', NULL, 'What is the expected or intended injury exclusion?', '¿Qué es la exclusión de lesión esperada o intencional?', '["Exclusion for injuries the insured expected or intended to cause", "Coverage for intentional acts", "A premium calculation", "A claim form"]', '["Exclusión por lesiones que el asegurado esperaba o tenía la intención de causar", "Cobertura para actos intencionales", "Un cálculo de prima", "Un formulario de reclamo"]', 0, 'This exclusion removes coverage when the insured expected or intended to cause the injury or damage.', 'Esta exclusión elimina cobertura cuando el asegurado esperaba o tenía la intención de causar la lesión o el daño.', true, '2026-01-14 22:49:00.477981', '2026-01-14 22:49:00.477981') ON CONFLICT (id) DO NOTHING;
INSERT INTO questions (id, category, topic, question_text_en, question_text_es, options_en, options_es, correct_answer, explanation_en, explanation_es, is_active, created_at, updated_at) VALUES ('d447335a-558b-4ffd-acaf-cc8f6f877e2a', 'property_casualty', NULL, 'What is a declarations page?', '¿Qué es una página de declaraciones?', '["A summary page showing policy information, coverages, and premiums", "A claim form", "A cancellation notice", "An endorsement"]', '["Una página resumen que muestra información de la póliza, coberturas y primas", "Un formulario de reclamo", "Un aviso de cancelación", "Un endoso"]', 0, 'The declarations page summarizes the key elements of an insurance policy including named insured, coverage limits, deductibles, and premiums.', 'La página de declaraciones resume los elementos clave de una póliza de seguro incluyendo asegurado nombrado, límites de cobertura, deducibles y primas.', true, '2026-01-14 18:28:35.600653', '2026-01-14 18:28:35.600653') ON CONFLICT (id) DO NOTHING;
INSERT INTO questions (id, category, topic, question_text_en, question_text_es, options_en, options_es, correct_answer, explanation_en, explanation_es, is_active, created_at, updated_at) VALUES ('d511093d-de80-4f63-b47b-26087b9101d8', 'property_casualty', NULL, 'What is water damage in standard homeowners policies?', '¿Qué es el daño por agua en pólizas estándar de propietarios?', '["Sudden/accidental discharge from plumbing is covered; flood and groundwater are excluded", "All water damage is covered", "All water damage is excluded", "Only flood is covered"]', '["Descarga súbita/accidental de plomería está cubierta; inundación y agua subterránea están excluidas", "Todo daño por agua está cubierto", "Todo daño por agua está excluido", "Solo inundación está cubierta"]', 0, 'Homeowners policies cover sudden water damage from plumbing but exclude flood and groundwater damage.', 'Las pólizas de propietarios cubren daño súbito por agua de plomería pero excluyen daño por inundación y agua subterránea.', true, '2026-01-14 22:46:59.710989', '2026-01-14 22:46:59.710989') ON CONFLICT (id) DO NOTHING;
INSERT INTO questions (id, category, topic, question_text_en, question_text_es, options_en, options_es, correct_answer, explanation_en, explanation_es, is_active, created_at, updated_at) VALUES ('d58c04e9-442d-4c8a-b613-5aa746dbd48f', 'property_casualty', NULL, 'What is coinsurance in property insurance?', '¿Qué es el coaseguro en seguro de propiedad?', '["A requirement to insure property to a minimum percentage of its value", "Sharing insurance with another person", "A type of deductible", "A coverage limit"]', '["Un requisito de asegurar la propiedad a un porcentaje mínimo de su valor", "Compartir seguro con otra persona", "Un tipo de deducible", "Un límite de cobertura"]', 0, 'Coinsurance requires the policyholder to carry insurance equal to a specified percentage of the property''s value or face a penalty at claim time.', 'El coaseguro requiere que el asegurado tenga seguro igual a un porcentaje especificado del valor de la propiedad o enfrentar una penalidad al momento del reclamo.', true, '2026-01-14 18:28:35.577442', '2026-01-14 18:28:35.577442') ON CONFLICT (id) DO NOTHING;
INSERT INTO questions (id, category, topic, question_text_en, question_text_es, options_en, options_es, correct_answer, explanation_en, explanation_es, is_active, created_at, updated_at) VALUES ('d65650d1-b711-4c94-a85c-29511a99e72f', 'property_casualty', NULL, 'What is negligence in liability claims?', '¿Qué es la negligencia en reclamos de responsabilidad?', '["Failure to exercise the degree of care that a reasonable person would exercise", "Intentional harm", "An accident", "A policy exclusion"]', '["Falta de ejercer el grado de cuidado que una persona razonable ejercería", "Daño intencional", "Un accidente", "Una exclusión de póliza"]', 0, 'Negligence is the failure to use reasonable care, resulting in damage or injury to another person or property.', 'La negligencia es la falta de usar cuidado razonable, resultando en daño o lesión a otra persona o propiedad.', true, '2026-01-14 22:43:34.676291', '2026-01-14 22:43:34.676291') ON CONFLICT (id) DO NOTHING;
INSERT INTO questions (id, category, topic, question_text_en, question_text_es, options_en, options_es, correct_answer, explanation_en, explanation_es, is_active, created_at, updated_at) VALUES ('d70bb951-268b-414e-8e5f-22e810aec0e3', 'property_casualty', NULL, 'What is a surplus lines insurer?', '¿Qué es un asegurador de líneas excedentes?', '["An insurer not licensed in the state that provides coverage for hard-to-place risks", "A standard market insurer", "A government insurer", "A reinsurer"]', '["Un asegurador no licenciado en el estado que proporciona cobertura para riesgos difíciles de colocar", "Un asegurador de mercado estándar", "Un asegurador del gobierno", "Un reasegurador"]', 0, 'Surplus lines insurers are not licensed in the state but can write coverage for risks that standard insurers won''t cover.', 'Los aseguradores de líneas excedentes no están licenciados en el estado pero pueden suscribir cobertura para riesgos que los aseguradores estándar no cubrirán.', true, '2026-01-14 22:43:34.656311', '2026-01-14 22:43:34.656311') ON CONFLICT (id) DO NOTHING;
INSERT INTO questions (id, category, topic, question_text_en, question_text_es, options_en, options_es, correct_answer, explanation_en, explanation_es, is_active, created_at, updated_at) VALUES ('d82ec964-eb63-4b60-85b4-6e84876e594a', 'property_casualty', NULL, 'What is a claims-made policy?', '¿Qué es una póliza de reclamos hechos?', '["A policy that covers claims only if both the incident and the claim occur during the policy period", "An occurrence policy", "A perpetual policy", "A temporary policy"]', '["Una póliza que cubre reclamos solo si tanto el incidente como el reclamo ocurren durante el período de la póliza", "Una póliza de ocurrencia", "Una póliza perpetua", "Una póliza temporal"]', 0, 'A claims-made policy only covers claims if the incident occurred and the claim is made while the policy is in force.', 'Una póliza de reclamos hechos solo cubre reclamos si el incidente ocurrió y el reclamo se hace mientras la póliza está en vigor.', true, '2026-01-14 22:43:34.651895', '2026-01-14 22:43:34.651895') ON CONFLICT (id) DO NOTHING;
INSERT INTO questions (id, category, topic, question_text_en, question_text_es, options_en, options_es, correct_answer, explanation_en, explanation_es, is_active, created_at, updated_at) VALUES ('da6f3c44-fcf3-4840-a832-e6f762477a36', 'property_casualty', NULL, 'What is liquor liability insurance?', '¿Qué es el seguro de responsabilidad por licor?', '["Coverage for claims arising from serving alcohol", "Property coverage", "Auto coverage", "Health coverage"]', '["Cobertura para reclamos que surgen de servir alcohol", "Cobertura de propiedad", "Cobertura de auto", "Cobertura de salud"]', 0, 'Liquor liability insurance covers claims arising from the sale or service of alcohol.', 'El seguro de responsabilidad por licor cubre reclamos que surgen de la venta o servicio de alcohol.', true, '2026-01-14 22:46:59.79787', '2026-01-14 22:46:59.79787') ON CONFLICT (id) DO NOTHING;
INSERT INTO questions (id, category, topic, question_text_en, question_text_es, options_en, options_es, correct_answer, explanation_en, explanation_es, is_active, created_at, updated_at) VALUES ('db5fbca7-ec83-471a-8f84-03cd578f275b', 'property_casualty', NULL, 'What is the duty to mitigate damages?', '¿Cuál es el deber de mitigar daños?', '["The insured''s obligation to take reasonable steps to prevent further damage after a loss", "The insurer''s duty to pay claims", "A coverage limit", "A policy exclusion"]', '["La obligación del asegurado de tomar medidas razonables para prevenir más daños después de una pérdida", "El deber del asegurador de pagar reclamos", "Un límite de cobertura", "Una exclusión de póliza"]', 0, 'The duty to mitigate requires the insured to take reasonable actions to prevent further damage after a covered loss occurs.', 'El deber de mitigar requiere que el asegurado tome acciones razonables para prevenir más daños después de que ocurra una pérdida cubierta.', true, '2026-01-14 22:43:34.616935', '2026-01-14 22:43:34.616935') ON CONFLICT (id) DO NOTHING;
INSERT INTO questions (id, category, topic, question_text_en, question_text_es, options_en, options_es, correct_answer, explanation_en, explanation_es, is_active, created_at, updated_at) VALUES ('dc7c0c2e-6aa0-43c0-9843-2df01d7fe50d', 'property_casualty', NULL, 'What is an anti-concurrent causation clause?', '¿Qué es una cláusula de anti-causalidad concurrente?', '["Provision excluding coverage when an excluded peril contributes to a loss", "A coverage addition", "A premium discount", "A claim procedure"]', '["Disposición que excluye cobertura cuando un peligro excluido contribuye a una pérdida", "Una adición de cobertura", "Un descuento de prima", "Un procedimiento de reclamo"]', 0, 'An anti-concurrent causation clause excludes coverage when an excluded peril is a contributing cause of loss.', 'Una cláusula de anti-causalidad concurrente excluye cobertura cuando un peligro excluido es una causa contribuyente de pérdida.', true, '2026-01-14 22:46:59.840372', '2026-01-14 22:46:59.840372') ON CONFLICT (id) DO NOTHING;
INSERT INTO questions (id, category, topic, question_text_en, question_text_es, options_en, options_es, correct_answer, explanation_en, explanation_es, is_active, created_at, updated_at) VALUES ('def7c764-4b55-4403-8f72-3ea4ebe32a84', 'property_casualty', NULL, 'What is business interruption insurance?', '¿Qué es el seguro de interrupción de negocios?', '["Coverage for lost income when a business cannot operate due to a covered loss", "Property insurance", "Liability insurance", "Auto insurance"]', '["Cobertura por ingresos perdidos cuando un negocio no puede operar debido a una pérdida cubierta", "Seguro de propiedad", "Seguro de responsabilidad", "Seguro de auto"]', 0, 'Business interruption insurance covers lost income and ongoing expenses when a business must close due to a covered property loss.', 'El seguro de interrupción de negocios cubre ingresos perdidos y gastos continuos cuando un negocio debe cerrar debido a una pérdida de propiedad cubierta.', true, '2026-01-14 22:43:34.557805', '2026-01-14 22:43:34.557805') ON CONFLICT (id) DO NOTHING;
INSERT INTO questions (id, category, topic, question_text_en, question_text_es, options_en, options_es, correct_answer, explanation_en, explanation_es, is_active, created_at, updated_at) VALUES ('e00f19ef-aed3-4506-a7a6-e2dae7691525', 'property_casualty', NULL, 'What is replacement cost coverage?', '¿Qué es la cobertura de costo de reemplazo?', '["Coverage that pays to replace damaged property without deducting depreciation", "The cheapest coverage option", "Coverage for old items only", "Coverage minus deductible only"]', '["Cobertura que paga para reemplazar propiedad dañada sin deducir depreciación", "La opción de cobertura más barata", "Cobertura solo para artículos viejos", "Cobertura menos deducible solamente"]', 0, 'Replacement cost coverage pays the full cost to replace damaged property with new items of similar kind and quality, without depreciation.', 'La cobertura de costo de reemplazo paga el costo total para reemplazar propiedad dañada con artículos nuevos de tipo y calidad similar, sin depreciación.', true, '2026-01-14 22:43:34.431423', '2026-01-14 22:43:34.431423') ON CONFLICT (id) DO NOTHING;
INSERT INTO questions (id, category, topic, question_text_en, question_text_es, options_en, options_es, correct_answer, explanation_en, explanation_es, is_active, created_at, updated_at) VALUES ('e0671398-fdd9-4ffd-98f5-8c8c117ebb2c', 'property_casualty', NULL, 'What does Coverage B in a homeowners policy cover?', '¿Qué cubre la Cobertura B en una póliza de propietarios?', '["Other structures on the property (detached garage, fence, shed)", "The main house", "Personal belongings", "Liability claims"]', '["Otras estructuras en la propiedad (garaje separado, cerca, cobertizo)", "La casa principal", "Pertenencias personales", "Reclamos de responsabilidad"]', 0, 'Coverage B covers other structures on the property that are not attached to the dwelling, such as a detached garage or fence.', 'La Cobertura B cubre otras estructuras en la propiedad que no están adjuntas a la vivienda, como un garaje separado o cerca.', true, '2026-01-14 22:43:34.450312', '2026-01-14 22:43:34.450312') ON CONFLICT (id) DO NOTHING;
INSERT INTO questions (id, category, topic, question_text_en, question_text_es, options_en, options_es, correct_answer, explanation_en, explanation_es, is_active, created_at, updated_at) VALUES ('e19b23b5-5281-4e2c-86cc-52baccd23dd7', 'property_casualty', NULL, 'What is an insurance producer?', '¿Qué es un productor de seguros?', '["A licensed individual who sells, solicits, or negotiates insurance", "An insurance company", "A claims adjuster", "An underwriter"]', '["Un individuo licenciado que vende, solicita o negocia seguros", "Una compañía de seguros", "Un ajustador de reclamos", "Un suscriptor"]', 0, 'An insurance producer is a licensed individual who sells, solicits, or negotiates insurance contracts.', 'Un productor de seguros es un individuo licenciado que vende, solicita o negocia contratos de seguros.', true, '2026-01-14 22:43:34.403594', '2026-01-14 22:43:34.403594') ON CONFLICT (id) DO NOTHING;
INSERT INTO questions (id, category, topic, question_text_en, question_text_es, options_en, options_es, correct_answer, explanation_en, explanation_es, is_active, created_at, updated_at) VALUES ('e26d78d5-29ca-4e84-9286-7a46ecd37a59', 'property_casualty', NULL, 'What is an endorsement in insurance?', '¿Qué es un endoso en seguros?', '["A written amendment that modifies the original policy", "A premium payment", "A claim form", "A cancellation notice"]', '["Una enmienda escrita que modifica la póliza original", "Un pago de prima", "Un formulario de reclamo", "Un aviso de cancelación"]', 0, 'An endorsement (also called a rider) is a document that changes the terms, coverage, or conditions of an insurance policy.', 'Un endoso (también llamado anexo) es un documento que cambia los términos, cobertura o condiciones de una póliza de seguro.', true, '2026-01-14 18:28:35.604595', '2026-01-14 18:28:35.604595') ON CONFLICT (id) DO NOTHING;
INSERT INTO questions (id, category, topic, question_text_en, question_text_es, options_en, options_es, correct_answer, explanation_en, explanation_es, is_active, created_at, updated_at) VALUES ('e48374d5-ee23-4850-ad7e-4fc8b41c15ed', 'property_casualty', NULL, 'What is a third-party claim?', '¿Qué es un reclamo de terceros?', '["A claim made by someone who is not the insured against the insured''s policy", "A claim by the insured", "A policy endorsement", "A coverage addition"]', '["Un reclamo hecho por alguien que no es el asegurado contra la póliza del asegurado", "Un reclamo del asegurado", "Un endoso de póliza", "Una adición de cobertura"]', 0, 'A third-party claim is made by someone outside the insurance contract who seeks compensation from the insured''s liability coverage.', 'Un reclamo de terceros es hecho por alguien fuera del contrato de seguro que busca compensación de la cobertura de responsabilidad del asegurado.', true, '2026-01-14 22:43:34.627014', '2026-01-14 22:43:34.627014') ON CONFLICT (id) DO NOTHING;
INSERT INTO questions (id, category, topic, question_text_en, question_text_es, options_en, options_es, correct_answer, explanation_en, explanation_es, is_active, created_at, updated_at) VALUES ('e752e67d-e9e9-4e06-b17a-38f27b1112f0', 'property_casualty', NULL, 'What factors affect homeowners insurance premiums?', '¿Qué factores afectan las primas de seguro de propietarios?', '["Location, construction type, coverage amount, deductible, claims history, and credit score", "Only location", "Only coverage amount", "Only claims history"]', '["Ubicación, tipo de construcción, monto de cobertura, deducible, historial de reclamos y puntaje de crédito", "Solo ubicación", "Solo monto de cobertura", "Solo historial de reclamos"]', 0, 'Multiple factors affect homeowners premiums including location, construction, coverage, deductible, claims history, and credit.', 'Múltiples factores afectan las primas de propietarios incluyendo ubicación, construcción, cobertura, deducible, historial de reclamos y crédito.', true, '2026-01-14 22:49:00.531023', '2026-01-14 22:49:00.531023') ON CONFLICT (id) DO NOTHING;
INSERT INTO questions (id, category, topic, question_text_en, question_text_es, options_en, options_es, correct_answer, explanation_en, explanation_es, is_active, created_at, updated_at) VALUES ('e7fd1eef-f451-4cb3-9a5a-122e270bd214', 'property_casualty', NULL, 'What is earth movement typically classified as in property policies?', '¿Cómo se clasifica típicamente el movimiento de tierra en pólizas de propiedad?', '["An excluded peril requiring separate coverage", "A covered peril", "A standard coverage", "Included in all policies"]', '["Un peligro excluido que requiere cobertura separada", "Un peligro cubierto", "Una cobertura estándar", "Incluido en todas las pólizas"]', 0, 'Earth movement (earthquakes, landslides) is typically excluded from standard property policies and requires separate coverage.', 'El movimiento de tierra (terremotos, deslizamientos) típicamente se excluye de las pólizas estándar de propiedad y requiere cobertura separada.', true, '2026-01-14 22:46:59.707754', '2026-01-14 22:46:59.707754') ON CONFLICT (id) DO NOTHING;
INSERT INTO questions (id, category, topic, question_text_en, question_text_es, options_en, options_es, correct_answer, explanation_en, explanation_es, is_active, created_at, updated_at) VALUES ('e862c42c-7697-42b3-9323-503707239ada', 'property_casualty', NULL, 'What is the mortgagee clause?', '¿Qué es la cláusula del acreedor hipotecario?', '["Protects the mortgage lender''s interest in insured property", "Protects the insured only", "A coverage exclusion", "A premium calculation"]', '["Protege el interés del prestamista hipotecario en la propiedad asegurada", "Protege solo al asegurado", "Una exclusión de cobertura", "Un cálculo de prima"]', 0, 'The mortgagee clause protects the lender''s financial interest and ensures they receive notification of policy changes.', 'La cláusula del acreedor hipotecario protege el interés financiero del prestamista y asegura que reciban notificación de cambios en la póliza.', true, '2026-01-14 22:46:59.686999', '2026-01-14 22:46:59.686999') ON CONFLICT (id) DO NOTHING;
INSERT INTO questions (id, category, topic, question_text_en, question_text_es, options_en, options_es, correct_answer, explanation_en, explanation_es, is_active, created_at, updated_at) VALUES ('e8b94267-fdf1-4cdf-bbc3-f13686ba7875', 'property_casualty', NULL, 'What is an HO-4 policy?', '¿Qué es una póliza HO-4?', '["Renter''s insurance policy", "Homeowner''s policy", "Condo policy", "Mobile home policy"]', '["Póliza de seguro de inquilinos", "Póliza de propietarios", "Póliza de condominio", "Póliza de casa móvil"]', 0, 'HO-4 is renters insurance, covering personal property and liability for tenants who don''t own the dwelling.', 'HO-4 es seguro de inquilinos, cubriendo propiedad personal y responsabilidad para inquilinos que no son dueños de la vivienda.', true, '2026-01-14 22:43:34.483043', '2026-01-14 22:43:34.483043') ON CONFLICT (id) DO NOTHING;
INSERT INTO questions (id, category, topic, question_text_en, question_text_es, options_en, options_es, correct_answer, explanation_en, explanation_es, is_active, created_at, updated_at) VALUES ('e94f1cab-5485-4430-b2d2-6400f2dec6ae', 'property_casualty', NULL, 'What is the Texas FAIR Plan?', '¿Qué es el Plan FAIR de Texas?', '["A program providing basic property insurance for high-risk properties", "A health insurance program", "A life insurance plan", "A retirement plan"]', '["Un programa que proporciona seguro básico de propiedad para propiedades de alto riesgo", "Un programa de seguro de salud", "Un plan de seguro de vida", "Un plan de jubilación"]', 0, 'The Texas FAIR Plan Association provides basic property insurance to property owners who cannot obtain coverage in the voluntary market.', 'La Asociación del Plan FAIR de Texas proporciona seguro básico de propiedad a propietarios que no pueden obtener cobertura en el mercado voluntario.', true, '2026-01-14 18:28:35.622839', '2026-01-14 18:28:35.622839') ON CONFLICT (id) DO NOTHING;
INSERT INTO questions (id, category, topic, question_text_en, question_text_es, options_en, options_es, correct_answer, explanation_en, explanation_es, is_active, created_at, updated_at) VALUES ('e9afc7ff-6322-4d71-8ca7-c0388c7e250c', 'property_casualty', NULL, 'What is actual cash value (ACV)?', '¿Qué es el valor real en efectivo (ACV)?', '["Replacement cost minus depreciation", "Original purchase price", "Market value only", "Appraised value"]', '["Costo de reemplazo menos depreciación", "Precio de compra original", "Solo valor de mercado", "Valor tasado"]', 0, 'Actual cash value is the replacement cost of property minus depreciation for age and condition.', 'El valor real en efectivo es el costo de reemplazo de la propiedad menos la depreciación por edad y condición.', true, '2026-01-14 22:43:34.427434', '2026-01-14 22:43:34.427434') ON CONFLICT (id) DO NOTHING;
INSERT INTO questions (id, category, topic, question_text_en, question_text_es, options_en, options_es, correct_answer, explanation_en, explanation_es, is_active, created_at, updated_at) VALUES ('e9d9f6d8-f102-41b6-8b4e-840f302a23fc', 'property_casualty', NULL, 'What is a deductible?', '¿Qué es un deducible?', '["The amount the insured must pay before insurance coverage kicks in", "The premium amount", "The coverage limit", "The policy fee"]', '["La cantidad que el asegurado debe pagar antes de que la cobertura de seguro comience", "El monto de la prima", "El límite de cobertura", "La tarifa de la póliza"]', 0, 'A deductible is the out-of-pocket amount the policyholder pays before the insurance company pays a claim.', 'Un deducible es la cantidad de bolsillo que el asegurado paga antes de que la compañía de seguros pague un reclamo.', true, '2026-01-14 22:43:34.43555', '2026-01-14 22:43:34.43555') ON CONFLICT (id) DO NOTHING;
INSERT INTO questions (id, category, topic, question_text_en, question_text_es, options_en, options_es, correct_answer, explanation_en, explanation_es, is_active, created_at, updated_at) VALUES ('ea337e1b-7b66-4d7d-85d1-1db7f1783d0a', 'property_casualty', NULL, 'What is an exclusion in an insurance policy?', '¿Qué es una exclusión en una póliza de seguro?', '["A specific condition or circumstance that is not covered by the policy", "An additional coverage", "A premium reduction", "A claim payment"]', '["Una condición o circunstancia específica que no está cubierta por la póliza", "Una cobertura adicional", "Una reducción de prima", "Un pago de reclamo"]', 0, 'An exclusion is a provision that eliminates coverage for certain risks, perils, or circumstances.', 'Una exclusión es una disposición que elimina la cobertura para ciertos riesgos, peligros o circunstancias.', true, '2026-01-14 22:43:34.589469', '2026-01-14 22:43:34.589469') ON CONFLICT (id) DO NOTHING;
INSERT INTO questions (id, category, topic, question_text_en, question_text_es, options_en, options_es, correct_answer, explanation_en, explanation_es, is_active, created_at, updated_at) VALUES ('ea5b398f-56bd-4fb7-bc4b-f5af262dd9e4', 'property_casualty', NULL, 'What is a dwelling policy?', '¿Qué es una póliza de vivienda?', '["A policy for rental properties or homes that don''t qualify for standard homeowners coverage", "The same as HO-3", "A commercial policy", "A liability-only policy"]', '["Una póliza para propiedades de alquiler o casas que no califican para cobertura estándar de propietarios", "Lo mismo que HO-3", "Una póliza comercial", "Una póliza solo de responsabilidad"]', 0, 'Dwelling policies provide coverage for properties that don''t qualify for homeowners policies, such as rental properties or vacant homes.', 'Las pólizas de vivienda proporcionan cobertura para propiedades que no califican para pólizas de propietarios, como propiedades de alquiler o casas vacías.', true, '2026-01-14 22:43:34.479138', '2026-01-14 22:43:34.479138') ON CONFLICT (id) DO NOTHING;
INSERT INTO questions (id, category, topic, question_text_en, question_text_es, options_en, options_es, correct_answer, explanation_en, explanation_es, is_active, created_at, updated_at) VALUES ('ea7df247-8575-441e-8025-41cd9476089d', 'property_casualty', NULL, 'What does PIP coverage provide in auto insurance?', '¿Qué proporciona la cobertura PIP en seguro de auto?', '["Payment for medical expenses and lost wages regardless of fault", "Collision coverage", "Comprehensive coverage", "Liability coverage"]', '["Pago de gastos médicos y salarios perdidos independientemente de la culpa", "Cobertura de colisión", "Cobertura comprensiva", "Cobertura de responsabilidad"]', 0, 'Personal Injury Protection (PIP) covers medical expenses and, in many cases, lost wages, regardless of who caused the accident.', 'La Protección de Lesiones Personales (PIP) cubre gastos médicos y, en muchos casos, salarios perdidos, independientemente de quién causó el accidente.', true, '2026-01-14 18:28:35.589907', '2026-01-14 18:28:35.589907') ON CONFLICT (id) DO NOTHING;
INSERT INTO questions (id, category, topic, question_text_en, question_text_es, options_en, options_es, correct_answer, explanation_en, explanation_es, is_active, created_at, updated_at) VALUES ('ece33b0c-459f-4dc5-9dd0-46e57b2eb7f3', 'property_casualty', NULL, 'What is underwriting?', '¿Qué es la suscripción?', '["The process of evaluating and selecting risks to insure", "Selling policies", "Paying claims", "Investing premiums"]', '["El proceso de evaluar y seleccionar riesgos para asegurar", "Vender pólizas", "Pagar reclamos", "Invertir primas"]', 0, 'Underwriting is the process of evaluating risks and determining whether to accept them and at what premium.', 'La suscripción es el proceso de evaluar riesgos y determinar si aceptarlos y a qué prima.', true, '2026-01-14 22:43:34.634938', '2026-01-14 22:43:34.634938') ON CONFLICT (id) DO NOTHING;
INSERT INTO questions (id, category, topic, question_text_en, question_text_es, options_en, options_es, correct_answer, explanation_en, explanation_es, is_active, created_at, updated_at) VALUES ('eef4c690-d806-451d-bba3-1b50d0b8636c', 'property_casualty', NULL, 'What is the insuring agreement?', '¿Qué es el acuerdo de seguro?', '["The section stating what the insurer promises to cover", "The premium amount", "The deductible", "The exclusions"]', '["La sección que establece lo que el asegurador promete cubrir", "El monto de la prima", "El deducible", "Las exclusiones"]', 0, 'The insuring agreement is the policy section that describes the scope of coverage and what the insurance company agrees to do.', 'El acuerdo de seguro es la sección de la póliza que describe el alcance de la cobertura y lo que la compañía de seguros acuerda hacer.', true, '2026-01-14 18:28:35.607745', '2026-01-14 18:28:35.607745') ON CONFLICT (id) DO NOTHING;
INSERT INTO questions (id, category, topic, question_text_en, question_text_es, options_en, options_es, correct_answer, explanation_en, explanation_es, is_active, created_at, updated_at) VALUES ('f3252818-b2ed-4b13-9368-16fca921b5c0', 'property_casualty', NULL, 'What is salvage in insurance?', '¿Qué es el salvamento en seguros?', '["The value recovered from damaged property after a claim is paid", "A type of coverage", "A policy fee", "A premium"]', '["El valor recuperado de propiedad dañada después de que se paga un reclamo", "Un tipo de cobertura", "Una tarifa de póliza", "Una prima"]', 0, 'Salvage is the remaining value of damaged property that the insurer can recover after paying a total loss claim.', 'El salvamento es el valor restante de propiedad dañada que el asegurador puede recuperar después de pagar un reclamo de pérdida total.', true, '2026-01-14 22:43:34.622226', '2026-01-14 22:43:34.622226') ON CONFLICT (id) DO NOTHING;
INSERT INTO questions (id, category, topic, question_text_en, question_text_es, options_en, options_es, correct_answer, explanation_en, explanation_es, is_active, created_at, updated_at) VALUES ('f36353fa-b4c5-4323-96e2-c4d345422a03', 'property_casualty', NULL, 'What is insurable interest?', '¿Qué es el interés asegurable?', '["A financial stake in the subject of insurance that could result in loss", "Interest on premiums", "A type of coverage", "A policy endorsement"]', '["Una participación financiera en el objeto del seguro que podría resultar en pérdida", "Interés sobre primas", "Un tipo de cobertura", "Un endoso de póliza"]', 0, 'Insurable interest exists when you would suffer a financial loss if the insured property is damaged or destroyed.', 'El interés asegurable existe cuando sufrirías una pérdida financiera si la propiedad asegurada es dañada o destruida.', true, '2026-01-14 18:28:35.619367', '2026-01-14 18:28:35.619367') ON CONFLICT (id) DO NOTHING;
INSERT INTO questions (id, category, topic, question_text_en, question_text_es, options_en, options_es, correct_answer, explanation_en, explanation_es, is_active, created_at, updated_at) VALUES ('f4252dc7-e8c3-4c60-80ac-7fa83df6b6de', 'property_casualty', NULL, 'What is the purpose of a deductible in an insurance policy?', '¿Cuál es el propósito de un deducible en una póliza de seguro?', '["To increase the premium cost", "To reduce the insurance company''s exposure and the policyholder''s premium", "To eliminate all coverage", "To add more coverage"]', '["Aumentar el costo de la prima", "Reducir la exposición de la compañía de seguros y la prima del asegurado", "Eliminar toda la cobertura", "Agregar más cobertura"]', 1, 'A deductible is the amount the policyholder pays out of pocket before insurance kicks in. Higher deductibles typically mean lower premiums.', 'Un deducible es la cantidad que el asegurado paga de su bolsillo antes de que el seguro entre en vigor. Los deducibles más altos generalmente significan primas más bajas.', true, '2026-01-14 16:50:01.896369', '2026-01-14 16:50:01.896369') ON CONFLICT (id) DO NOTHING;
INSERT INTO questions (id, category, topic, question_text_en, question_text_es, options_en, options_es, correct_answer, explanation_en, explanation_es, is_active, created_at, updated_at) VALUES ('f67392c7-7ab1-4205-b8e7-711c1d73f082', 'property_casualty', NULL, 'What is an HO-6 policy?', '¿Qué es una póliza HO-6?', '["Condominium unit owners policy", "Single family homeowners policy", "Renter''s policy", "Mobile home policy"]', '["Póliza de propietarios de unidades de condominio", "Póliza de propietarios de casa unifamiliar", "Póliza de inquilinos", "Póliza de casa móvil"]', 0, 'HO-6 is designed for condominium unit owners, covering personal property, liability, and improvements to the unit.', 'HO-6 está diseñada para propietarios de unidades de condominio, cubriendo propiedad personal, responsabilidad y mejoras a la unidad.', true, '2026-01-14 22:43:34.485521', '2026-01-14 22:43:34.485521') ON CONFLICT (id) DO NOTHING;
INSERT INTO questions (id, category, topic, question_text_en, question_text_es, options_en, options_es, correct_answer, explanation_en, explanation_es, is_active, created_at, updated_at) VALUES ('f6fd044e-0e8f-47b5-99e5-20c7e902bda7', 'property_casualty', NULL, 'What is utmost good faith in insurance?', '¿Qué es la máxima buena fe en seguros?', '["Both parties must deal honestly and disclose all material information", "The insurer decides everything", "No disclosure is required", "Only the insurer must be honest"]', '["Ambas partes deben tratar honestamente y divulgar toda la información material", "El asegurador decide todo", "No se requiere divulgación", "Solo el asegurador debe ser honesto"]', 0, 'Utmost good faith (uberrimae fidei) requires both parties to deal honestly and disclose all material facts.', 'La máxima buena fe (uberrimae fidei) requiere que ambas partes traten honestamente y divulguen todos los hechos materiales.', true, '2026-01-14 22:43:34.570559', '2026-01-14 22:43:34.570559') ON CONFLICT (id) DO NOTHING;
INSERT INTO questions (id, category, topic, question_text_en, question_text_es, options_en, options_es, correct_answer, explanation_en, explanation_es, is_active, created_at, updated_at) VALUES ('f73bf3e8-6825-4c04-b900-3153a96feb2d', 'property_casualty', NULL, 'What is inland marine insurance?', '¿Qué es el seguro marino interior?', '["Coverage for property in transit or movable property not covered by standard policies", "Coverage for boats only", "Ocean cargo insurance", "Flood insurance"]', '["Cobertura para propiedad en tránsito o propiedad móvil no cubierta por pólizas estándar", "Cobertura solo para botes", "Seguro de carga oceánica", "Seguro contra inundaciones"]', 0, 'Inland marine insurance covers property in transit, movable equipment, and specialized items not adequately covered by standard property policies.', 'El seguro marino interior cubre propiedad en tránsito, equipo móvil y artículos especializados no cubiertos adecuadamente por pólizas de propiedad estándar.', true, '2026-01-14 22:43:34.559854', '2026-01-14 22:43:34.559854') ON CONFLICT (id) DO NOTHING;
INSERT INTO questions (id, category, topic, question_text_en, question_text_es, options_en, options_es, correct_answer, explanation_en, explanation_es, is_active, created_at, updated_at) VALUES ('f9278240-d96c-451e-be38-ae5f7f519845', 'property_casualty', NULL, 'What does a homeowner''s HO-3 policy cover?', '¿Qué cubre una póliza de propietario HO-3?', '["Open perils for dwelling, named perils for personal property", "Only fire damage", "Only liability", "Flood damage"]', '["Riesgos abiertos para la vivienda, riesgos nombrados para propiedad personal", "Solo daño por fuego", "Solo responsabilidad", "Daño por inundación"]', 0, 'The HO-3 is the most common homeowner''s policy, covering the dwelling on an open-perils basis and personal property on a named-perils basis.', 'El HO-3 es la póliza de propietario más común, cubriendo la vivienda en base a riesgos abiertos y propiedad personal en base a riesgos nombrados.', true, '2026-01-14 18:28:35.574415', '2026-01-14 18:28:35.574415') ON CONFLICT (id) DO NOTHING;
INSERT INTO questions (id, category, topic, question_text_en, question_text_es, options_en, options_es, correct_answer, explanation_en, explanation_es, is_active, created_at, updated_at) VALUES ('f93a5fd5-fb5a-4bed-90a8-704f19532dc7', 'property_casualty', NULL, 'What is a surety bond?', '¿Qué es una fianza?', '["A three-party agreement guaranteeing one party will fulfill obligations to another", "An insurance policy", "A bank account", "A loan"]', '["Un acuerdo de tres partes que garantiza que una parte cumplirá obligaciones con otra", "Una póliza de seguro", "Una cuenta bancaria", "Un préstamo"]', 0, 'A surety bond is a three-party contract where the surety guarantees the principal will fulfill obligations to the obligee.', 'Una fianza es un contrato de tres partes donde el fiador garantiza que el principal cumplirá obligaciones con el acreedor.', true, '2026-01-14 22:43:34.562636', '2026-01-14 22:43:34.562636') ON CONFLICT (id) DO NOTHING;
INSERT INTO questions (id, category, topic, question_text_en, question_text_es, options_en, options_es, correct_answer, explanation_en, explanation_es, is_active, created_at, updated_at) VALUES ('f9596b52-de20-4ebc-a8ac-0ad7396f7311', 'property_casualty', NULL, 'What is professional malpractice insurance?', '¿Qué es el seguro de mala práctica profesional?', '["Coverage for professionals against claims of negligent services or advice", "Property coverage", "Auto coverage", "Life coverage"]', '["Cobertura para profesionales contra reclamos de servicios o consejos negligentes", "Cobertura de propiedad", "Cobertura de auto", "Cobertura de vida"]', 0, 'Professional malpractice insurance covers claims alleging professional negligence, errors, or omissions.', 'El seguro de mala práctica profesional cubre reclamos que alegan negligencia profesional, errores u omisiones.', true, '2026-01-14 22:46:59.800858', '2026-01-14 22:46:59.800858') ON CONFLICT (id) DO NOTHING;
INSERT INTO questions (id, category, topic, question_text_en, question_text_es, options_en, options_es, correct_answer, explanation_en, explanation_es, is_active, created_at, updated_at) VALUES ('fb4f582a-4d66-4e44-b458-0c1c0dd08c1e', 'property_casualty', NULL, 'What is the purpose of policy exclusions?', '¿Cuál es el propósito de las exclusiones de la póliza?', '["To specify what is not covered by the policy", "To increase coverage", "To reduce premiums", "To add endorsements"]', '["Especificar lo que no está cubierto por la póliza", "Aumentar la cobertura", "Reducir primas", "Agregar endosos"]', 0, 'Exclusions define specific risks, circumstances, or property that the insurance policy does not cover.', 'Las exclusiones definen riesgos específicos, circunstancias o propiedades que la póliza de seguro no cubre.', true, '2026-01-14 18:28:35.612423', '2026-01-14 18:28:35.612423') ON CONFLICT (id) DO NOTHING;
INSERT INTO questions (id, category, topic, question_text_en, question_text_es, options_en, options_es, correct_answer, explanation_en, explanation_es, is_active, created_at, updated_at) VALUES ('fd9abe01-f4dc-4903-9bbe-d2c4fa4374b0', 'property_casualty', NULL, 'What is comprehensive coverage?', '¿Qué es la cobertura comprensiva?', '["Coverage for non-collision damage like theft, vandalism, weather, and animal strikes", "Coverage for collisions only", "Liability coverage", "Medical payments coverage"]', '["Cobertura por daños sin colisión como robo, vandalismo, clima e impactos de animales", "Cobertura solo por colisiones", "Cobertura de responsabilidad", "Cobertura de pagos médicos"]', 0, 'Comprehensive coverage pays for damage to your vehicle from non-collision events such as theft, vandalism, hail, fire, and animal strikes.', 'La cobertura comprensiva paga por daños a su vehículo de eventos sin colisión como robo, vandalismo, granizo, incendio e impactos de animales.', true, '2026-01-14 22:43:34.500977', '2026-01-14 22:43:34.500977') ON CONFLICT (id) DO NOTHING;
INSERT INTO questions (id, category, topic, question_text_en, question_text_es, options_en, options_es, correct_answer, explanation_en, explanation_es, is_active, created_at, updated_at) VALUES ('fe018e84-a1c7-486e-b96e-849e3e13f06b', 'property_casualty', NULL, 'What is Commercial General Liability (CGL) insurance?', '¿Qué es el seguro de Responsabilidad General Comercial (CGL)?', '["Coverage for a business''s liability for bodily injury, property damage, and personal/advertising injury", "Auto insurance for businesses", "Property insurance", "Workers compensation"]', '["Cobertura para la responsabilidad de un negocio por lesiones corporales, daños a la propiedad y lesiones personales/publicitarias", "Seguro de auto para negocios", "Seguro de propiedad", "Compensación de trabajadores"]', 0, 'CGL insurance protects businesses against claims of bodily injury, property damage, and personal/advertising injury to third parties.', 'El seguro CGL protege a los negocios contra reclamos de lesiones corporales, daños a la propiedad y lesiones personales/publicitarias a terceros.', true, '2026-01-14 22:43:34.539488', '2026-01-14 22:43:34.539488') ON CONFLICT (id) DO NOTHING;
INSERT INTO questions (id, category, topic, question_text_en, question_text_es, options_en, options_es, correct_answer, explanation_en, explanation_es, is_active, created_at, updated_at) VALUES ('fe0c9afe-35c2-4716-ae55-00e40c9959c6', 'property_casualty', NULL, 'What is an occurrence trigger in liability insurance?', '¿Qué es un disparador de ocurrencia en seguro de responsabilidad?', '["Coverage is triggered when the bodily injury or property damage occurs", "When the claim is filed", "When the policy is purchased", "When premium is paid"]', '["La cobertura se activa cuando ocurre la lesión corporal o el daño a la propiedad", "Cuando se presenta el reclamo", "Cuando se compra la póliza", "Cuando se paga la prima"]', 0, 'In occurrence-based policies, coverage is triggered by when the injury or damage actually occurred.', 'En pólizas basadas en ocurrencia, la cobertura se activa por cuándo realmente ocurrió la lesión o el daño.', true, '2026-01-14 22:49:00.434443', '2026-01-14 22:49:00.434443') ON CONFLICT (id) DO NOTHING;
INSERT INTO questions (id, category, topic, question_text_en, question_text_es, options_en, options_es, correct_answer, explanation_en, explanation_es, is_active, created_at, updated_at) VALUES ('001f99cf-9854-4b82-ab25-81366e542355', 'life_insurance', NULL, 'What is the purpose of FINRA in relation to variable life insurance?', '¿Cuál es el propósito de FINRA en relación con el seguro de vida variable?', '["To issue insurance licenses", "To regulate securities aspects of variable products", "To pay claims", "To set premium rates"]', '["Emitir licencias de seguros", "Regular aspectos de valores de productos variables", "Pagar reclamos", "Establecer tasas de primas"]', 1, 'FINRA regulates the securities aspects of variable life insurance, requiring agents to be registered and products to be prospectus-filed.', 'FINRA regula los aspectos de valores del seguro de vida variable, requiriendo que los agentes estén registrados y que los productos tengan prospectos archivados.', true, '2026-01-14 23:06:37.619907', '2026-01-14 23:06:37.619907') ON CONFLICT (id) DO NOTHING;
INSERT INTO questions (id, category, topic, question_text_en, question_text_es, options_en, options_es, correct_answer, explanation_en, explanation_es, is_active, created_at, updated_at) VALUES ('00d8af37-faff-4868-a145-65704b59b3da', 'life_insurance', NULL, 'In Texas, what is the minimum age requirement to obtain a life insurance agent license?', 'En Texas, ¿cuál es el requisito de edad mínima para obtener una licencia de agente de seguros de vida?', '["16 years", "18 years", "21 years", "25 years"]', '["16 años", "18 años", "21 años", "25 años"]', 1, 'Texas requires life insurance agent license applicants to be at least 18 years of age.', 'Texas requiere que los solicitantes de licencia de agente de seguros de vida tengan al menos 18 años de edad.', true, '2026-01-14 23:06:37.489297', '2026-01-14 23:06:37.489297') ON CONFLICT (id) DO NOTHING;
INSERT INTO questions (id, category, topic, question_text_en, question_text_es, options_en, options_es, correct_answer, explanation_en, explanation_es, is_active, created_at, updated_at) VALUES ('039d4040-8a4c-4ed3-ab14-a967dacab689', 'life_insurance', NULL, 'What is a lump-sum settlement option?', '¿Qué es una opción de liquidación de suma global?', '["The entire death benefit paid in one payment", "Monthly payments", "Annual payments", "Deferred payments"]', '["El beneficio por muerte completo pagado en un solo pago", "Pagos mensuales", "Pagos anuales", "Pagos diferidos"]', 0, 'Lump-sum settlement pays the entire death benefit to the beneficiary in one payment.', 'La liquidación de suma global paga el beneficio por muerte completo al beneficiario en un solo pago.', true, '2026-01-14 22:54:57.393913', '2026-01-14 22:54:57.393913') ON CONFLICT (id) DO NOTHING;
INSERT INTO questions (id, category, topic, question_text_en, question_text_es, options_en, options_es, correct_answer, explanation_en, explanation_es, is_active, created_at, updated_at) VALUES ('06af5744-91ae-4206-8372-4ffc3bd8f2a8', 'life_insurance', NULL, 'What are policy loans?', '¿Qué son los préstamos de póliza?', '["Loans taken against the cash value of a permanent life insurance policy", "Loans to buy insurance", "Bank loans", "Premium financing"]', '["Préstamos tomados contra el valor en efectivo de una póliza de seguro de vida permanente", "Préstamos para comprar seguro", "Préstamos bancarios", "Financiamiento de primas"]', 0, 'Policy loans allow policyholders to borrow against accumulated cash value at a stated interest rate.', 'Los préstamos de póliza permiten a los asegurados pedir prestado contra el valor en efectivo acumulado a una tasa de interés establecida.', true, '2026-01-14 22:54:57.414028', '2026-01-14 22:54:57.414028') ON CONFLICT (id) DO NOTHING;
INSERT INTO questions (id, category, topic, question_text_en, question_text_es, options_en, options_es, correct_answer, explanation_en, explanation_es, is_active, created_at, updated_at) VALUES ('07c2c3c2-4597-4cc5-ba3e-681264531115', 'life_insurance', NULL, 'What is a standard risk classification?', '¿Qué es una clasificación de riesgo estándar?', '["A rating for applicants who represent average mortality risk", "Below average risk", "High risk", "Uninsurable"]', '["Una calificación para solicitantes que representan riesgo de mortalidad promedio", "Riesgo por debajo del promedio", "Alto riesgo", "No asegurable"]', 0, 'Standard risk is for applicants with average health and life expectancy who pay standard premium rates.', 'El riesgo estándar es para solicitantes con salud y expectativa de vida promedio que pagan tarifas de prima estándar.', true, '2026-01-14 22:54:57.369626', '2026-01-14 22:54:57.369626') ON CONFLICT (id) DO NOTHING;
INSERT INTO questions (id, category, topic, question_text_en, question_text_es, options_en, options_es, correct_answer, explanation_en, explanation_es, is_active, created_at, updated_at) VALUES ('0d3ace5f-4127-4263-b5cd-a65897fa3d5e', 'life_insurance', NULL, 'What is the purpose of the life insurance policy''s incontestability clause?', '¿Cuál es el propósito de la cláusula de incontestabilidad de la póliza de seguro de vida?', '["To allow the insurer to contest claims indefinitely", "To limit the time the insurer can contest a policy based on misrepresentation", "To increase premiums", "To change the death benefit"]', '["Permitir que el asegurador impugne reclamos indefinidamente", "Limitar el tiempo que el asegurador puede impugnar una póliza basándose en tergiversación", "Aumentar las primas", "Cambiar el beneficio por muerte"]', 1, 'The incontestability clause limits the insurer''s right to void a policy based on misrepresentation to a specific period, typically 2 years.', 'La cláusula de incontestabilidad limita el derecho del asegurador de anular una póliza basándose en tergiversación a un período específico, típicamente 2 años.', true, '2026-01-14 23:06:37.534466', '2026-01-14 23:06:37.534466') ON CONFLICT (id) DO NOTHING;
INSERT INTO questions (id, category, topic, question_text_en, question_text_es, options_en, options_es, correct_answer, explanation_en, explanation_es, is_active, created_at, updated_at) VALUES ('0d51dc26-4c2e-4a3a-91c6-c9278ef58d91', 'life_insurance', NULL, 'What is the primary purpose of the life insurance needs analysis?', '¿Cuál es el propósito principal del análisis de necesidades de seguro de vida?', '["To sell the largest policy possible", "To determine the appropriate amount of coverage based on the client''s needs", "To compare insurance companies", "To reduce underwriting requirements"]', '["Vender la póliza más grande posible", "Determinar la cantidad apropiada de cobertura basada en las necesidades del cliente", "Comparar compañías de seguros", "Reducir los requisitos de suscripción"]', 1, 'A needs analysis helps determine the appropriate amount of life insurance coverage based on the client''s financial situation, obligations, and goals.', 'Un análisis de necesidades ayuda a determinar la cantidad apropiada de cobertura de seguro de vida basada en la situación financiera, obligaciones y metas del cliente.', true, '2026-01-14 23:06:37.595607', '2026-01-14 23:06:37.595607') ON CONFLICT (id) DO NOTHING;
INSERT INTO questions (id, category, topic, question_text_en, question_text_es, options_en, options_es, correct_answer, explanation_en, explanation_es, is_active, created_at, updated_at) VALUES ('0dafc35f-422d-4e67-8684-8b966931663d', 'life_insurance', NULL, 'What is the free-look period for life insurance in Texas?', '¿Cuál es el período de revisión gratuita para el seguro de vida en Texas?', '["At least 10 days to review and cancel for a full refund", "30 days", "7 days", "No free-look period"]', '["Al menos 10 días para revisar y cancelar para un reembolso completo", "30 días", "7 días", "Sin período de revisión gratuita"]', 0, 'Texas law provides at least 10 days for policyholders to review a new policy and receive a full refund if cancelled.', 'La ley de Texas proporciona al menos 10 días para que los asegurados revisen una nueva póliza y reciban un reembolso completo si la cancelan.', true, '2026-01-14 22:54:57.296148', '2026-01-14 22:54:57.296148') ON CONFLICT (id) DO NOTHING;
INSERT INTO questions (id, category, topic, question_text_en, question_text_es, options_en, options_es, correct_answer, explanation_en, explanation_es, is_active, created_at, updated_at) VALUES ('0f019f21-f6f1-4fc0-abca-ad421dc0cf0f', 'life_insurance', NULL, 'What is an irrevocable beneficiary?', '¿Qué es un beneficiario irrevocable?', '["A beneficiary who cannot be changed without their consent", "A beneficiary who can be changed anytime", "The insurance company", "The policy owner"]', '["Un beneficiario que no puede cambiarse sin su consentimiento", "Un beneficiario que puede cambiarse en cualquier momento", "La compañía de seguros", "El propietario de la póliza"]', 0, 'An irrevocable beneficiary cannot be changed without the beneficiary''s written consent.', 'Un beneficiario irrevocable no puede cambiarse sin el consentimiento por escrito del beneficiario.', true, '2026-01-14 22:54:57.336258', '2026-01-14 22:54:57.336258') ON CONFLICT (id) DO NOTHING;
INSERT INTO questions (id, category, topic, question_text_en, question_text_es, options_en, options_es, correct_answer, explanation_en, explanation_es, is_active, created_at, updated_at) VALUES ('0f5518b2-2366-469b-9770-39b43ed28bab', 'life_insurance', NULL, 'In Texas, what is required before an agent can sell variable life insurance?', 'En Texas, ¿qué se requiere antes de que un agente pueda vender seguro de vida variable?', '["Only a life insurance license", "A life insurance license and securities registration", "No special requirements", "Only securities registration"]', '["Solo una licencia de seguro de vida", "Una licencia de seguro de vida y registro de valores", "Sin requisitos especiales", "Solo registro de valores"]', 1, 'To sell variable life insurance in Texas, an agent must hold both a life insurance license and be registered with FINRA to sell securities.', 'Para vender seguros de vida variable en Texas, un agente debe tener tanto una licencia de seguro de vida como estar registrado con FINRA para vender valores.', true, '2026-01-14 23:06:37.545258', '2026-01-14 23:06:37.545258') ON CONFLICT (id) DO NOTHING;
INSERT INTO questions (id, category, topic, question_text_en, question_text_es, options_en, options_es, correct_answer, explanation_en, explanation_es, is_active, created_at, updated_at) VALUES ('0fadb19c-5018-4c1e-ba28-17a91817e9ab', 'life_insurance', NULL, 'What is a long-term care rider?', '¿Qué es un anexo de cuidado a largo plazo?', '["Allows access to death benefit for long-term care expenses", "Increases death benefit", "Reduces premiums", "Changes beneficiary"]', '["Permite acceso al beneficio por muerte para gastos de cuidado a largo plazo", "Aumenta el beneficio por muerte", "Reduce las primas", "Cambia el beneficiario"]', 0, 'A long-term care rider allows the insured to access part of the death benefit to pay for long-term care needs.', 'Un anexo de cuidado a largo plazo permite al asegurado acceder a parte del beneficio por muerte para pagar necesidades de cuidado a largo plazo.', true, '2026-01-14 23:01:15.610485', '2026-01-14 23:01:15.610485') ON CONFLICT (id) DO NOTHING;
INSERT INTO questions (id, category, topic, question_text_en, question_text_es, options_en, options_es, correct_answer, explanation_en, explanation_es, is_active, created_at, updated_at) VALUES ('12e5e3c2-125e-4477-9511-d7c08838f597', 'life_insurance', NULL, 'What is convertible term life insurance?', '¿Qué es el seguro de vida a término convertible?', '["Term insurance that can be converted to permanent insurance without proof of insurability", "Permanent insurance only", "Non-convertible term", "Health insurance"]', '["Seguro a término que puede convertirse a seguro permanente sin prueba de asegurabilidad", "Solo seguro permanente", "Término no convertible", "Seguro de salud"]', 0, 'Convertible term allows conversion to permanent insurance without a medical exam or underwriting.', 'El término convertible permite conversión a seguro permanente sin examen médico o suscripción.', true, '2026-01-14 22:54:57.275105', '2026-01-14 22:54:57.275105') ON CONFLICT (id) DO NOTHING;
INSERT INTO questions (id, category, topic, question_text_en, question_text_es, options_en, options_es, correct_answer, explanation_en, explanation_es, is_active, created_at, updated_at) VALUES ('1439692f-ae68-46cf-ad9c-561a6a69933c', 'life_insurance', NULL, 'What is the fixed amount settlement option?', '¿Qué es la opción de liquidación de cantidad fija?', '["A specified amount paid periodically until the death benefit is exhausted", "Lump sum", "Interest only", "Indefinite payments"]', '["Una cantidad especificada pagada periódicamente hasta que el beneficio por muerte se agote", "Suma global", "Solo interés", "Pagos indefinidos"]', 0, 'Fixed amount settlement pays a specific dollar amount until the principal and interest are depleted.', 'La liquidación de cantidad fija paga una cantidad de dólares específica hasta que el capital e interés se agoten.', true, '2026-01-14 22:54:57.405376', '2026-01-14 22:54:57.405376') ON CONFLICT (id) DO NOTHING;
INSERT INTO questions (id, category, topic, question_text_en, question_text_es, options_en, options_es, correct_answer, explanation_en, explanation_es, is_active, created_at, updated_at) VALUES ('144d6f85-0682-4fa0-b41e-31c61c69ef12', 'life_insurance', NULL, 'What is simplified issue life insurance?', '¿Qué es el seguro de vida de emisión simplificada?', '["Life insurance with limited health questions and no medical exam", "Full underwriting required", "Guaranteed issue", "Variable life"]', '["Seguro de vida con preguntas de salud limitadas y sin examen médico", "Suscripción completa requerida", "Emisión garantizada", "Vida variable"]', 0, 'Simplified issue has a short health questionnaire but no physical exam, with faster underwriting.', 'La emisión simplificada tiene un cuestionario de salud corto pero sin examen físico, con suscripción más rápida.', true, '2026-01-14 23:01:15.671323', '2026-01-14 23:01:15.671323') ON CONFLICT (id) DO NOTHING;
INSERT INTO questions (id, category, topic, question_text_en, question_text_es, options_en, options_es, correct_answer, explanation_en, explanation_es, is_active, created_at, updated_at) VALUES ('17f491ff-bbcc-4e8a-a54a-4e2edbd9fad3', 'life_insurance', NULL, 'What is a variable annuity?', '¿Qué es una anualidad variable?', '["An annuity where payments vary based on investment performance", "Fixed payments", "Guaranteed interest", "No investment component"]', '["Una anualidad donde los pagos varían basándose en el rendimiento de la inversión", "Pagos fijos", "Interés garantizado", "Sin componente de inversión"]', 0, 'Variable annuities have payments that fluctuate based on the performance of underlying investments.', 'Las anualidades variables tienen pagos que fluctúan basándose en el rendimiento de las inversiones subyacentes.', true, '2026-01-14 22:54:57.430969', '2026-01-14 22:54:57.430969') ON CONFLICT (id) DO NOTHING;
INSERT INTO questions (id, category, topic, question_text_en, question_text_es, options_en, options_es, correct_answer, explanation_en, explanation_es, is_active, created_at, updated_at) VALUES ('17f76270-307e-481a-8f5c-c6aa7d70f630', 'life_insurance', NULL, 'What is the incontestability clause?', '¿Qué es la cláusula de incontestabilidad?', '["A provision preventing the insurer from denying claims after 2 years for misstatements", "A cancellation clause", "A beneficiary provision", "A premium clause"]', '["Una disposición que previene al asegurador de negar reclamos después de 2 años por declaraciones erróneas", "Una cláusula de cancelación", "Una disposición de beneficiario", "Una cláusula de prima"]', 0, 'The incontestability clause prevents insurers from denying claims based on misrepresentations in the application after 2 years.', 'La cláusula de incontestabilidad previene a los aseguradores de negar reclamos basados en declaraciones erróneas en la solicitud después de 2 años.', true, '2026-01-14 18:28:35.653432', '2026-01-14 18:28:35.653432') ON CONFLICT (id) DO NOTHING;
INSERT INTO questions (id, category, topic, question_text_en, question_text_es, options_en, options_es, correct_answer, explanation_en, explanation_es, is_active, created_at, updated_at) VALUES ('18530c44-f647-464f-a6ac-30568ab76924', 'life_insurance', NULL, 'What is juvenile life insurance?', '¿Qué es el seguro de vida juvenil?', '["Life insurance purchased on a child''s life", "Adult insurance only", "Health insurance for children", "Property insurance"]', '["Seguro de vida comprado sobre la vida de un niño", "Solo seguro de adultos", "Seguro de salud para niños", "Seguro de propiedad"]', 0, 'Juvenile life insurance is purchased on a child''s life, often by parents or grandparents.', 'El seguro de vida juvenil se compra sobre la vida de un niño, a menudo por padres o abuelos.', true, '2026-01-14 23:01:15.702698', '2026-01-14 23:01:15.702698') ON CONFLICT (id) DO NOTHING;
INSERT INTO questions (id, category, topic, question_text_en, question_text_es, options_en, options_es, correct_answer, explanation_en, explanation_es, is_active, created_at, updated_at) VALUES ('1877512e-aec0-4406-9ae1-650021d27c80', 'life_insurance', NULL, 'What is disability income insurance?', '¿Qué es el seguro de ingreso por discapacidad?', '["Insurance that replaces income if you become unable to work due to illness or injury", "Life insurance", "Health insurance", "Property insurance"]', '["Seguro que reemplaza ingresos si te vuelves incapaz de trabajar debido a enfermedad o lesión", "Seguro de vida", "Seguro de salud", "Seguro de propiedad"]', 0, 'Disability income insurance provides a portion of your income if you become disabled and cannot work.', 'El seguro de ingreso por discapacidad proporciona una porción de tu ingreso si quedas discapacitado y no puedes trabajar.', true, '2026-01-14 18:28:35.661563', '2026-01-14 18:28:35.661563') ON CONFLICT (id) DO NOTHING;
INSERT INTO questions (id, category, topic, question_text_en, question_text_es, options_en, options_es, correct_answer, explanation_en, explanation_es, is_active, created_at, updated_at) VALUES ('1ab8dc46-65f1-4715-8cf1-f062e763afc2', 'life_insurance', NULL, 'What is single premium life insurance?', '¿Qué es el seguro de vida de prima única?', '["Life insurance purchased with one lump-sum payment", "Monthly premium insurance", "Annual premium insurance", "No premium insurance"]', '["Seguro de vida comprado con un pago único de suma global", "Seguro de prima mensual", "Seguro de prima anual", "Seguro sin prima"]', 0, 'Single premium life insurance is paid for with one upfront lump-sum payment.', 'El seguro de vida de prima única se paga con un pago único por adelantado de suma global.', true, '2026-01-14 22:54:57.278703', '2026-01-14 22:54:57.278703') ON CONFLICT (id) DO NOTHING;
INSERT INTO questions (id, category, topic, question_text_en, question_text_es, options_en, options_es, correct_answer, explanation_en, explanation_es, is_active, created_at, updated_at) VALUES ('1b06127d-4edd-46d7-aa8a-277aea0b47f8', 'life_insurance', NULL, 'What is whole life insurance?', '¿Qué es el seguro de vida entera?', '["Permanent life insurance with level premiums and cash value accumulation", "Temporary insurance", "Health insurance", "Auto insurance"]', '["Seguro de vida permanente con primas niveladas y acumulación de valor en efectivo", "Seguro temporal", "Seguro de salud", "Seguro de auto"]', 0, 'Whole life insurance provides lifetime coverage with fixed premiums and builds cash value over time.', 'El seguro de vida entera proporciona cobertura de por vida con primas fijas y acumula valor en efectivo con el tiempo.', true, '2026-01-14 22:54:57.222104', '2026-01-14 22:54:57.222104') ON CONFLICT (id) DO NOTHING;
INSERT INTO questions (id, category, topic, question_text_en, question_text_es, options_en, options_es, correct_answer, explanation_en, explanation_es, is_active, created_at, updated_at) VALUES ('1bfbab19-683e-447f-bfca-7fe26c64ec4b', 'life_insurance', NULL, 'What is the annuity period (annuitization)?', '¿Qué es el período de anualidad (anualización)?', '["The payout phase when periodic payments are made to the annuitant", "The accumulation phase", "The surrender period", "The application period"]', '["La fase de pago cuando se hacen pagos periódicos al beneficiario", "La fase de acumulación", "El período de rescate", "El período de solicitud"]', 0, 'The annuity period is when the accumulated value is converted to periodic income payments.', 'El período de anualidad es cuando el valor acumulado se convierte en pagos de ingreso periódicos.', true, '2026-01-14 22:54:57.449449', '2026-01-14 22:54:57.449449') ON CONFLICT (id) DO NOTHING;
INSERT INTO questions (id, category, topic, question_text_en, question_text_es, options_en, options_es, correct_answer, explanation_en, explanation_es, is_active, created_at, updated_at) VALUES ('1d8c1e99-faa2-4be9-beb3-223c9160b874', 'life_insurance', NULL, 'What is the contestability period?', '¿Qué es el período de contestabilidad?', '["The first 2 years when insurers can investigate and deny claims for misrepresentation", "The grace period", "The free look period", "The waiting period"]', '["Los primeros 2 años cuando los aseguradores pueden investigar y negar reclamos por tergiversación", "El período de gracia", "El período de revisión gratuita", "El período de espera"]', 0, 'The contestability period is typically the first 2 years of a policy during which the insurer can investigate and deny claims for misrepresentation.', 'El período de contestabilidad es típicamente los primeros 2 años de una póliza durante los cuales el asegurador puede investigar y negar reclamos por tergiversación.', true, '2026-01-14 18:28:35.658907', '2026-01-14 18:28:35.658907') ON CONFLICT (id) DO NOTHING;
INSERT INTO questions (id, category, topic, question_text_en, question_text_es, options_en, options_es, correct_answer, explanation_en, explanation_es, is_active, created_at, updated_at) VALUES ('1e09e213-5b4c-4ac3-a009-fbee61e4dc80', 'life_insurance', NULL, 'What is a joint and survivor annuity?', '¿Qué es una anualidad conjunta y de sobreviviente?', '["An annuity that pays income for the lives of two people", "Single life only", "Fixed period only", "Lump sum only"]', '["Una anualidad que paga ingreso por las vidas de dos personas", "Solo vida única", "Solo período fijo", "Solo suma global"]', 0, 'Joint and survivor annuity provides payments during both annuitants'' lives, continuing after the first death.', 'La anualidad conjunta y de sobreviviente proporciona pagos durante las vidas de ambos beneficiarios, continuando después de la primera muerte.', true, '2026-01-14 22:54:57.455092', '2026-01-14 22:54:57.455092') ON CONFLICT (id) DO NOTHING;
INSERT INTO questions (id, category, topic, question_text_en, question_text_es, options_en, options_es, correct_answer, explanation_en, explanation_es, is_active, created_at, updated_at) VALUES ('1f49a0e1-3015-4c70-8eee-7179cc1416a3', 'life_insurance', NULL, 'In Texas, what is the standard free look period for life insurance policies?', 'En Texas, ¿cuál es el período estándar de revisión gratuita para pólizas de seguro de vida?', '["5 days", "10 days", "20 days", "30 days"]', '["5 días", "10 días", "20 días", "30 días"]', 2, 'Texas provides a 20-day free look period for life insurance policies, allowing the policyholder to return the policy for a full refund.', 'Texas proporciona un período de revisión gratuita de 20 días para pólizas de seguro de vida, permitiendo al titular de la póliza devolver la póliza para un reembolso completo.', true, '2026-01-14 23:06:37.587771', '2026-01-14 23:06:37.587771') ON CONFLICT (id) DO NOTHING;
INSERT INTO questions (id, category, topic, question_text_en, question_text_es, options_en, options_es, correct_answer, explanation_en, explanation_es, is_active, created_at, updated_at) VALUES ('1fa6e17e-8963-4be5-95ae-7e41666c1666', 'life_insurance', NULL, 'What is a beneficiary?', '¿Qué es un beneficiario?', '["The person or entity designated to receive the death benefit", "The insured", "The insurance agent", "The insurance company"]', '["La persona o entidad designada para recibir el beneficio por muerte", "El asegurado", "El agente de seguros", "La compañía de seguros"]', 0, 'A beneficiary is the person or entity named to receive the death benefit when the insured dies.', 'Un beneficiario es la persona o entidad nombrada para recibir el beneficio por muerte cuando el asegurado fallece.', true, '2026-01-14 22:54:57.324888', '2026-01-14 22:54:57.324888') ON CONFLICT (id) DO NOTHING;
INSERT INTO questions (id, category, topic, question_text_en, question_text_es, options_en, options_es, correct_answer, explanation_en, explanation_es, is_active, created_at, updated_at) VALUES ('201a7c6a-8920-4990-95d7-0fd19bb93d08', 'life_insurance', NULL, 'How often must a Texas life insurance license be renewed?', '¿Con qué frecuencia debe renovarse una licencia de seguro de vida de Texas?', '["Every 2 years", "Every year", "Every 3 years", "Every 5 years"]', '["Cada 2 años", "Cada año", "Cada 3 años", "Cada 5 años"]', 0, 'Texas insurance licenses must be renewed every two years.', 'Las licencias de seguros de Texas deben renovarse cada dos años.', true, '2026-01-14 22:54:57.191697', '2026-01-14 22:54:57.191697') ON CONFLICT (id) DO NOTHING;
INSERT INTO questions (id, category, topic, question_text_en, question_text_es, options_en, options_es, correct_answer, explanation_en, explanation_es, is_active, created_at, updated_at) VALUES ('2154c63e-cbf5-4034-8dc1-b11f7128d5db', 'life_insurance', NULL, 'What is extended term insurance as a nonforfeiture option?', '¿Qué es el seguro a término extendido como opción de no caducidad?', '["Using cash value to purchase term insurance for the same face amount", "Reduced paid-up insurance", "Cash surrender", "Automatic premium loan"]', '["Usar el valor en efectivo para comprar seguro a término por el mismo monto nominal", "Seguro reducido pagado", "Rescate en efectivo", "Préstamo automático de prima"]', 0, 'Extended term uses the cash value to buy term insurance for the full face amount for as long as the cash value allows.', 'El término extendido usa el valor en efectivo para comprar seguro a término por el monto nominal completo por el tiempo que el valor en efectivo permita.', true, '2026-01-14 23:01:15.542521', '2026-01-14 23:01:15.542521') ON CONFLICT (id) DO NOTHING;
INSERT INTO questions (id, category, topic, question_text_en, question_text_es, options_en, options_es, correct_answer, explanation_en, explanation_es, is_active, created_at, updated_at) VALUES ('21cbb1f3-864e-48ba-abdb-d16be8854437', 'life_insurance', NULL, 'What is the Medical Information Bureau (MIB)?', '¿Qué es la Oficina de Información Médica (MIB)?', '["An organization that shares medical underwriting information among insurers", "A government agency", "A hospital network", "An insurance company"]', '["Una organización que comparte información de suscripción médica entre aseguradores", "Una agencia del gobierno", "Una red de hospitales", "Una compañía de seguros"]', 0, 'The MIB is a nonprofit that helps insurers detect fraud by sharing relevant medical underwriting information.', 'El MIB es una organización sin fines de lucro que ayuda a los aseguradores a detectar fraude compartiendo información relevante de suscripción médica.', true, '2026-01-14 22:54:57.390024', '2026-01-14 22:54:57.390024') ON CONFLICT (id) DO NOTHING;
INSERT INTO questions (id, category, topic, question_text_en, question_text_es, options_en, options_es, correct_answer, explanation_en, explanation_es, is_active, created_at, updated_at) VALUES ('21d2890c-1ac3-4f20-8d9c-a2eba6f509bc', 'life_insurance', NULL, 'What is the accidental death benefit rider?', '¿Qué es el anexo de beneficio por muerte accidental?', '["Provides additional death benefit if death results from an accident", "Reduces death benefit", "Provides health coverage", "Reduces premiums"]', '["Proporciona beneficio por muerte adicional si la muerte resulta de un accidente", "Reduce el beneficio por muerte", "Proporciona cobertura de salud", "Reduce las primas"]', 0, 'The accidental death benefit (double indemnity) rider pays an additional amount if death is caused by an accident.', 'El anexo de beneficio por muerte accidental (doble indemnización) paga una cantidad adicional si la muerte es causada por un accidente.', true, '2026-01-14 22:54:57.354825', '2026-01-14 22:54:57.354825') ON CONFLICT (id) DO NOTHING;
INSERT INTO questions (id, category, topic, question_text_en, question_text_es, options_en, options_es, correct_answer, explanation_en, explanation_es, is_active, created_at, updated_at) VALUES ('22357ded-6260-4ea6-9132-7876cbd2901f', 'life_insurance', NULL, 'What is renewable term life insurance?', '¿Qué es el seguro de vida a término renovable?', '["Term insurance that can be renewed at the end of the term without proof of insurability", "One-time coverage only", "Permanent coverage", "Coverage that cannot be renewed"]', '["Seguro a término que puede renovarse al final del término sin prueba de asegurabilidad", "Solo cobertura única", "Cobertura permanente", "Cobertura que no puede renovarse"]', 0, 'Renewable term allows the policyholder to renew coverage at the end of the term without medical underwriting.', 'El término renovable permite al asegurado renovar la cobertura al final del término sin suscripción médica.', true, '2026-01-14 22:54:57.270919', '2026-01-14 22:54:57.270919') ON CONFLICT (id) DO NOTHING;
INSERT INTO questions (id, category, topic, question_text_en, question_text_es, options_en, options_es, correct_answer, explanation_en, explanation_es, is_active, created_at, updated_at) VALUES ('247baf52-51e5-4c67-b072-0e05b9eec66c', 'life_insurance', NULL, 'What is a buy-sell agreement funded with life insurance?', '¿Qué es un acuerdo de compra-venta financiado con seguro de vida?', '["An agreement to transfer business ownership upon an owner''s death, funded by life insurance", "A sales contract", "A property deed", "A loan agreement"]', '["Un acuerdo para transferir la propiedad del negocio al fallecer un propietario, financiado por seguro de vida", "Un contrato de ventas", "Una escritura de propiedad", "Un acuerdo de préstamo"]', 0, 'Buy-sell agreements use life insurance to fund the purchase of a deceased owner''s business interest.', 'Los acuerdos de compra-venta usan seguro de vida para financiar la compra del interés comercial de un propietario fallecido.', true, '2026-01-14 22:54:57.487654', '2026-01-14 22:54:57.487654') ON CONFLICT (id) DO NOTHING;
INSERT INTO questions (id, category, topic, question_text_en, question_text_es, options_en, options_es, correct_answer, explanation_en, explanation_es, is_active, created_at, updated_at) VALUES ('24b47ae7-ee30-45df-ae3b-ef77e6cc214b', 'life_insurance', NULL, 'What is the cost basis in a life insurance policy?', '¿Cuál es la base de costo en una póliza de seguro de vida?', '["The death benefit amount", "The total premiums paid into the policy", "The cash value", "The face amount"]', '["El monto del beneficio por muerte", "El total de primas pagadas en la póliza", "El valor en efectivo", "El monto nominal"]', 1, 'The cost basis is the total amount of premiums paid into a life insurance policy, used to determine taxable gains on surrenders or withdrawals.', 'La base de costo es el monto total de primas pagadas en una póliza de seguro de vida, utilizado para determinar las ganancias imponibles en rescates o retiros.', true, '2026-01-14 23:06:37.553005', '2026-01-14 23:06:37.553005') ON CONFLICT (id) DO NOTHING;
INSERT INTO questions (id, category, topic, question_text_en, question_text_es, options_en, options_es, correct_answer, explanation_en, explanation_es, is_active, created_at, updated_at) VALUES ('257a4fbc-b432-46ee-b3b2-52f220f2e047', 'life_insurance', NULL, 'What is joint life insurance?', '¿Qué es el seguro de vida conjunto?', '["A single policy covering two lives, paying on the first death", "Individual policies", "Group insurance", "No death benefit"]', '["Una sola póliza que cubre dos vidas, pagando en la primera muerte", "Pólizas individuales", "Seguro grupal", "Sin beneficio por muerte"]', 0, 'Joint life (first-to-die) insurance covers two people and pays the death benefit when the first insured dies.', 'El seguro de vida conjunto (primero en morir) cubre a dos personas y paga el beneficio por muerte cuando el primer asegurado fallece.', true, '2026-01-14 23:01:15.653279', '2026-01-14 23:01:15.653279') ON CONFLICT (id) DO NOTHING;
INSERT INTO questions (id, category, topic, question_text_en, question_text_es, options_en, options_es, correct_answer, explanation_en, explanation_es, is_active, created_at, updated_at) VALUES ('287af7b5-6be0-4632-b5d7-adef29ef87a1', 'life_insurance', NULL, 'What is family maintenance policy?', '¿Qué es una póliza de mantenimiento familiar?', '["Provides monthly income for a set period following the insured''s death, then lump sum", "Lump sum only", "Income only", "No death benefit"]', '["Proporciona ingreso mensual por un período establecido después de la muerte del asegurado, luego suma global", "Solo suma global", "Solo ingreso", "Sin beneficio por muerte"]', 0, 'Family maintenance policy provides income for a fixed period after death, then pays the full face amount.', 'La póliza de mantenimiento familiar proporciona ingreso por un período fijo después de la muerte, luego paga el monto nominal completo.', true, '2026-01-14 23:01:15.697646', '2026-01-14 23:01:15.697646') ON CONFLICT (id) DO NOTHING;
INSERT INTO questions (id, category, topic, question_text_en, question_text_es, options_en, options_es, correct_answer, explanation_en, explanation_es, is_active, created_at, updated_at) VALUES ('2b61aa84-8f47-458f-97f9-55e5c5d8b5e4', 'life_insurance', NULL, 'What is the purpose of an accelerated death benefit rider?', '¿Cuál es el propósito de un anexo de beneficio por muerte acelerada?', '["To increase the death benefit", "To allow early access to death benefit for terminally ill insureds", "To reduce premiums", "To add additional insureds"]', '["Aumentar el beneficio por muerte", "Permitir acceso anticipado al beneficio por muerte para asegurados con enfermedad terminal", "Reducir las primas", "Agregar asegurados adicionales"]', 1, 'An accelerated death benefit rider allows terminally ill policyholders to receive a portion of the death benefit while still living.', 'Un anexo de beneficio por muerte acelerada permite a los titulares de pólizas con enfermedades terminales recibir una porción del beneficio por muerte mientras aún viven.', true, '2026-01-14 23:06:37.495445', '2026-01-14 23:06:37.495445') ON CONFLICT (id) DO NOTHING;
INSERT INTO questions (id, category, topic, question_text_en, question_text_es, options_en, options_es, correct_answer, explanation_en, explanation_es, is_active, created_at, updated_at) VALUES ('2c247b87-e5d6-4a7b-b92b-66909d90f781', 'life_insurance', NULL, 'Are life insurance dividends taxable?', '¿Son gravables los dividendos del seguro de vida?', '["Generally no, they are considered a return of premium", "Yes, fully taxable", "Taxed as capital gains", "Taxed as interest income"]', '["Generalmente no, se consideran una devolución de prima", "Sí, totalmente gravables", "Gravados como ganancias de capital", "Gravados como ingresos por intereses"]', 0, 'Policy dividends are generally not taxable because they''re considered a return of overpaid premiums.', 'Los dividendos de póliza generalmente no son gravables porque se consideran una devolución de primas pagadas en exceso.', true, '2026-01-14 23:01:15.636168', '2026-01-14 23:01:15.636168') ON CONFLICT (id) DO NOTHING;
INSERT INTO questions (id, category, topic, question_text_en, question_text_es, options_en, options_es, correct_answer, explanation_en, explanation_es, is_active, created_at, updated_at) VALUES ('2d24abee-a1d5-471e-a4f4-f50483abdd8d', 'life_insurance', NULL, 'What type of life insurance provides coverage for a specific period and has no cash value?', '¿Qué tipo de seguro de vida proporciona cobertura por un período específico y no tiene valor en efectivo?', '["Whole life", "Universal life", "Term life", "Variable life"]', '["Vida entera", "Vida universal", "Vida a término", "Vida variable"]', 2, 'Term life insurance provides coverage for a specific period (term) and does not accumulate cash value.', 'El seguro de vida a término proporciona cobertura por un período específico (término) y no acumula valor en efectivo.', true, '2026-01-14 23:06:37.505176', '2026-01-14 23:06:37.505176') ON CONFLICT (id) DO NOTHING;
INSERT INTO questions (id, category, topic, question_text_en, question_text_es, options_en, options_es, correct_answer, explanation_en, explanation_es, is_active, created_at, updated_at) VALUES ('2e29bd16-737f-4c74-97a5-5df0131980c5', 'life_insurance', NULL, 'What is a qualified annuity?', '¿Qué es una anualidad calificada?', '["An annuity funded with pre-tax dollars as part of a qualified retirement plan", "Post-tax funded", "Not for retirement", "Individual policy only"]', '["Una anualidad financiada con dólares antes de impuestos como parte de un plan de jubilación calificado", "Financiada después de impuestos", "No para jubilación", "Solo póliza individual"]', 0, 'A qualified annuity is funded with pre-tax dollars and is subject to retirement plan rules and taxation.', 'Una anualidad calificada se financia con dólares antes de impuestos y está sujeta a reglas de planes de jubilación y tributación.', true, '2026-01-14 23:01:15.775694', '2026-01-14 23:01:15.775694') ON CONFLICT (id) DO NOTHING;
INSERT INTO questions (id, category, topic, question_text_en, question_text_es, options_en, options_es, correct_answer, explanation_en, explanation_es, is_active, created_at, updated_at) VALUES ('2ee85687-c9d0-4e59-953b-2cc5bbed4a28', 'life_insurance', NULL, 'What is the assignment provision?', '¿Qué es la disposición de cesión?', '["Allows the policy owner to transfer ownership rights to another party", "Prevents any transfers", "Changes the insured", "Cancels the policy"]', '["Permite al propietario de la póliza transferir derechos de propiedad a otra parte", "Previene cualquier transferencia", "Cambia al asegurado", "Cancela la póliza"]', 0, 'The assignment provision allows the policy owner to transfer some or all policy rights to another person or entity.', 'La disposición de cesión permite al propietario de la póliza transferir algunos o todos los derechos de la póliza a otra persona o entidad.', true, '2026-01-14 23:01:15.562125', '2026-01-14 23:01:15.562125') ON CONFLICT (id) DO NOTHING;
INSERT INTO questions (id, category, topic, question_text_en, question_text_es, options_en, options_es, correct_answer, explanation_en, explanation_es, is_active, created_at, updated_at) VALUES ('2f329ffd-d730-44e0-a1c2-f5915eefbe2e', 'life_insurance', NULL, 'What is the aviation exclusion?', '¿Qué es la exclusión de aviación?', '["Excludes death benefits if death occurs during certain aviation activities", "Covers all aviation deaths", "Increases benefits for pilots", "No effect on coverage"]', '["Excluye beneficios por muerte si la muerte ocurre durante ciertas actividades de aviación", "Cubre todas las muertes de aviación", "Aumenta beneficios para pilotos", "Sin efecto en la cobertura"]', 0, 'The aviation exclusion may exclude or limit benefits if death results from certain flying activities.', 'La exclusión de aviación puede excluir o limitar beneficios si la muerte resulta de ciertas actividades de vuelo.', true, '2026-01-14 23:01:15.586298', '2026-01-14 23:01:15.586298') ON CONFLICT (id) DO NOTHING;
INSERT INTO questions (id, category, topic, question_text_en, question_text_es, options_en, options_es, correct_answer, explanation_en, explanation_es, is_active, created_at, updated_at) VALUES ('343aebf3-d559-4958-b3b4-c88e88890fc0', 'life_insurance', NULL, 'What is a cross-purchase buy-sell agreement?', '¿Qué es un acuerdo de compra cruzada de compra-venta?', '["Each owner buys insurance on the other owners to fund the purchase of their interest", "The business buys insurance", "No insurance involved", "Bank financing only"]', '["Cada propietario compra seguro sobre los otros propietarios para financiar la compra de su interés", "El negocio compra seguro", "Sin seguro involucrado", "Solo financiamiento bancario"]', 0, 'In cross-purchase agreements, business owners insure each other and use proceeds to buy a deceased owner''s share.', 'En acuerdos de compra cruzada, los propietarios del negocio aseguran a cada uno y usan los beneficios para comprar la parte de un propietario fallecido.', true, '2026-01-14 22:54:57.490339', '2026-01-14 22:54:57.490339') ON CONFLICT (id) DO NOTHING;
INSERT INTO questions (id, category, topic, question_text_en, question_text_es, options_en, options_es, correct_answer, explanation_en, explanation_es, is_active, created_at, updated_at) VALUES ('36a2c72d-250a-45d3-89f6-e739e0cba74b', 'life_insurance', NULL, 'What is a Modified Endowment Contract (MEC)?', '¿Qué es un Contrato de Dotación Modificado (MEC)?', '["A life insurance policy that fails the 7-pay test and has less favorable tax treatment", "A standard policy", "A health policy", "A term policy"]', '["Una póliza de seguro de vida que no pasa la prueba de 7 pagos y tiene tratamiento fiscal menos favorable", "Una póliza estándar", "Una póliza de salud", "Una póliza a término"]', 0, 'A MEC is a policy funded too quickly that loses some tax advantages; withdrawals may be taxable and penalized.', 'Un MEC es una póliza financiada demasiado rápido que pierde algunas ventajas fiscales; los retiros pueden ser gravables y penalizados.', true, '2026-01-14 22:54:57.47951', '2026-01-14 22:54:57.47951') ON CONFLICT (id) DO NOTHING;
INSERT INTO questions (id, category, topic, question_text_en, question_text_es, options_en, options_es, correct_answer, explanation_en, explanation_es, is_active, created_at, updated_at) VALUES ('38b216f0-7325-419c-b28a-85f21cb0ea0f', 'life_insurance', NULL, 'What is term life insurance?', '¿Qué es el seguro de vida a término?', '["Life insurance that provides coverage for a specific period of time", "Permanent life insurance", "Investment insurance", "Health insurance"]', '["Seguro de vida que proporciona cobertura por un período específico de tiempo", "Seguro de vida permanente", "Seguro de inversión", "Seguro de salud"]', 0, 'Term life insurance provides death benefit protection for a specified term, such as 10, 20, or 30 years.', 'El seguro de vida a término proporciona protección de beneficio por muerte por un término especificado, como 10, 20 o 30 años.', true, '2026-01-14 22:54:57.218375', '2026-01-14 22:54:57.218375') ON CONFLICT (id) DO NOTHING;
INSERT INTO questions (id, category, topic, question_text_en, question_text_es, options_en, options_es, correct_answer, explanation_en, explanation_es, is_active, created_at, updated_at) VALUES ('3aaa2145-1367-4417-846a-1ea260f672ae', 'life_insurance', NULL, 'What is split-dollar life insurance?', '¿Qué es el seguro de vida de dólar dividido?', '["An arrangement where employer and employee share premium costs and death benefits", "Standard group insurance", "Individual insurance only", "Health insurance"]', '["Un arreglo donde el empleador y el empleado comparten costos de prima y beneficios por muerte", "Seguro grupal estándar", "Solo seguro individual", "Seguro de salud"]', 0, 'Split-dollar involves sharing premium costs and benefits between an employer and employee.', 'El dólar dividido involucra compartir costos de prima y beneficios entre un empleador y un empleado.', true, '2026-01-14 22:54:57.496224', '2026-01-14 22:54:57.496224') ON CONFLICT (id) DO NOTHING;
INSERT INTO questions (id, category, topic, question_text_en, question_text_es, options_en, options_es, correct_answer, explanation_en, explanation_es, is_active, created_at, updated_at) VALUES ('3b56aa54-edc7-4ca9-85ae-0f231a617cb8', 'life_insurance', NULL, 'What is a child term rider?', '¿Qué es un anexo de término infantil?', '["Provides term insurance coverage on all children of the insured", "Only covers one child", "Permanent coverage for children", "No coverage for children"]', '["Proporciona cobertura de seguro a término para todos los hijos del asegurado", "Solo cubre a un hijo", "Cobertura permanente para hijos", "Sin cobertura para hijos"]', 0, 'A child term rider provides term life coverage for all eligible children of the policyholder.', 'Un anexo de término infantil proporciona cobertura de vida a término para todos los hijos elegibles del asegurado.', true, '2026-01-14 23:01:15.60591', '2026-01-14 23:01:15.60591') ON CONFLICT (id) DO NOTHING;
INSERT INTO questions (id, category, topic, question_text_en, question_text_es, options_en, options_es, correct_answer, explanation_en, explanation_es, is_active, created_at, updated_at) VALUES ('3ceb6fb9-b3f4-464d-b7d3-dfcc5dcd3147', 'life_insurance', NULL, 'What is the difference between a revocable and irrevocable beneficiary?', '¿Cuál es la diferencia entre un beneficiario revocable e irrevocable?', '["No difference", "Revocable can be changed; irrevocable cannot be changed without consent", "Irrevocable receives more money", "Revocable must be a family member"]', '["Sin diferencia", "El revocable se puede cambiar; el irrevocable no se puede cambiar sin consentimiento", "El irrevocable recibe más dinero", "El revocable debe ser un familiar"]', 1, 'A revocable beneficiary can be changed by the policyholder at any time, while an irrevocable beneficiary cannot be changed without that beneficiary''s consent.', 'Un beneficiario revocable puede ser cambiado por el titular de la póliza en cualquier momento, mientras que un beneficiario irrevocable no puede ser cambiado sin el consentimiento de ese beneficiario.', true, '2026-01-14 23:06:37.531177', '2026-01-14 23:06:37.531177') ON CONFLICT (id) DO NOTHING;
INSERT INTO questions (id, category, topic, question_text_en, question_text_es, options_en, options_es, correct_answer, explanation_en, explanation_es, is_active, created_at, updated_at) VALUES ('3e0811e6-0d0b-45f0-9f9e-88bde762c109', 'life_insurance', NULL, 'What is the 7-pay test?', '¿Qué es la prueba de 7 pagos?', '["A test to determine if a policy is a MEC based on premium limits over 7 years", "A health test", "An income test", "A mortality test"]', '["Una prueba para determinar si una póliza es un MEC basada en límites de prima durante 7 años", "Una prueba de salud", "Una prueba de ingresos", "Una prueba de mortalidad"]', 0, 'The 7-pay test determines if premiums paid exceed what would fund the policy in 7 level payments.', 'La prueba de 7 pagos determina si las primas pagadas exceden lo que financiaría la póliza en 7 pagos nivelados.', true, '2026-01-14 22:54:57.482221', '2026-01-14 22:54:57.482221') ON CONFLICT (id) DO NOTHING;
INSERT INTO questions (id, category, topic, question_text_en, question_text_es, options_en, options_es, correct_answer, explanation_en, explanation_es, is_active, created_at, updated_at) VALUES ('3f30230f-2113-42c7-a685-023741c3ca5a', 'life_insurance', NULL, 'What is the reinstatement provision?', '¿Qué es la disposición de reinstalación?', '["Allows a lapsed policy to be restored within a certain period", "Automatic renewal", "Policy cancellation", "Premium waiver"]', '["Permite que una póliza caducada se restaure dentro de un cierto período", "Renovación automática", "Cancelación de póliza", "Exención de prima"]', 0, 'Reinstatement allows policyholders to restore lapsed coverage by paying back premiums and proving insurability.', 'La reinstalación permite a los asegurados restaurar cobertura caducada pagando primas atrasadas y probando asegurabilidad.', true, '2026-01-14 22:54:57.320398', '2026-01-14 22:54:57.320398') ON CONFLICT (id) DO NOTHING;
INSERT INTO questions (id, category, topic, question_text_en, question_text_es, options_en, options_es, correct_answer, explanation_en, explanation_es, is_active, created_at, updated_at) VALUES ('3f745841-962f-46ec-b7cd-fd66e1b98f91', 'life_insurance', NULL, 'What is the suicide clause?', '¿Qué es la cláusula de suicidio?', '["A provision limiting death benefits if the insured commits suicide within a specified period (usually 2 years)", "Full benefits always paid", "No exclusion for suicide", "Benefits doubled for suicide"]', '["Una disposición que limita los beneficios por muerte si el asegurado comete suicidio dentro de un período especificado (usualmente 2 años)", "Beneficios completos siempre pagados", "Sin exclusión por suicidio", "Beneficios duplicados por suicidio"]', 0, 'The suicide clause limits benefits to premium refund if death by suicide occurs within the first two years.', 'La cláusula de suicidio limita los beneficios al reembolso de primas si la muerte por suicidio ocurre dentro de los primeros dos años.', true, '2026-01-14 22:54:57.313034', '2026-01-14 22:54:57.313034') ON CONFLICT (id) DO NOTHING;
INSERT INTO questions (id, category, topic, question_text_en, question_text_es, options_en, options_es, correct_answer, explanation_en, explanation_es, is_active, created_at, updated_at) VALUES ('40db72d8-8894-47d9-92eb-a82ea12e2ca1', 'life_insurance', NULL, 'What is a viatical settlement?', '¿Qué es un acuerdo viático?', '["Selling a life insurance policy for a lump sum to a third party, typically by someone terminally ill", "A premium payment", "A policy loan", "A claim payment"]', '["Vender una póliza de seguro de vida por una suma global a un tercero, típicamente por alguien terminalmente enfermo", "Un pago de prima", "Un préstamo de póliza", "Un pago de reclamo"]', 0, 'A viatical settlement allows a terminally ill person to sell their life insurance policy for immediate cash.', 'Un acuerdo viático permite a una persona terminalmente enferma vender su póliza de seguro de vida por efectivo inmediato.', true, '2026-01-14 22:54:57.501108', '2026-01-14 22:54:57.501108') ON CONFLICT (id) DO NOTHING;
INSERT INTO questions (id, category, topic, question_text_en, question_text_es, options_en, options_es, correct_answer, explanation_en, explanation_es, is_active, created_at, updated_at) VALUES ('414e7fa1-8c7e-4f59-91bc-51117e6c5c4d', 'life_insurance', NULL, 'What is the purpose of the insurance company''s annual statement?', '¿Cuál es el propósito de la declaración anual de la compañía de seguros?', '["To advertise products", "To report the company''s financial condition to regulators", "To pay dividends", "To issue new policies"]', '["Publicitar productos", "Informar la condición financiera de la compañía a los reguladores", "Pagar dividendos", "Emitir nuevas pólizas"]', 1, 'The annual statement reports the insurance company''s financial condition to state regulators and is filed with the Texas Department of Insurance.', 'La declaración anual informa la condición financiera de la compañía de seguros a los reguladores estatales y se presenta ante el Departamento de Seguros de Texas.', true, '2026-01-14 23:06:37.613078', '2026-01-14 23:06:37.613078') ON CONFLICT (id) DO NOTHING;
INSERT INTO questions (id, category, topic, question_text_en, question_text_es, options_en, options_es, correct_answer, explanation_en, explanation_es, is_active, created_at, updated_at) VALUES ('41621cec-4623-4788-b241-5c8abe0aef23', 'life_insurance', NULL, 'What is a single premium annuity?', '¿Qué es una anualidad de prima única?', '["An annuity funded with one lump-sum payment", "Monthly premiums", "Annual premiums", "No premium required"]', '["Una anualidad financiada con un pago único de suma global", "Primas mensuales", "Primas anuales", "Sin prima requerida"]', 0, 'A single premium annuity is purchased with one lump-sum payment.', 'Una anualidad de prima única se compra con un pago único de suma global.', true, '2026-01-14 22:54:57.439982', '2026-01-14 22:54:57.439982') ON CONFLICT (id) DO NOTHING;
INSERT INTO questions (id, category, topic, question_text_en, question_text_es, options_en, options_es, correct_answer, explanation_en, explanation_es, is_active, created_at, updated_at) VALUES ('4409c2b3-3420-45df-bdc8-8c8612ea09a0', 'life_insurance', NULL, 'What is a participating policy?', '¿Qué es una póliza participante?', '["A policy that pays dividends to policyholders", "A non-dividend policy", "A term policy only", "A variable policy"]', '["Una póliza que paga dividendos a los asegurados", "Una póliza sin dividendos", "Solo una póliza a término", "Una póliza variable"]', 0, 'A participating policy shares in the insurer''s surplus by paying policy dividends to owners.', 'Una póliza participante comparte el excedente del asegurador pagando dividendos de póliza a los propietarios.', true, '2026-01-14 23:01:15.631655', '2026-01-14 23:01:15.631655') ON CONFLICT (id) DO NOTHING;
INSERT INTO questions (id, category, topic, question_text_en, question_text_es, options_en, options_es, correct_answer, explanation_en, explanation_es, is_active, created_at, updated_at) VALUES ('462299b1-b385-4ea4-845f-1e6902b7a427', 'life_insurance', NULL, 'What state agency regulates life insurance in Texas?', '¿Qué agencia estatal regula el seguro de vida en Texas?', '["Texas Department of Insurance (TDI)", "Texas Real Estate Commission", "Texas Department of Health", "Texas Banking Commission"]', '["Departamento de Seguros de Texas (TDI)", "Comisión de Bienes Raíces de Texas", "Departamento de Salud de Texas", "Comisión Bancaria de Texas"]', 0, 'The Texas Department of Insurance (TDI) regulates all types of insurance in Texas, including life insurance.', 'El Departamento de Seguros de Texas (TDI) regula todos los tipos de seguros en Texas, incluyendo el seguro de vida.', true, '2026-01-14 22:54:57.175254', '2026-01-14 22:54:57.175254') ON CONFLICT (id) DO NOTHING;
INSERT INTO questions (id, category, topic, question_text_en, question_text_es, options_en, options_es, correct_answer, explanation_en, explanation_es, is_active, created_at, updated_at) VALUES ('46e804dd-2e04-4928-b8b4-5c1ff072198a', 'life_insurance', NULL, 'What is a beneficiary in life insurance?', '¿Qué es un beneficiario en seguro de vida?', '["The person or entity who receives the death benefit", "The insurance agent", "The insured person", "The insurance company"]', '["La persona o entidad que recibe el beneficio por muerte", "El agente de seguros", "La persona asegurada", "La compañía de seguros"]', 0, 'A beneficiary is the person, organization, or trust named to receive the life insurance death benefit upon the insured''s death.', 'Un beneficiario es la persona, organización o fideicomiso nombrado para recibir el beneficio por muerte del seguro de vida tras la muerte del asegurado.', true, '2026-01-14 18:28:35.642863', '2026-01-14 18:28:35.642863') ON CONFLICT (id) DO NOTHING;
INSERT INTO questions (id, category, topic, question_text_en, question_text_es, options_en, options_es, correct_answer, explanation_en, explanation_es, is_active, created_at, updated_at) VALUES ('4754b034-a37d-4169-b5a8-9ed1d06278c4', 'life_insurance', NULL, 'What is long-term care insurance?', '¿Qué es el seguro de cuidados a largo plazo?', '["Insurance covering extended care services not covered by health insurance", "Life insurance", "Disability insurance", "Auto insurance"]', '["Seguro que cubre servicios de cuidado extendido no cubiertos por seguro de salud", "Seguro de vida", "Seguro de discapacidad", "Seguro de auto"]', 0, 'Long-term care insurance covers costs of care for chronic illness, disability, or aging that are not covered by regular health insurance.', 'El seguro de cuidados a largo plazo cubre costos de cuidado para enfermedades crónicas, discapacidad o envejecimiento que no están cubiertos por seguro de salud regular.', true, '2026-01-14 18:28:35.664321', '2026-01-14 18:28:35.664321') ON CONFLICT (id) DO NOTHING;
INSERT INTO questions (id, category, topic, question_text_en, question_text_es, options_en, options_es, correct_answer, explanation_en, explanation_es, is_active, created_at, updated_at) VALUES ('47a37e4b-d4e1-4c5d-a5cb-42fc8e1dbd97', 'life_insurance', NULL, 'What is an absolute assignment?', '¿Qué es una cesión absoluta?', '["Complete transfer of all policy rights permanently", "Temporary transfer", "Partial transfer", "No transfer"]', '["Transferencia completa de todos los derechos de la póliza permanentemente", "Transferencia temporal", "Transferencia parcial", "Sin transferencia"]', 0, 'An absolute assignment permanently transfers all ownership rights to the assignee.', 'Una cesión absoluta transfiere permanentemente todos los derechos de propiedad al cesionario.', true, '2026-01-14 23:01:15.566347', '2026-01-14 23:01:15.566347') ON CONFLICT (id) DO NOTHING;
INSERT INTO questions (id, category, topic, question_text_en, question_text_es, options_en, options_es, correct_answer, explanation_en, explanation_es, is_active, created_at, updated_at) VALUES ('48179d4f-9389-41ba-906d-9a862932072a', 'life_insurance', NULL, 'What is a key person life insurance policy?', '¿Qué es una póliza de seguro de vida de persona clave?', '["Insurance on all employees", "Insurance on a valuable employee or owner to protect the business", "Personal life insurance", "Group life insurance"]', '["Seguro para todos los empleados", "Seguro sobre un empleado valioso o propietario para proteger el negocio", "Seguro de vida personal", "Seguro de vida grupal"]', 1, 'Key person life insurance protects a business from financial loss if a key employee or owner dies, with the business as beneficiary.', 'El seguro de vida de persona clave protege a un negocio de pérdidas financieras si un empleado clave o propietario muere, con el negocio como beneficiario.', true, '2026-01-14 23:06:37.527264', '2026-01-14 23:06:37.527264') ON CONFLICT (id) DO NOTHING;
INSERT INTO questions (id, category, topic, question_text_en, question_text_es, options_en, options_es, correct_answer, explanation_en, explanation_es, is_active, created_at, updated_at) VALUES ('4a5b1e5f-0d8a-435c-8fd5-59f74fde1842', 'life_insurance', NULL, 'What is a deferred annuity?', '¿Qué es una anualidad diferida?', '["An annuity where payments begin at a future date", "An immediate annuity", "Life insurance", "Health insurance"]', '["Una anualidad donde los pagos comienzan en una fecha futura", "Una anualidad inmediata", "Seguro de vida", "Seguro de salud"]', 0, 'A deferred annuity accumulates value during the accumulation phase and begins paying out at a later date, often at retirement.', 'Una anualidad diferida acumula valor durante la fase de acumulación y comienza a pagar en una fecha posterior, a menudo en la jubilación.', true, '2026-01-14 18:28:35.667584', '2026-01-14 18:28:35.667584') ON CONFLICT (id) DO NOTHING;
INSERT INTO questions (id, category, topic, question_text_en, question_text_es, options_en, options_es, correct_answer, explanation_en, explanation_es, is_active, created_at, updated_at) VALUES ('4aa6a928-25c6-4de3-9852-d9255bae1b18', 'life_insurance', NULL, 'What is a non-participating policy?', '¿Qué es una póliza no participante?', '["A policy that does not pay dividends", "A policy that pays dividends", "A term policy", "A variable policy"]', '["Una póliza que no paga dividendos", "Una póliza que paga dividendos", "Una póliza a término", "Una póliza variable"]', 0, 'A non-participating policy does not share in the insurer''s surplus and pays no dividends.', 'Una póliza no participante no comparte el excedente del asegurador y no paga dividendos.', true, '2026-01-14 23:01:15.649947', '2026-01-14 23:01:15.649947') ON CONFLICT (id) DO NOTHING;
INSERT INTO questions (id, category, topic, question_text_en, question_text_es, options_en, options_es, correct_answer, explanation_en, explanation_es, is_active, created_at, updated_at) VALUES ('4f1982e0-90a2-4fcf-a012-b77f113c02ad', 'life_insurance', NULL, 'What form must be completed in Texas when replacing a life insurance policy?', '¿Qué formulario debe completarse en Texas al reemplazar una póliza de seguro de vida?', '["A replacement notice form", "No form is required", "A health questionnaire", "A tax form"]', '["Un formulario de aviso de reemplazo", "No se requiere formulario", "Un cuestionario de salud", "Un formulario de impuestos"]', 0, 'Texas requires specific disclosure forms when replacing life insurance policies to protect consumers.', 'Texas requiere formularios de divulgación específicos al reemplazar pólizas de seguro de vida para proteger a los consumidores.', true, '2026-01-14 22:54:57.211746', '2026-01-14 22:54:57.211746') ON CONFLICT (id) DO NOTHING;
INSERT INTO questions (id, category, topic, question_text_en, question_text_es, options_en, options_es, correct_answer, explanation_en, explanation_es, is_active, created_at, updated_at) VALUES ('50901347-8098-4eea-baa5-7627be71ed4b', 'life_insurance', NULL, 'What is a collateral assignment?', '¿Qué es una cesión colateral?', '["Temporary transfer of policy rights as security for a loan", "Permanent transfer", "Beneficiary change", "Policy cancellation"]', '["Transferencia temporal de derechos de la póliza como garantía de un préstamo", "Transferencia permanente", "Cambio de beneficiario", "Cancelación de póliza"]', 0, 'A collateral assignment temporarily assigns policy rights to a lender as loan collateral.', 'Una cesión colateral asigna temporalmente derechos de la póliza a un prestamista como garantía de préstamo.', true, '2026-01-14 23:01:15.571006', '2026-01-14 23:01:15.571006') ON CONFLICT (id) DO NOTHING;
INSERT INTO questions (id, category, topic, question_text_en, question_text_es, options_en, options_es, correct_answer, explanation_en, explanation_es, is_active, created_at, updated_at) VALUES ('5100aa05-f0d9-4ab6-8eb0-a601196dd308', 'life_insurance', NULL, 'What is stranger-originated life insurance (STOLI)?', '¿Qué es el seguro de vida originado por extraños (STOLI)?', '["Life insurance purchased by investors with no insurable interest on the insured", "Standard life insurance", "Group insurance", "Term insurance"]', '["Seguro de vida comprado por inversores sin interés asegurable en el asegurado", "Seguro de vida estándar", "Seguro grupal", "Seguro a término"]', 0, 'STOLI involves third-party investors purchasing life insurance on individuals, which is generally prohibited.', 'STOLI involucra a inversores terceros comprando seguro de vida sobre individuos, lo cual generalmente está prohibido.', true, '2026-01-14 23:01:15.7322', '2026-01-14 23:01:15.7322') ON CONFLICT (id) DO NOTHING;
INSERT INTO questions (id, category, topic, question_text_en, question_text_es, options_en, options_es, correct_answer, explanation_en, explanation_es, is_active, created_at, updated_at) VALUES ('53446db7-877c-476b-a617-7716cce03de0', 'life_insurance', NULL, 'What is needs-based selling?', '¿Qué es la venta basada en necesidades?', '["Recommending coverage based on the client''s specific financial needs", "Selling any available product", "High-pressure sales", "Cold calling"]', '["Recomendar cobertura basada en las necesidades financieras específicas del cliente", "Vender cualquier producto disponible", "Ventas de alta presión", "Llamadas en frío"]', 0, 'Needs-based selling analyzes a client''s financial situation to recommend appropriate coverage amounts and types.', 'La venta basada en necesidades analiza la situación financiera de un cliente para recomendar montos y tipos de cobertura apropiados.', true, '2026-01-14 23:01:15.717756', '2026-01-14 23:01:15.717756') ON CONFLICT (id) DO NOTHING;
INSERT INTO questions (id, category, topic, question_text_en, question_text_es, options_en, options_es, correct_answer, explanation_en, explanation_es, is_active, created_at, updated_at) VALUES ('53923857-22ba-4283-8eb2-e45e2878513a', 'life_insurance', NULL, 'What is the purpose of the life insurance policy''s entire contract provision?', '¿Cuál es el propósito de la disposición del contrato completo de la póliza de seguro de vida?', '["To allow changes at any time", "To ensure all terms are in the policy and application", "To reduce premiums", "To eliminate the beneficiary"]', '["Permitir cambios en cualquier momento", "Asegurar que todos los términos estén en la póliza y la solicitud", "Reducir las primas", "Eliminar al beneficiario"]', 1, 'The entire contract provision ensures that the policy and attached application constitute the complete agreement between the insurer and policyholder.', 'La disposición del contrato completo asegura que la póliza y la solicitud adjunta constituyan el acuerdo completo entre el asegurador y el titular de la póliza.', true, '2026-01-14 23:06:37.483937', '2026-01-14 23:06:37.483937') ON CONFLICT (id) DO NOTHING;
INSERT INTO questions (id, category, topic, question_text_en, question_text_es, options_en, options_es, correct_answer, explanation_en, explanation_es, is_active, created_at, updated_at) VALUES ('548a3a54-abe8-418a-a00e-98c1910707e4', 'life_insurance', NULL, 'What is the tax treatment of policy loans?', '¿Cuál es el tratamiento fiscal de los préstamos de póliza?', '["Policy loans are not taxable if the policy remains in force", "Fully taxable", "Partially taxable", "Subject to capital gains tax"]', '["Los préstamos de póliza no son gravables si la póliza permanece en vigor", "Totalmente gravables", "Parcialmente gravables", "Sujetos a impuesto de ganancias de capital"]', 0, 'Policy loans are not considered taxable income as long as the policy remains in force.', 'Los préstamos de póliza no se consideran ingreso gravable mientras la póliza permanezca en vigor.', true, '2026-01-14 22:54:57.476911', '2026-01-14 22:54:57.476911') ON CONFLICT (id) DO NOTHING;
INSERT INTO questions (id, category, topic, question_text_en, question_text_es, options_en, options_es, correct_answer, explanation_en, explanation_es, is_active, created_at, updated_at) VALUES ('55d4b07c-e475-469f-95d2-3bce2c964f37', 'life_insurance', NULL, 'What is decreasing term life insurance?', '¿Qué es el seguro de vida a término decreciente?', '["Term insurance where the death benefit decreases over time", "Increasing coverage", "Level coverage", "Permanent coverage"]', '["Seguro a término donde el beneficio por muerte disminuye con el tiempo", "Cobertura creciente", "Cobertura nivelada", "Cobertura permanente"]', 0, 'Decreasing term has a death benefit that declines, often used to cover a decreasing debt like a mortgage.', 'El término decreciente tiene un beneficio por muerte que disminuye, a menudo usado para cubrir una deuda decreciente como una hipoteca.', true, '2026-01-14 22:54:57.265608', '2026-01-14 22:54:57.265608') ON CONFLICT (id) DO NOTHING;
INSERT INTO questions (id, category, topic, question_text_en, question_text_es, options_en, options_es, correct_answer, explanation_en, explanation_es, is_active, created_at, updated_at) VALUES ('597848be-a4f0-4a6a-997a-6d130d624487', 'life_insurance', NULL, 'What is the death benefit guarantee in a variable annuity?', '¿Qué es la garantía de beneficio por muerte en una anualidad variable?', '["Guarantees beneficiaries receive at least the amount invested if the annuitant dies during accumulation", "No guarantee", "Full market value only", "Double the investment"]', '["Garantiza que los beneficiarios reciban al menos el monto invertido si el beneficiario fallece durante la acumulación", "Sin garantía", "Solo valor de mercado completo", "El doble de la inversión"]', 0, 'The death benefit guarantee ensures beneficiaries receive at least the principal invested, regardless of market performance.', 'La garantía de beneficio por muerte asegura que los beneficiarios reciban al menos el capital invertido, independientemente del rendimiento del mercado.', true, '2026-01-14 23:01:15.772164', '2026-01-14 23:01:15.772164') ON CONFLICT (id) DO NOTHING;
INSERT INTO questions (id, category, topic, question_text_en, question_text_es, options_en, options_es, correct_answer, explanation_en, explanation_es, is_active, created_at, updated_at) VALUES ('59d144a6-acc7-4f67-b9b1-ff2590c23dd2', 'life_insurance', NULL, 'What is universal life insurance?', '¿Qué es el seguro de vida universal?', '["Permanent life insurance with flexible premiums and death benefits", "Term life insurance", "Whole life insurance", "Group life insurance"]', '["Seguro de vida permanente con primas y beneficios por muerte flexibles", "Seguro de vida temporal", "Seguro de vida entera", "Seguro de vida grupal"]', 0, 'Universal life is a type of permanent life insurance offering flexibility in premium payments and death benefit amounts.', 'El seguro de vida universal es un tipo de seguro de vida permanente que ofrece flexibilidad en pagos de primas y montos de beneficio por muerte.', true, '2026-01-14 18:28:35.63997', '2026-01-14 18:28:35.63997') ON CONFLICT (id) DO NOTHING;
INSERT INTO questions (id, category, topic, question_text_en, question_text_es, options_en, options_es, correct_answer, explanation_en, explanation_es, is_active, created_at, updated_at) VALUES ('5a5e1954-50ce-468b-8110-cab1e24858c8', 'life_insurance', NULL, 'What is a Modified Endowment Contract (MEC) in life insurance?', '¿Qué es un Contrato de Dotación Modificado (MEC) en seguros de vida?', '["A policy with reduced benefits", "A policy that fails the 7-pay test and has different tax treatment", "A term life policy", "A policy without cash value"]', '["Una póliza con beneficios reducidos", "Una póliza que no pasa la prueba de 7 pagos y tiene un tratamiento fiscal diferente", "Una póliza de vida a término", "Una póliza sin valor en efectivo"]', 1, 'A MEC is a life insurance policy that is funded too quickly (fails the 7-pay test) and receives less favorable tax treatment on distributions.', 'Un MEC es una póliza de seguro de vida que se financia demasiado rápido (no pasa la prueba de 7 pagos) y recibe un tratamiento fiscal menos favorable en las distribuciones.', true, '2026-01-14 23:06:37.478538', '2026-01-14 23:06:37.478538') ON CONFLICT (id) DO NOTHING;
INSERT INTO questions (id, category, topic, question_text_en, question_text_es, options_en, options_es, correct_answer, explanation_en, explanation_es, is_active, created_at, updated_at) VALUES ('5a74d8aa-309d-4e46-84c9-f94a1b363213', 'life_insurance', NULL, 'What is key person life insurance?', '¿Qué es el seguro de vida de persona clave?', '["Insurance on a key employee to protect the business from financial loss upon their death", "Personal insurance", "Health insurance", "Property insurance"]', '["Seguro sobre un empleado clave para proteger al negocio de pérdida financiera al fallecer", "Seguro personal", "Seguro de salud", "Seguro de propiedad"]', 0, 'Key person insurance protects a business from financial loss if a key employee dies.', 'El seguro de persona clave protege a un negocio de pérdida financiera si un empleado clave fallece.', true, '2026-01-14 22:54:57.484807', '2026-01-14 22:54:57.484807') ON CONFLICT (id) DO NOTHING;
INSERT INTO questions (id, category, topic, question_text_en, question_text_es, options_en, options_es, correct_answer, explanation_en, explanation_es, is_active, created_at, updated_at) VALUES ('5cfc5310-2ab6-4f45-8154-abcb861da599', 'life_insurance', NULL, 'What is an equity-indexed annuity?', '¿Qué es una anualidad indexada a la renta variable?', '["A fixed annuity with no market participation", "An annuity with returns linked to a market index with downside protection", "A variable annuity", "A term annuity"]', '["Una anualidad fija sin participación en el mercado", "Una anualidad con rendimientos vinculados a un índice de mercado con protección contra pérdidas", "Una anualidad variable", "Una anualidad a término"]', 1, 'An equity-indexed annuity provides returns based on a market index while protecting against market losses with a minimum guaranteed rate.', 'Una anualidad indexada a la renta variable proporciona rendimientos basados en un índice de mercado mientras protege contra pérdidas del mercado con una tasa mínima garantizada.', true, '2026-01-14 23:06:37.592111', '2026-01-14 23:06:37.592111') ON CONFLICT (id) DO NOTHING;
INSERT INTO questions (id, category, topic, question_text_en, question_text_es, options_en, options_es, correct_answer, explanation_en, explanation_es, is_active, created_at, updated_at) VALUES ('5f27403c-d92d-4bf5-b282-4158f189a57c', 'life_insurance', NULL, 'What is a policy surrender?', '¿Qué es un rescate de póliza?', '["Canceling a policy and receiving the cash surrender value", "Renewing a policy", "Changing beneficiaries", "Adding riders"]', '["Cancelar una póliza y recibir el valor de rescate en efectivo", "Renovar una póliza", "Cambiar beneficiarios", "Agregar anexos"]', 0, 'Surrendering a policy means terminating it and receiving the accumulated cash value minus any surrender charges.', 'Rescatar una póliza significa terminarla y recibir el valor en efectivo acumulado menos cualquier cargo por rescate.', true, '2026-01-14 22:54:57.421265', '2026-01-14 22:54:57.421265') ON CONFLICT (id) DO NOTHING;
INSERT INTO questions (id, category, topic, question_text_en, question_text_es, options_en, options_es, correct_answer, explanation_en, explanation_es, is_active, created_at, updated_at) VALUES ('5fc8a15d-cdcb-437c-a061-9398d25379f8', 'life_insurance', NULL, 'What is the transfer for value rule?', '¿Qué es la regla de transferencia por valor?', '["If a policy is sold for value, death benefits may become taxable", "Benefits are always tax-free", "Premium payments are taxed", "No tax implications"]', '["Si una póliza se vende por valor, los beneficios por muerte pueden volverse gravables", "Los beneficios siempre son libres de impuestos", "Los pagos de primas son gravados", "Sin implicaciones fiscales"]', 0, 'Under the transfer for value rule, if a policy is sold, death benefits above the buyer''s cost may be taxable.', 'Bajo la regla de transferencia por valor, si una póliza se vende, los beneficios por muerte por encima del costo del comprador pueden ser gravables.', true, '2026-01-14 23:01:15.746773', '2026-01-14 23:01:15.746773') ON CONFLICT (id) DO NOTHING;
INSERT INTO questions (id, category, topic, question_text_en, question_text_es, options_en, options_es, correct_answer, explanation_en, explanation_es, is_active, created_at, updated_at) VALUES ('60c44516-a9ab-45c7-8409-e808e6ff558b', 'life_insurance', NULL, 'What is the main difference between term life and whole life insurance?', '¿Cuál es la diferencia principal entre el seguro de vida a plazo y el seguro de vida entera?', '["Term life is more expensive", "Term life provides coverage for a specific period, while whole life provides lifetime coverage with cash value", "Whole life has no death benefit", "There is no difference"]', '["El seguro a plazo es más caro", "El seguro a plazo proporciona cobertura por un período específico, mientras que el seguro de vida entera proporciona cobertura de por vida con valor en efectivo", "El seguro de vida entera no tiene beneficio por fallecimiento", "No hay diferencia"]', 1, 'Term life insurance provides coverage for a set period (10, 20, or 30 years), while whole life insurance provides lifetime coverage and builds cash value over time.', 'El seguro de vida a plazo proporciona cobertura por un período determinado (10, 20 o 30 años), mientras que el seguro de vida entera proporciona cobertura de por vida y acumula valor en efectivo con el tiempo.', true, '2026-01-14 16:50:01.900231', '2026-01-14 16:50:01.900231') ON CONFLICT (id) DO NOTHING;
INSERT INTO questions (id, category, topic, question_text_en, question_text_es, options_en, options_es, correct_answer, explanation_en, explanation_es, is_active, created_at, updated_at) VALUES ('6297f28d-acd6-4cd8-bb72-0801c9912275', 'life_insurance', NULL, 'What is a joint life insurance policy?', '¿Qué es una póliza de seguro de vida conjunta?', '["A policy on one person", "A policy that covers two or more people under one contract", "A term policy only", "A group policy"]', '["Una póliza sobre una persona", "Una póliza que cubre a dos o más personas bajo un contrato", "Solo una póliza a término", "Una póliza grupal"]', 1, 'A joint life insurance policy covers two or more people under a single policy and may pay upon the first or second death.', 'Una póliza de seguro de vida conjunta cubre a dos o más personas bajo una sola póliza y puede pagar al primer o segundo fallecimiento.', true, '2026-01-14 23:06:37.56981', '2026-01-14 23:06:37.56981') ON CONFLICT (id) DO NOTHING;
INSERT INTO questions (id, category, topic, question_text_en, question_text_es, options_en, options_es, correct_answer, explanation_en, explanation_es, is_active, created_at, updated_at) VALUES ('638943d3-21b2-41b7-bdce-b384e04a4000', 'life_insurance', NULL, 'What is insurable interest in life insurance?', '¿Qué es el interés asegurable en el seguro de vida?', '["A financial stake in the continued life of the insured", "Interest earned on premiums", "The cash value", "The death benefit"]', '["Una participación financiera en la vida continuada del asegurado", "Interés ganado sobre primas", "El valor en efectivo", "El beneficio por muerte"]', 0, 'Insurable interest means the policy owner must have a financial or emotional stake in the insured''s continued life.', 'El interés asegurable significa que el propietario de la póliza debe tener una participación financiera o emocional en la vida continuada del asegurado.', true, '2026-01-14 22:54:57.382459', '2026-01-14 22:54:57.382459') ON CONFLICT (id) DO NOTHING;
INSERT INTO questions (id, category, topic, question_text_en, question_text_es, options_en, options_es, correct_answer, explanation_en, explanation_es, is_active, created_at, updated_at) VALUES ('651a3933-2bed-4afb-8ad1-1de261d58af5', 'life_insurance', NULL, 'What is a deferred annuity?', '¿Qué es una anualidad diferida?', '["An annuity that pays immediately", "An annuity where payouts begin at a future date", "A term annuity", "An annuity with no cash value"]', '["Una anualidad que paga inmediatamente", "Una anualidad donde los pagos comienzan en una fecha futura", "Una anualidad a término", "Una anualidad sin valor en efectivo"]', 1, 'A deferred annuity postpones the payout phase to a future date, allowing funds to accumulate during the accumulation period.', 'Una anualidad diferida pospone la fase de pago a una fecha futura, permitiendo que los fondos se acumulen durante el período de acumulación.', true, '2026-01-14 23:06:37.630809', '2026-01-14 23:06:37.630809') ON CONFLICT (id) DO NOTHING;
INSERT INTO questions (id, category, topic, question_text_en, question_text_es, options_en, options_es, correct_answer, explanation_en, explanation_es, is_active, created_at, updated_at) VALUES ('6583d687-c3c5-4755-be0d-01effd77c0b4', 'life_insurance', NULL, 'What is a flexible premium annuity?', '¿Qué es una anualidad de prima flexible?', '["An annuity that allows varying premium payments over time", "Fixed premium amounts", "Single premium only", "No premiums"]', '["Una anualidad que permite pagos de prima variables con el tiempo", "Montos de prima fijos", "Solo prima única", "Sin primas"]', 0, 'Flexible premium annuities allow the owner to make varying premium payments over time.', 'Las anualidades de prima flexible permiten al propietario hacer pagos de prima variables con el tiempo.', true, '2026-01-14 22:54:57.442671', '2026-01-14 22:54:57.442671') ON CONFLICT (id) DO NOTHING;
INSERT INTO questions (id, category, topic, question_text_en, question_text_es, options_en, options_es, correct_answer, explanation_en, explanation_es, is_active, created_at, updated_at) VALUES ('68c94851-5587-49a5-9111-658e3886014a', 'life_insurance', NULL, 'What is a premium in life insurance?', '¿Qué es una prima en el seguro de vida?', '["The payment made to keep the policy in force", "The death benefit", "The cash value", "The beneficiary amount"]', '["El pago hecho para mantener la póliza en vigor", "El beneficio por muerte", "El valor en efectivo", "El monto del beneficiario"]', 0, 'A premium is the periodic payment made to the insurance company to maintain coverage.', 'Una prima es el pago periódico hecho a la compañía de seguros para mantener la cobertura.', true, '2026-01-14 22:54:57.258075', '2026-01-14 22:54:57.258075') ON CONFLICT (id) DO NOTHING;
INSERT INTO questions (id, category, topic, question_text_en, question_text_es, options_en, options_es, correct_answer, explanation_en, explanation_es, is_active, created_at, updated_at) VALUES ('6b2142db-f297-4ced-814f-ae2d3a3e9f01', 'life_insurance', NULL, 'What is industrial life insurance?', '¿Qué es el seguro de vida industrial?', '["Small face amount policies with premiums collected weekly at the home", "Large policies", "Group insurance", "Variable insurance"]', '["Pólizas de monto nominal pequeño con primas cobradas semanalmente en el hogar", "Pólizas grandes", "Seguro grupal", "Seguro variable"]', 0, 'Industrial (debit) life insurance has small face amounts with premiums collected weekly at the policyholder''s home.', 'El seguro de vida industrial (débito) tiene montos nominales pequeños con primas cobradas semanalmente en el hogar del asegurado.', true, '2026-01-14 23:01:15.68995', '2026-01-14 23:01:15.68995') ON CONFLICT (id) DO NOTHING;
INSERT INTO questions (id, category, topic, question_text_en, question_text_es, options_en, options_es, correct_answer, explanation_en, explanation_es, is_active, created_at, updated_at) VALUES ('6b426efa-dd43-49b9-a268-49717025648f', 'life_insurance', NULL, 'What is a term conversion rider?', '¿Qué es un anexo de conversión a término?', '["Allows converting term insurance to permanent insurance without proof of insurability", "Only permanent to term", "No conversion allowed", "Requires medical exam"]', '["Permite convertir seguro a término a seguro permanente sin prueba de asegurabilidad", "Solo permanente a término", "No se permite conversión", "Requiere examen médico"]', 0, 'The term conversion rider allows converting a term policy to permanent coverage without medical underwriting.', 'El anexo de conversión a término permite convertir una póliza a término a cobertura permanente sin suscripción médica.', true, '2026-01-14 23:01:15.626252', '2026-01-14 23:01:15.626252') ON CONFLICT (id) DO NOTHING;
INSERT INTO questions (id, category, topic, question_text_en, question_text_es, options_en, options_es, correct_answer, explanation_en, explanation_es, is_active, created_at, updated_at) VALUES ('6d8c9833-425e-4c51-b331-a2f21ed14fb8', 'life_insurance', NULL, 'What is the purpose of the automatic premium loan provision?', '¿Cuál es el propósito de la disposición de préstamo automático de prima?', '["To cancel the policy", "To prevent lapse by using cash value to pay overdue premiums", "To increase the death benefit", "To pay dividends"]', '["Cancelar la póliza", "Prevenir el vencimiento usando el valor en efectivo para pagar primas vencidas", "Aumentar el beneficio por muerte", "Pagar dividendos"]', 1, 'The automatic premium loan provision prevents policy lapse by automatically using the cash value to pay any unpaid premiums.', 'La disposición de préstamo automático de prima previene el vencimiento de la póliza utilizando automáticamente el valor en efectivo para pagar cualquier prima no pagada.', true, '2026-01-14 23:06:37.556438', '2026-01-14 23:06:37.556438') ON CONFLICT (id) DO NOTHING;
INSERT INTO questions (id, category, topic, question_text_en, question_text_es, options_en, options_es, correct_answer, explanation_en, explanation_es, is_active, created_at, updated_at) VALUES ('6ddb95af-d4d9-4b68-b445-5d0323fbfec2', 'life_insurance', NULL, 'What is a graded death benefit?', '¿Qué es un beneficio por muerte graduado?', '["A death benefit that increases over time, often used in guaranteed issue policies", "Full benefit immediately", "Decreasing benefit", "No death benefit"]', '["Un beneficio por muerte que aumenta con el tiempo, a menudo usado en pólizas de emisión garantizada", "Beneficio completo inmediatamente", "Beneficio decreciente", "Sin beneficio por muerte"]', 0, 'Graded death benefits start low and increase over the first few years, common in guaranteed issue products.', 'Los beneficios por muerte graduados comienzan bajos y aumentan durante los primeros años, común en productos de emisión garantizada.', true, '2026-01-14 23:01:15.675216', '2026-01-14 23:01:15.675216') ON CONFLICT (id) DO NOTHING;
INSERT INTO questions (id, category, topic, question_text_en, question_text_es, options_en, options_es, correct_answer, explanation_en, explanation_es, is_active, created_at, updated_at) VALUES ('6e503837-2960-4c80-8bfb-6c4a4c0e3770', 'life_insurance', NULL, 'What is the purpose of the life insurance policy''s assignment provision?', '¿Cuál es el propósito de la disposición de cesión de la póliza de seguro de vida?', '["To prevent policy transfer", "To allow the policyholder to transfer ownership rights to another party", "To cancel the policy", "To reduce premiums"]', '["Prevenir la transferencia de la póliza", "Permitir que el titular de la póliza transfiera los derechos de propiedad a otra parte", "Cancelar la póliza", "Reducir las primas"]', 1, 'The assignment provision allows the policyholder to transfer ownership or rights in the policy to another party, such as for collateral.', 'La disposición de cesión permite al titular de la póliza transferir la propiedad o los derechos de la póliza a otra parte, como para garantía.', true, '2026-01-14 23:06:37.625278', '2026-01-14 23:06:37.625278') ON CONFLICT (id) DO NOTHING;
INSERT INTO questions (id, category, topic, question_text_en, question_text_es, options_en, options_es, correct_answer, explanation_en, explanation_es, is_active, created_at, updated_at) VALUES ('6effe423-e39f-4d31-8e1a-8c3508d0f9cf', 'life_insurance', NULL, 'What is an unfair trade practice in insurance?', '¿Qué es una práctica comercial injusta en seguros?', '["Any deceptive or dishonest practice that violates insurance laws", "Offering discounts", "Selling multiple policies", "Providing good service"]', '["Cualquier práctica engañosa o deshonesta que viole las leyes de seguros", "Ofrecer descuentos", "Vender múltiples pólizas", "Proporcionar buen servicio"]', 0, 'Unfair trade practices include misrepresentation, twisting, rebating, and other deceptive activities.', 'Las prácticas comerciales injustas incluyen tergiversación, twisting, rebating y otras actividades engañosas.', true, '2026-01-14 22:54:57.214785', '2026-01-14 22:54:57.214785') ON CONFLICT (id) DO NOTHING;
INSERT INTO questions (id, category, topic, question_text_en, question_text_es, options_en, options_es, correct_answer, explanation_en, explanation_es, is_active, created_at, updated_at) VALUES ('6f1fa4f8-7748-42fe-891c-cbcb5ad3408e', 'life_insurance', NULL, 'What is the war exclusion?', '¿Qué es la exclusión de guerra?', '["Excludes death benefits for death caused by war or military action", "Covers war deaths", "Increases war coverage", "No war clause exists"]', '["Excluye beneficios por muerte por muerte causada por guerra o acción militar", "Cubre muertes de guerra", "Aumenta cobertura de guerra", "No existe cláusula de guerra"]', 0, 'The war exclusion excludes coverage for deaths resulting from war or acts of war.', 'La exclusión de guerra excluye cobertura por muertes resultantes de guerra o actos de guerra.', true, '2026-01-14 23:01:15.592158', '2026-01-14 23:01:15.592158') ON CONFLICT (id) DO NOTHING;
INSERT INTO questions (id, category, topic, question_text_en, question_text_es, options_en, options_es, correct_answer, explanation_en, explanation_es, is_active, created_at, updated_at) VALUES ('7078b814-11de-446b-aac4-69a3b47960a1', 'life_insurance', NULL, 'Under Texas law, how long does a life insurance company have to pay a death claim after receiving proof of loss?', 'Según la ley de Texas, ¿cuánto tiempo tiene una compañía de seguros de vida para pagar un reclamo por muerte después de recibir la prueba de pérdida?', '["15 days", "30 days", "60 days", "90 days"]', '["15 días", "30 días", "60 días", "90 días"]', 2, 'Texas law requires life insurance companies to pay death claims within 60 days after receiving satisfactory proof of loss.', 'La ley de Texas requiere que las compañías de seguros de vida paguen los reclamos por muerte dentro de los 60 días posteriores a recibir la prueba de pérdida satisfactoria.', true, '2026-01-14 23:06:37.513147', '2026-01-14 23:06:37.513147') ON CONFLICT (id) DO NOTHING;
INSERT INTO questions (id, category, topic, question_text_en, question_text_es, options_en, options_es, correct_answer, explanation_en, explanation_es, is_active, created_at, updated_at) VALUES ('70e0487d-ca65-45af-9e4c-c7d53d196ab2', 'life_insurance', NULL, 'What is the conversion privilege in group life insurance?', '¿Qué es el privilegio de conversión en el seguro de vida grupal?', '["The right to convert group coverage to an individual policy without proof of insurability", "Increasing group coverage", "Changing beneficiaries", "Canceling coverage"]', '["El derecho de convertir cobertura grupal a una póliza individual sin prueba de asegurabilidad", "Aumentar cobertura grupal", "Cambiar beneficiarios", "Cancelar cobertura"]', 0, 'Conversion privilege allows employees leaving a group to obtain individual coverage without medical underwriting.', 'El privilegio de conversión permite a los empleados que dejan un grupo obtener cobertura individual sin suscripción médica.', true, '2026-01-14 22:54:57.468895', '2026-01-14 22:54:57.468895') ON CONFLICT (id) DO NOTHING;
INSERT INTO questions (id, category, topic, question_text_en, question_text_es, options_en, options_es, correct_answer, explanation_en, explanation_es, is_active, created_at, updated_at) VALUES ('7114d777-10c6-42b0-9d5d-4168eaaff30e', 'life_insurance', NULL, 'What is the minimum age to obtain a Texas life insurance license?', '¿Cuál es la edad mínima para obtener una licencia de seguro de vida de Texas?', '["18 years old", "21 years old", "16 years old", "25 years old"]', '["18 años", "21 años", "16 años", "25 años"]', 0, 'Applicants must be at least 18 years old to obtain a Texas insurance license.', 'Los solicitantes deben tener al menos 18 años para obtener una licencia de seguros de Texas.', true, '2026-01-14 22:54:57.198624', '2026-01-14 22:54:57.198624') ON CONFLICT (id) DO NOTHING;
INSERT INTO questions (id, category, topic, question_text_en, question_text_es, options_en, options_es, correct_answer, explanation_en, explanation_es, is_active, created_at, updated_at) VALUES ('72ad4098-a339-4502-974f-e52d5f778e84', 'life_insurance', NULL, 'What is the surrender charge in an annuity?', '¿Qué es el cargo por rescate en una anualidad?', '["A fee charged for early withdrawal from the annuity", "A premium payment", "An interest payment", "A death benefit"]', '["Una tarifa cobrada por retiro anticipado de la anualidad", "Un pago de prima", "Un pago de interés", "Un beneficio por muerte"]', 0, 'Surrender charges are fees deducted if you withdraw from or surrender an annuity during the surrender period.', 'Los cargos por rescate son tarifas deducidas si se retira o rescata una anualidad durante el período de rescate.', true, '2026-01-14 23:01:15.768515', '2026-01-14 23:01:15.768515') ON CONFLICT (id) DO NOTHING;
INSERT INTO questions (id, category, topic, question_text_en, question_text_es, options_en, options_es, correct_answer, explanation_en, explanation_es, is_active, created_at, updated_at) VALUES ('72c7634f-8a90-4959-af60-4f6af984723b', 'life_insurance', NULL, 'What is the minimum grace period for life insurance premiums in Texas?', '¿Cuál es el período de gracia mínimo para las primas de seguro de vida en Texas?', '["7 days", "15 days", "30 days", "60 days"]', '["7 días", "15 días", "30 días", "60 días"]', 2, 'Texas requires a minimum 30-day grace period for life insurance premium payments after the due date.', 'Texas requiere un período de gracia mínimo de 30 días para los pagos de primas de seguro de vida después de la fecha de vencimiento.', true, '2026-01-14 23:06:37.6223', '2026-01-14 23:06:37.6223') ON CONFLICT (id) DO NOTHING;
INSERT INTO questions (id, category, topic, question_text_en, question_text_es, options_en, options_es, correct_answer, explanation_en, explanation_es, is_active, created_at, updated_at) VALUES ('7450d9cf-3275-471e-bccc-7d50cd7ec48f', 'life_insurance', NULL, 'What is the incontestability clause?', '¿Qué es la cláusula de incontestabilidad?', '["After the contestability period, the insurer cannot deny claims based on misstatements in the application", "The insurer can always contest", "No claims can be denied", "The policy automatically renews"]', '["Después del período de contestabilidad, el asegurador no puede negar reclamos basados en declaraciones falsas en la solicitud", "El asegurador siempre puede contestar", "No se pueden negar reclamos", "La póliza se renueva automáticamente"]', 0, 'Once the contestability period expires, the insurer cannot void the policy for misrepresentation except for fraud.', 'Una vez que expira el período de contestabilidad, el asegurador no puede anular la póliza por tergiversación excepto por fraude.', true, '2026-01-14 22:54:57.309784', '2026-01-14 22:54:57.309784') ON CONFLICT (id) DO NOTHING;
INSERT INTO questions (id, category, topic, question_text_en, question_text_es, options_en, options_es, correct_answer, explanation_en, explanation_es, is_active, created_at, updated_at) VALUES ('770b5bf8-5cf8-4ed4-8581-a2a020062966', 'life_insurance', NULL, 'In Texas, what is a viatical settlement?', 'En Texas, ¿qué es un acuerdo viático?', '["A loan against the policy", "Sale of a life insurance policy by a terminally ill person", "A type of annuity", "A dividend option"]', '["Un préstamo contra la póliza", "Venta de una póliza de seguro de vida por una persona con enfermedad terminal", "Un tipo de anualidad", "Una opción de dividendos"]', 1, 'A viatical settlement is the sale of a life insurance policy by a terminally ill insured to a third party for less than the death benefit.', 'Un acuerdo viático es la venta de una póliza de seguro de vida por un asegurado con enfermedad terminal a un tercero por menos del beneficio por muerte.', true, '2026-01-14 23:06:37.453696', '2026-01-14 23:06:37.453696') ON CONFLICT (id) DO NOTHING;
INSERT INTO questions (id, category, topic, question_text_en, question_text_es, options_en, options_es, correct_answer, explanation_en, explanation_es, is_active, created_at, updated_at) VALUES ('78eecaf6-975b-42f4-acab-d8d953a4a036', 'life_insurance', NULL, 'What is replacement in life insurance?', '¿Qué es el reemplazo en seguro de vida?', '["Using the values of an existing policy to purchase a new policy", "Buying additional coverage", "Canceling a policy", "Changing beneficiaries"]', '["Usar los valores de una póliza existente para comprar una nueva póliza", "Comprar cobertura adicional", "Cancelar una póliza", "Cambiar beneficiarios"]', 0, 'Replacement occurs when a new policy is purchased and an existing policy is surrendered, lapsed, or changed.', 'El reemplazo ocurre cuando se compra una nueva póliza y una póliza existente se rescata, caduca o cambia.', true, '2026-01-14 22:54:57.208666', '2026-01-14 22:54:57.208666') ON CONFLICT (id) DO NOTHING;
INSERT INTO questions (id, category, topic, question_text_en, question_text_es, options_en, options_es, correct_answer, explanation_en, explanation_es, is_active, created_at, updated_at) VALUES ('7ab0f7a0-4bbc-4a99-b556-1a23087439ed', 'life_insurance', NULL, 'What is the three-year rule for life insurance and estate taxes?', '¿Qué es la regla de tres años para seguro de vida e impuestos patrimoniales?', '["Policies transferred within 3 years of death may be included in the estate", "No time limit", "1-year rule", "5-year rule"]', '["Las pólizas transferidas dentro de 3 años de la muerte pueden incluirse en el patrimonio", "Sin límite de tiempo", "Regla de 1 año", "Regla de 5 años"]', 0, 'If a policy is transferred to an ILIT within 3 years of death, it may still be included in the taxable estate.', 'Si una póliza se transfiere a un ILIT dentro de 3 años de la muerte, aún puede incluirse en el patrimonio gravable.', true, '2026-01-14 23:01:15.753837', '2026-01-14 23:01:15.753837') ON CONFLICT (id) DO NOTHING;
INSERT INTO questions (id, category, topic, question_text_en, question_text_es, options_en, options_es, correct_answer, explanation_en, explanation_es, is_active, created_at, updated_at) VALUES ('7d5742bb-b07f-42b7-b4df-ab9bfdec43ff', 'life_insurance', NULL, 'What is the difference between current assumption whole life and traditional whole life?', '¿Cuál es la diferencia entre vida entera de suposición actual y vida entera tradicional?', '["No difference", "Current assumption has non-guaranteed elements that can change", "Traditional has variable investments", "Current assumption has no cash value"]', '["Sin diferencia", "La suposición actual tiene elementos no garantizados que pueden cambiar", "La tradicional tiene inversiones variables", "La suposición actual no tiene valor en efectivo"]', 1, 'Current assumption whole life has non-guaranteed elements like interest rates and mortality charges that can be adjusted by the insurer.', 'La vida entera de suposición actual tiene elementos no garantizados como tasas de interés y cargos de mortalidad que pueden ser ajustados por el asegurador.', true, '2026-01-14 23:06:37.578126', '2026-01-14 23:06:37.578126') ON CONFLICT (id) DO NOTHING;
INSERT INTO questions (id, category, topic, question_text_en, question_text_es, options_en, options_es, correct_answer, explanation_en, explanation_es, is_active, created_at, updated_at) VALUES ('7dea9d75-9f8c-4d87-a268-0fac5b86faa7', 'life_insurance', NULL, 'What is survivorship (second-to-die) life insurance?', '¿Qué es el seguro de vida de supervivencia (segundo en morir)?', '["A policy that pays the death benefit when the second of two insureds dies", "Pays on first death", "Individual policy", "Term insurance"]', '["Una póliza que paga el beneficio por muerte cuando el segundo de dos asegurados fallece", "Paga en la primera muerte", "Póliza individual", "Seguro a término"]', 0, 'Survivorship insurance covers two lives but pays the death benefit only after both insureds have died.', 'El seguro de supervivencia cubre dos vidas pero paga el beneficio por muerte solo después de que ambos asegurados hayan fallecido.', true, '2026-01-14 23:01:15.656762', '2026-01-14 23:01:15.656762') ON CONFLICT (id) DO NOTHING;
INSERT INTO questions (id, category, topic, question_text_en, question_text_es, options_en, options_es, correct_answer, explanation_en, explanation_es, is_active, created_at, updated_at) VALUES ('820541c3-27fc-469b-bf35-581430064da1', 'life_insurance', NULL, 'What is the human life value approach?', '¿Qué es el enfoque de valor de vida humana?', '["Calculating insurance needs based on the present value of future earnings", "Based on debts only", "Arbitrary amounts", "Based on age only"]', '["Calcular necesidades de seguro basándose en el valor presente de ingresos futuros", "Basado solo en deudas", "Montos arbitrarios", "Basado solo en edad"]', 0, 'The human life value approach determines insurance needs by calculating the present value of expected future income.', 'El enfoque de valor de vida humana determina las necesidades de seguro calculando el valor presente del ingreso futuro esperado.', true, '2026-01-14 23:01:15.722356', '2026-01-14 23:01:15.722356') ON CONFLICT (id) DO NOTHING;
INSERT INTO questions (id, category, topic, question_text_en, question_text_es, options_en, options_es, correct_answer, explanation_en, explanation_es, is_active, created_at, updated_at) VALUES ('82648de4-2c37-4472-9f7d-5fb01a049a9c', 'life_insurance', NULL, 'Is cash value growth in a life insurance policy taxable?', '¿Es gravable el crecimiento del valor en efectivo en una póliza de seguro de vida?', '["No, cash value grows tax-deferred", "Yes, taxed annually", "Taxed monthly", "Taxed at withdrawal only"]', '["No, el valor en efectivo crece con impuestos diferidos", "Sí, gravado anualmente", "Gravado mensualmente", "Gravado solo al retiro"]', 0, 'Cash value in a life insurance policy grows on a tax-deferred basis until withdrawn.', 'El valor en efectivo en una póliza de seguro de vida crece con impuestos diferidos hasta que se retira.', true, '2026-01-14 22:54:57.474237', '2026-01-14 22:54:57.474237') ON CONFLICT (id) DO NOTHING;
INSERT INTO questions (id, category, topic, question_text_en, question_text_es, options_en, options_es, correct_answer, explanation_en, explanation_es, is_active, created_at, updated_at) VALUES ('82e59fc0-39e9-4ec4-810c-7aea11b57a8c', 'life_insurance', NULL, 'What are non-forfeiture options?', '¿Qué son las opciones de no confiscación?', '["Options that allow policyholders to receive value from a policy if it lapses", "Types of riders", "Coverage limits", "Premium payment options"]', '["Opciones que permiten a los asegurados recibir valor de una póliza si caduca", "Tipos de anexos", "Límites de cobertura", "Opciones de pago de prima"]', 0, 'Non-forfeiture options allow policyholders to receive some value from their permanent life insurance policy if they stop paying premiums.', 'Las opciones de no confiscación permiten a los asegurados recibir algún valor de su póliza de seguro de vida permanente si dejan de pagar primas.', true, '2026-01-14 18:28:35.650562', '2026-01-14 18:28:35.650562') ON CONFLICT (id) DO NOTHING;
INSERT INTO questions (id, category, topic, question_text_en, question_text_es, options_en, options_es, correct_answer, explanation_en, explanation_es, is_active, created_at, updated_at) VALUES ('83233cfc-0f08-41dc-b191-87fa2f997a1d', 'life_insurance', NULL, 'What is the purpose of life insurance?', '¿Cuál es el propósito del seguro de vida?', '["To provide financial protection for beneficiaries upon death of the insured", "To pay for medical expenses", "To insure property", "To provide retirement income"]', '["Proporcionar protección financiera para beneficiarios tras la muerte del asegurado", "Pagar gastos médicos", "Asegurar propiedad", "Proporcionar ingresos de jubilación"]', 0, 'Life insurance provides a death benefit to named beneficiaries to replace income and cover expenses after the insured''s death.', 'El seguro de vida proporciona un beneficio por muerte a beneficiarios nombrados para reemplazar ingresos y cubrir gastos después de la muerte del asegurado.', true, '2026-01-14 18:28:35.633666', '2026-01-14 18:28:35.633666') ON CONFLICT (id) DO NOTHING;
INSERT INTO questions (id, category, topic, question_text_en, question_text_es, options_en, options_es, correct_answer, explanation_en, explanation_es, is_active, created_at, updated_at) VALUES ('84f64c80-529b-4dea-8c82-b435ecb1d2db', 'life_insurance', NULL, 'What is the interest only settlement option?', '¿Qué es la opción de liquidación de solo interés?', '["The insurer holds the death benefit and pays only interest to the beneficiary", "Principal paid immediately", "No interest paid", "Monthly principal payments"]', '["El asegurador retiene el beneficio por muerte y paga solo interés al beneficiario", "Capital pagado inmediatamente", "Sin interés pagado", "Pagos mensuales de capital"]', 0, 'Interest only option holds the principal and pays interest to the beneficiary; principal can be withdrawn or paid later.', 'La opción de solo interés retiene el capital y paga interés al beneficiario; el capital puede retirarse o pagarse después.', true, '2026-01-14 22:54:57.396749', '2026-01-14 22:54:57.396749') ON CONFLICT (id) DO NOTHING;
INSERT INTO questions (id, category, topic, question_text_en, question_text_es, options_en, options_es, correct_answer, explanation_en, explanation_es, is_active, created_at, updated_at) VALUES ('8517b699-5685-42c4-8fc9-0aaa57929961', 'life_insurance', NULL, 'What is a cost of living rider?', '¿Qué es un anexo de costo de vida?', '["Automatically increases coverage to keep pace with inflation", "Decreases coverage", "Fixed coverage amount", "Reduces premiums"]', '["Aumenta automáticamente la cobertura para mantener el ritmo con la inflación", "Disminuye la cobertura", "Cantidad de cobertura fija", "Reduce las primas"]', 0, 'A cost of living rider increases the death benefit periodically based on inflation or cost of living index.', 'Un anexo de costo de vida aumenta el beneficio por muerte periódicamente basándose en la inflación o índice de costo de vida.', true, '2026-01-14 22:54:57.358926', '2026-01-14 22:54:57.358926') ON CONFLICT (id) DO NOTHING;
INSERT INTO questions (id, category, topic, question_text_en, question_text_es, options_en, options_es, correct_answer, explanation_en, explanation_es, is_active, created_at, updated_at) VALUES ('864a1086-daa7-40db-bb98-a4456a428a99', 'life_insurance', NULL, 'What is modified whole life insurance?', '¿Qué es el seguro de vida entera modificado?', '["Whole life with lower premiums initially that increase after a set period", "Standard whole life", "Term insurance", "Variable life"]', '["Vida entera con primas más bajas inicialmente que aumentan después de un período establecido", "Vida entera estándar", "Seguro a término", "Vida variable"]', 0, 'Modified whole life has lower initial premiums that increase after a specified period.', 'La vida entera modificada tiene primas iniciales más bajas que aumentan después de un período especificado.', true, '2026-01-14 22:54:57.286247', '2026-01-14 22:54:57.286247') ON CONFLICT (id) DO NOTHING;
INSERT INTO questions (id, category, topic, question_text_en, question_text_es, options_en, options_es, correct_answer, explanation_en, explanation_es, is_active, created_at, updated_at) VALUES ('87c7d020-231c-464c-b7d2-c0a47cdf9d3b', 'life_insurance', NULL, 'What is a guaranteed insurability rider?', '¿Qué es un anexo de asegurabilidad garantizada?', '["A rider that reduces premiums", "A rider allowing purchase of additional coverage without evidence of insurability", "A rider that pays dividends", "A rider for accidental death"]', '["Un anexo que reduce las primas", "Un anexo que permite la compra de cobertura adicional sin evidencia de asegurabilidad", "Un anexo que paga dividendos", "Un anexo para muerte accidental"]', 1, 'A guaranteed insurability rider allows the policyholder to purchase additional coverage at specified dates without proving insurability.', 'Un anexo de asegurabilidad garantizada permite al titular de la póliza comprar cobertura adicional en fechas específicas sin probar asegurabilidad.', true, '2026-01-14 23:06:37.549108', '2026-01-14 23:06:37.549108') ON CONFLICT (id) DO NOTHING;
INSERT INTO questions (id, category, topic, question_text_en, question_text_es, options_en, options_es, correct_answer, explanation_en, explanation_es, is_active, created_at, updated_at) VALUES ('889c3394-8261-4812-ac01-0d90d0b85c3f', 'life_insurance', NULL, 'What is an annuity?', '¿Qué es una anualidad?', '["A contract that provides regular income payments, typically for retirement", "A death benefit only product", "Health insurance", "Property insurance"]', '["Un contrato que proporciona pagos de ingreso regulares, típicamente para jubilación", "Un producto solo de beneficio por muerte", "Seguro de salud", "Seguro de propiedad"]', 0, 'An annuity is a contract with an insurer that provides periodic payments, often used for retirement income.', 'Una anualidad es un contrato con un asegurador que proporciona pagos periódicos, a menudo usado para ingreso de jubilación.', true, '2026-01-14 22:54:57.424363', '2026-01-14 22:54:57.424363') ON CONFLICT (id) DO NOTHING;
INSERT INTO questions (id, category, topic, question_text_en, question_text_es, options_en, options_es, correct_answer, explanation_en, explanation_es, is_active, created_at, updated_at) VALUES ('88aba305-aa7e-405e-8d03-07d4d7279540', 'life_insurance', NULL, 'What is the purpose of a conditional receipt in life insurance?', '¿Cuál es el propósito de un recibo condicional en el seguro de vida?', '["To deny coverage", "To provide temporary coverage while the application is being processed", "To cancel the policy", "To increase premiums"]', '["Denegar cobertura", "Proporcionar cobertura temporal mientras se procesa la solicitud", "Cancelar la póliza", "Aumentar las primas"]', 1, 'A conditional receipt provides temporary coverage beginning from the date of application, subject to the applicant meeting insurability requirements.', 'Un recibo condicional proporciona cobertura temporal comenzando desde la fecha de solicitud, sujeto a que el solicitante cumpla con los requisitos de asegurabilidad.', true, '2026-01-14 23:06:37.600961', '2026-01-14 23:06:37.600961') ON CONFLICT (id) DO NOTHING;
INSERT INTO questions (id, category, topic, question_text_en, question_text_es, options_en, options_es, correct_answer, explanation_en, explanation_es, is_active, created_at, updated_at) VALUES ('897aae46-3189-48ca-8aaa-0a87d97f21a7', 'life_insurance', NULL, 'What is variable life insurance?', '¿Qué es el seguro de vida variable?', '["Life insurance where cash value is invested in securities with variable returns", "Fixed return insurance", "Term insurance", "Health insurance"]', '["Seguro de vida donde el valor en efectivo se invierte en valores con rendimientos variables", "Seguro de rendimiento fijo", "Seguro a término", "Seguro de salud"]', 0, 'Variable life allows the policyholder to invest cash value in securities, with death benefit and cash value varying based on investment performance.', 'La vida variable permite al asegurado invertir el valor en efectivo en valores, con beneficio por muerte y valor en efectivo que varían según el rendimiento de la inversión.', true, '2026-01-14 22:54:57.231324', '2026-01-14 22:54:57.231324') ON CONFLICT (id) DO NOTHING;
INSERT INTO questions (id, category, topic, question_text_en, question_text_es, options_en, options_es, correct_answer, explanation_en, explanation_es, is_active, created_at, updated_at) VALUES ('8baf7794-030e-4937-921d-7b62043fc3dc', 'life_insurance', NULL, 'Under Texas law, what is the maximum period for a life insurance policy''s suicide exclusion clause?', 'Según la ley de Texas, ¿cuál es el período máximo para la cláusula de exclusión por suicidio de una póliza de seguro de vida?', '["1 year", "2 years", "3 years", "5 years"]', '["1 año", "2 años", "3 años", "5 años"]', 1, 'Texas Insurance Code limits the suicide exclusion period to a maximum of 2 years from the policy issue date.', 'El Código de Seguros de Texas limita el período de exclusión por suicidio a un máximo de 2 años desde la fecha de emisión de la póliza.', true, '2026-01-14 23:06:37.428759', '2026-01-14 23:06:37.428759') ON CONFLICT (id) DO NOTHING;
INSERT INTO questions (id, category, topic, question_text_en, question_text_es, options_en, options_es, correct_answer, explanation_en, explanation_es, is_active, created_at, updated_at) VALUES ('8d1e2c0c-e941-4665-98e7-0e7d190dfaa0', 'life_insurance', NULL, 'What is underwriting in life insurance?', '¿Qué es la suscripción en el seguro de vida?', '["The process of evaluating risk and determining if coverage should be issued", "Selling policies", "Paying claims", "Collecting premiums"]', '["El proceso de evaluar riesgo y determinar si debe emitirse cobertura", "Vender pólizas", "Pagar reclamos", "Cobrar primas"]', 0, 'Underwriting evaluates the risk of insuring an applicant and determines premium rates or if coverage should be offered.', 'La suscripción evalúa el riesgo de asegurar a un solicitante y determina las tarifas de prima o si debe ofrecerse cobertura.', true, '2026-01-14 22:54:57.362485', '2026-01-14 22:54:57.362485') ON CONFLICT (id) DO NOTHING;
INSERT INTO questions (id, category, topic, question_text_en, question_text_es, options_en, options_es, correct_answer, explanation_en, explanation_es, is_active, created_at, updated_at) VALUES ('8e6d9757-3c76-4ea1-863f-daea5a4c5c09', 'life_insurance', NULL, 'What is a mortality table?', '¿Qué es una tabla de mortalidad?', '["A statistical chart showing death rates at each age", "A premium chart", "A coverage table", "A claims record"]', '["Un gráfico estadístico que muestra tasas de muerte a cada edad", "Un gráfico de primas", "Una tabla de cobertura", "Un registro de reclamos"]', 0, 'Mortality tables show the probability of death at each age, used to calculate life insurance premiums.', 'Las tablas de mortalidad muestran la probabilidad de muerte a cada edad, usadas para calcular primas de seguro de vida.', true, '2026-01-14 23:01:15.757353', '2026-01-14 23:01:15.757353') ON CONFLICT (id) DO NOTHING;
INSERT INTO questions (id, category, topic, question_text_en, question_text_es, options_en, options_es, correct_answer, explanation_en, explanation_es, is_active, created_at, updated_at) VALUES ('8fe0c47b-7dc1-42e9-897b-9cf66577148b', 'life_insurance', NULL, 'What is level term life insurance?', '¿Qué es el seguro de vida a término nivelado?', '["Term insurance with a death benefit that remains constant throughout the term", "Decreasing coverage", "Increasing coverage", "Variable coverage"]', '["Seguro a término con un beneficio por muerte que permanece constante durante todo el término", "Cobertura decreciente", "Cobertura creciente", "Cobertura variable"]', 0, 'Level term provides a constant death benefit and typically level premiums for the entire term.', 'El término nivelado proporciona un beneficio por muerte constante y típicamente primas niveladas durante todo el término.', true, '2026-01-14 22:54:57.261876', '2026-01-14 22:54:57.261876') ON CONFLICT (id) DO NOTHING;
INSERT INTO questions (id, category, topic, question_text_en, question_text_es, options_en, options_es, correct_answer, explanation_en, explanation_es, is_active, created_at, updated_at) VALUES ('905e8090-f19a-4561-88af-a3ff0a8478f0', 'life_insurance', NULL, 'What happens when a universal life insurance policy lapses due to insufficient cash value?', '¿Qué sucede cuando una póliza de seguro de vida universal vence debido a un valor en efectivo insuficiente?', '["The policy continues indefinitely", "Coverage terminates", "The death benefit increases", "Premiums are waived"]', '["La póliza continúa indefinidamente", "La cobertura termina", "El beneficio por muerte aumenta", "Las primas son eximidas"]', 1, 'When a universal life policy has insufficient cash value to cover the cost of insurance, the policy lapses and coverage terminates.', 'Cuando una póliza de vida universal tiene un valor en efectivo insuficiente para cubrir el costo del seguro, la póliza vence y la cobertura termina.', true, '2026-01-14 23:06:37.634319', '2026-01-14 23:06:37.634319') ON CONFLICT (id) DO NOTHING;
INSERT INTO questions (id, category, topic, question_text_en, question_text_es, options_en, options_es, correct_answer, explanation_en, explanation_es, is_active, created_at, updated_at) VALUES ('933135e4-0745-4aa1-a91a-169ee31f55e6', 'life_insurance', NULL, 'What is an annuity?', '¿Qué es una anualidad?', '["A financial product that provides regular income payments, often for retirement", "Life insurance", "Health insurance", "Property insurance"]', '["Un producto financiero que proporciona pagos de ingreso regulares, a menudo para jubilación", "Seguro de vida", "Seguro de salud", "Seguro de propiedad"]', 0, 'An annuity is a contract with an insurance company that provides regular income payments in exchange for premium payments.', 'Una anualidad es un contrato con una compañía de seguros que proporciona pagos de ingreso regulares a cambio de pagos de primas.', true, '2026-01-14 18:28:35.645443', '2026-01-14 18:28:35.645443') ON CONFLICT (id) DO NOTHING;
INSERT INTO questions (id, category, topic, question_text_en, question_text_es, options_en, options_es, correct_answer, explanation_en, explanation_es, is_active, created_at, updated_at) VALUES ('933a864a-a187-4fc5-afbc-eb9b3689fb9e', 'life_insurance', NULL, 'What is a certificate of insurance in group life?', '¿Qué es un certificado de seguro en vida grupal?', '["A document given to each group member summarizing their coverage", "The master policy", "The application", "A claim form"]', '["Un documento dado a cada miembro del grupo resumiendo su cobertura", "La póliza maestra", "La solicitud", "Un formulario de reclamo"]', 0, 'A certificate of insurance is given to each covered employee describing their coverage under the group policy.', 'Un certificado de seguro se da a cada empleado cubierto describiendo su cobertura bajo la póliza grupal.', true, '2026-01-14 22:54:57.466556', '2026-01-14 22:54:57.466556') ON CONFLICT (id) DO NOTHING;
INSERT INTO questions (id, category, topic, question_text_en, question_text_es, options_en, options_es, correct_answer, explanation_en, explanation_es, is_active, created_at, updated_at) VALUES ('961e5253-c8ec-4599-9160-f6ec9506fd36', 'life_insurance', NULL, 'What is the accumulate at interest dividend option?', '¿Qué es la opción de dividendos de acumular a interés?', '["Dividends are left with the insurer to accumulate interest", "Paid out immediately", "Used to buy insurance", "Applied to premiums"]', '["Los dividendos se dejan con el asegurador para acumular interés", "Pagados inmediatamente", "Usados para comprar seguro", "Aplicados a primas"]', 0, 'Accumulate at interest leaves dividends with the insurer where they earn interest.', 'Acumular a interés deja los dividendos con el asegurador donde ganan interés.', true, '2026-01-14 23:01:15.646376', '2026-01-14 23:01:15.646376') ON CONFLICT (id) DO NOTHING;
INSERT INTO questions (id, category, topic, question_text_en, question_text_es, options_en, options_es, correct_answer, explanation_en, explanation_es, is_active, created_at, updated_at) VALUES ('96853099-b0ce-442c-8ce6-021193ef7c43', 'life_insurance', NULL, 'What is the taxation treatment of life insurance death benefits paid to a beneficiary?', '¿Cuál es el tratamiento fiscal de los beneficios por muerte del seguro de vida pagados a un beneficiario?', '["Fully taxable as ordinary income", "Generally received income tax-free", "Taxed at capital gains rates", "Subject to 50% tax"]', '["Totalmente imponible como ingreso ordinario", "Generalmente recibido libre de impuestos sobre la renta", "Gravado a tasas de ganancias de capital", "Sujeto a impuesto del 50%"]', 1, 'Life insurance death benefits are generally received income tax-free by beneficiaries under federal tax law.', 'Los beneficios por muerte del seguro de vida generalmente se reciben libres de impuestos sobre la renta por los beneficiarios según la ley fiscal federal.', true, '2026-01-14 23:06:37.561021', '2026-01-14 23:06:37.561021') ON CONFLICT (id) DO NOTHING;
INSERT INTO questions (id, category, topic, question_text_en, question_text_es, options_en, options_es, correct_answer, explanation_en, explanation_es, is_active, created_at, updated_at) VALUES ('974ac8c7-32cb-47b9-8c65-9fbef46d4f9b', 'life_insurance', NULL, 'What is universal life insurance?', '¿Qué es el seguro de vida universal?', '["Flexible permanent insurance with adjustable premiums and death benefits", "Term insurance only", "Whole life only", "Health insurance"]', '["Seguro permanente flexible con primas y beneficios por muerte ajustables", "Solo seguro a término", "Solo vida entera", "Seguro de salud"]', 0, 'Universal life offers flexibility in premium payments and death benefits while building cash value.', 'La vida universal ofrece flexibilidad en pagos de primas y beneficios por muerte mientras acumula valor en efectivo.', true, '2026-01-14 22:54:57.227333', '2026-01-14 22:54:57.227333') ON CONFLICT (id) DO NOTHING;
INSERT INTO questions (id, category, topic, question_text_en, question_text_es, options_en, options_es, correct_answer, explanation_en, explanation_es, is_active, created_at, updated_at) VALUES ('97b9dc6e-303a-4acd-884c-d75345e3257f', 'life_insurance', NULL, 'What is the Texas Life and Health Insurance Guaranty Association?', '¿Qué es la Asociación de Garantía de Seguros de Vida y Salud de Texas?', '["An organization that protects policyholders if an insurer becomes insolvent", "A marketing organization", "A federal agency", "An insurance company"]', '["Una organización que protege a los asegurados si un asegurador se vuelve insolvente", "Una organización de marketing", "Una agencia federal", "Una compañía de seguros"]', 0, 'The Guaranty Association provides protection to policyholders if their insurance company becomes financially insolvent.', 'La Asociación de Garantía proporciona protección a los asegurados si su compañía de seguros se vuelve financieramente insolvente.', true, '2026-01-14 22:54:57.204785', '2026-01-14 22:54:57.204785') ON CONFLICT (id) DO NOTHING;
INSERT INTO questions (id, category, topic, question_text_en, question_text_es, options_en, options_es, correct_answer, explanation_en, explanation_es, is_active, created_at, updated_at) VALUES ('97d95992-7d77-4801-9523-1b9ee5833df3', 'life_insurance', NULL, 'What is a preferred risk classification?', '¿Qué es una clasificación de riesgo preferido?', '["A rating for applicants who are healthier than average and pose lower risk", "Average risk", "High risk", "Uninsurable"]', '["Una calificación para solicitantes que son más saludables que el promedio y representan menor riesgo", "Riesgo promedio", "Alto riesgo", "No asegurable"]', 0, 'Preferred risk classification is for applicants in excellent health who qualify for lower premiums.', 'La clasificación de riesgo preferido es para solicitantes en excelente salud que califican para primas más bajas.', true, '2026-01-14 22:54:57.366228', '2026-01-14 22:54:57.366228') ON CONFLICT (id) DO NOTHING;
INSERT INTO questions (id, category, topic, question_text_en, question_text_es, options_en, options_es, correct_answer, explanation_en, explanation_es, is_active, created_at, updated_at) VALUES ('981be4f1-9a4f-470f-b608-934580f78bbc', 'life_insurance', NULL, 'What is the waiver of premium rider?', '¿Qué es el anexo de exención de prima?', '["Waives premium payments if the insured becomes disabled", "Increases premiums", "Decreases death benefit", "Adds cash value"]', '["Exime los pagos de prima si el asegurado queda discapacitado", "Aumenta las primas", "Disminuye el beneficio por muerte", "Agrega valor en efectivo"]', 0, 'The waiver of premium rider pays premiums if the insured becomes totally disabled.', 'El anexo de exención de prima paga las primas si el asegurado queda totalmente discapacitado.', true, '2026-01-14 22:54:57.342427', '2026-01-14 22:54:57.342427') ON CONFLICT (id) DO NOTHING;
INSERT INTO questions (id, category, topic, question_text_en, question_text_es, options_en, options_es, correct_answer, explanation_en, explanation_es, is_active, created_at, updated_at) VALUES ('9cdc1b15-6f5d-46d4-9926-8552f1dd45d4', 'life_insurance', NULL, 'What is group life insurance?', '¿Qué es el seguro de vida grupal?', '["Life insurance covering multiple people under one master policy", "Individual policies", "Health insurance", "Property insurance"]', '["Seguro de vida que cubre múltiples personas bajo una póliza maestra", "Pólizas individuales", "Seguro de salud", "Seguro de propiedad"]', 0, 'Group life insurance provides coverage to a group of people, typically employees, under a single master policy.', 'El seguro de vida grupal proporciona cobertura a un grupo de personas, típicamente empleados, bajo una única póliza maestra.', true, '2026-01-14 22:54:57.460816', '2026-01-14 22:54:57.460816') ON CONFLICT (id) DO NOTHING;
INSERT INTO questions (id, category, topic, question_text_en, question_text_es, options_en, options_es, correct_answer, explanation_en, explanation_es, is_active, created_at, updated_at) VALUES ('9d1fcf84-d9fc-4c94-91b4-eedaffff9efa', 'life_insurance', NULL, 'What is a deferred annuity?', '¿Qué es una anualidad diferida?', '["An annuity where payments are delayed until a future date", "Immediate payments", "No accumulation period", "Term insurance"]', '["Una anualidad donde los pagos se retrasan hasta una fecha futura", "Pagos inmediatos", "Sin período de acumulación", "Seguro a término"]', 0, 'A deferred annuity delays income payments to a future date while funds accumulate tax-deferred.', 'Una anualidad diferida retrasa los pagos de ingreso a una fecha futura mientras los fondos se acumulan con impuestos diferidos.', true, '2026-01-14 22:54:57.437047', '2026-01-14 22:54:57.437047') ON CONFLICT (id) DO NOTHING;
INSERT INTO questions (id, category, topic, question_text_en, question_text_es, options_en, options_es, correct_answer, explanation_en, explanation_es, is_active, created_at, updated_at) VALUES ('9d20d823-f4bb-433f-82a6-f9eb505a14ea', 'life_insurance', NULL, 'Are life insurance death benefits generally taxable as income?', '¿Son los beneficios por muerte del seguro de vida generalmente gravables como ingresos?', '["No, death benefits are generally received income tax-free", "Yes, fully taxable", "Partially taxable", "Taxed as capital gains"]', '["No, los beneficios por muerte generalmente se reciben libres de impuestos sobre la renta", "Sí, totalmente gravables", "Parcialmente gravables", "Gravados como ganancias de capital"]', 0, 'Life insurance death benefits are generally received by beneficiaries free of federal income tax.', 'Los beneficios por muerte del seguro de vida generalmente son recibidos por los beneficiarios libres de impuestos federales sobre la renta.', true, '2026-01-14 22:54:57.471732', '2026-01-14 22:54:57.471732') ON CONFLICT (id) DO NOTHING;
INSERT INTO questions (id, category, topic, question_text_en, question_text_es, options_en, options_es, correct_answer, explanation_en, explanation_es, is_active, created_at, updated_at) VALUES ('9db39d85-23a8-4d2d-8122-791e5554a366', 'life_insurance', NULL, 'What is the needs approach to life insurance?', '¿Qué es el enfoque de necesidades para el seguro de vida?', '["Calculating coverage based on specific financial needs like debts, education, and income replacement", "Human life value only", "Minimum coverage", "Maximum coverage"]', '["Calcular cobertura basándose en necesidades financieras específicas como deudas, educación y reemplazo de ingreso", "Solo valor de vida humana", "Cobertura mínima", "Cobertura máxima"]', 0, 'The needs approach calculates coverage by adding up specific financial needs survivors would have.', 'El enfoque de necesidades calcula la cobertura sumando las necesidades financieras específicas que tendrían los sobrevivientes.', true, '2026-01-14 23:01:15.727981', '2026-01-14 23:01:15.727981') ON CONFLICT (id) DO NOTHING;
INSERT INTO questions (id, category, topic, question_text_en, question_text_es, options_en, options_es, correct_answer, explanation_en, explanation_es, is_active, created_at, updated_at) VALUES ('9e8e8166-a565-445d-9fab-f9c93ac74cba', 'life_insurance', NULL, 'What is a survivorship life insurance policy (second-to-die)?', '¿Qué es una póliza de seguro de vida de sobrevivencia (segundo en morir)?', '["Pays when the first insured dies", "Pays when the last of two or more insureds dies", "Pays immediately upon purchase", "A term policy only"]', '["Paga cuando muere el primer asegurado", "Paga cuando muere el último de dos o más asegurados", "Paga inmediatamente al comprar", "Solo una póliza a término"]', 1, 'A survivorship policy covers two or more people and pays the death benefit only after the last surviving insured dies.', 'Una póliza de sobrevivencia cubre a dos o más personas y paga el beneficio por muerte solo después de que muere el último asegurado sobreviviente.', true, '2026-01-14 23:06:37.616739', '2026-01-14 23:06:37.616739') ON CONFLICT (id) DO NOTHING;
INSERT INTO questions (id, category, topic, question_text_en, question_text_es, options_en, options_es, correct_answer, explanation_en, explanation_es, is_active, created_at, updated_at) VALUES ('a306a8a8-ff89-4404-b92a-bf7ea5733234', 'life_insurance', NULL, 'What is the payor benefit rider?', '¿Qué es el anexo de beneficio del pagador?', '["Waives premiums on a juvenile policy if the adult paying premiums dies or becomes disabled", "Increases death benefit", "Reduces coverage", "Changes beneficiary"]', '["Exime primas en una póliza juvenil si el adulto que paga las primas fallece o queda discapacitado", "Aumenta el beneficio por muerte", "Reduce la cobertura", "Cambia el beneficiario"]', 0, 'The payor benefit rider waives premiums on a child''s policy if the premium-paying adult dies or is disabled.', 'El anexo de beneficio del pagador exime las primas en la póliza de un niño si el adulto que paga las primas fallece o queda discapacitado.', true, '2026-01-14 23:01:15.602171', '2026-01-14 23:01:15.602171') ON CONFLICT (id) DO NOTHING;
INSERT INTO questions (id, category, topic, question_text_en, question_text_es, options_en, options_es, correct_answer, explanation_en, explanation_es, is_active, created_at, updated_at) VALUES ('a483d177-0bc4-4c25-8faf-4cc89c2f5912', 'life_insurance', NULL, 'What is a hazardous occupation rider?', '¿Qué es un anexo de ocupación peligrosa?', '["Modifies coverage or premium for high-risk occupations", "Provides extra coverage", "Reduces all premiums", "Cancels the policy"]', '["Modifica cobertura o prima para ocupaciones de alto riesgo", "Proporciona cobertura extra", "Reduce todas las primas", "Cancela la póliza"]', 0, 'A hazardous occupation rider adjusts coverage terms for insureds in dangerous jobs.', 'Un anexo de ocupación peligrosa ajusta los términos de cobertura para asegurados en trabajos peligrosos.', true, '2026-01-14 23:01:15.59813', '2026-01-14 23:01:15.59813') ON CONFLICT (id) DO NOTHING;
INSERT INTO questions (id, category, topic, question_text_en, question_text_es, options_en, options_es, correct_answer, explanation_en, explanation_es, is_active, created_at, updated_at) VALUES ('a5838474-3d4c-4f5e-8bcd-4f5d3665b511', 'life_insurance', NULL, 'What is indexed universal life insurance?', '¿Qué es el seguro de vida universal indexado?', '["Universal life with cash value growth tied to a stock market index", "Fixed rate insurance", "Variable life insurance", "Term insurance"]', '["Vida universal con crecimiento de valor en efectivo vinculado a un índice bursátil", "Seguro de tasa fija", "Seguro de vida variable", "Seguro a término"]', 0, 'Indexed universal life ties cash value growth to a stock market index while providing downside protection.', 'La vida universal indexada vincula el crecimiento del valor en efectivo a un índice bursátil mientras proporciona protección contra pérdidas.', true, '2026-01-14 22:54:57.244467', '2026-01-14 22:54:57.244467') ON CONFLICT (id) DO NOTHING;
INSERT INTO questions (id, category, topic, question_text_en, question_text_es, options_en, options_es, correct_answer, explanation_en, explanation_es, is_active, created_at, updated_at) VALUES ('a8aba55e-0f74-4615-bd9c-7de33e23d0d6', 'life_insurance', NULL, 'What is an irrevocable life insurance trust (ILIT)?', '¿Qué es un fideicomiso de seguro de vida irrevocable (ILIT)?', '["A trust that owns life insurance to remove it from the insured''s estate", "A revocable trust", "A bank account", "A checking account"]', '["Un fideicomiso que posee seguro de vida para removerlo del patrimonio del asegurado", "Un fideicomiso revocable", "Una cuenta bancaria", "Una cuenta de cheques"]', 0, 'An ILIT owns a life insurance policy so the death benefit is not included in the insured''s taxable estate.', 'Un ILIT posee una póliza de seguro de vida para que el beneficio por muerte no se incluya en el patrimonio gravable del asegurado.', true, '2026-01-14 23:01:15.749735', '2026-01-14 23:01:15.749735') ON CONFLICT (id) DO NOTHING;
INSERT INTO questions (id, category, topic, question_text_en, question_text_es, options_en, options_es, correct_answer, explanation_en, explanation_es, is_active, created_at, updated_at) VALUES ('ab5cb65e-c59d-4ff3-9481-8e1798d737b2', 'life_insurance', NULL, 'What is nonforfeiture in life insurance?', '¿Qué es la no caducidad en el seguro de vida?', '["Options that allow policyholders to retain some value if they stop paying premiums", "Forfeiting all value", "Automatic cancellation", "Premium refund only"]', '["Opciones que permiten a los asegurados retener algún valor si dejan de pagar primas", "Perder todo el valor", "Cancelación automática", "Solo reembolso de prima"]', 0, 'Nonforfeiture options protect the policyholder''s cash value if they can no longer pay premiums.', 'Las opciones de no caducidad protegen el valor en efectivo del asegurado si ya no puede pagar las primas.', true, '2026-01-14 23:01:15.538193', '2026-01-14 23:01:15.538193') ON CONFLICT (id) DO NOTHING;
INSERT INTO questions (id, category, topic, question_text_en, question_text_es, options_en, options_es, correct_answer, explanation_en, explanation_es, is_active, created_at, updated_at) VALUES ('ad9f637f-f217-465b-a1df-289894a117df', 'life_insurance', NULL, 'What is reduced paid-up insurance as a nonforfeiture option?', '¿Qué es el seguro reducido pagado como opción de no caducidad?', '["Using cash value to purchase a smaller permanent policy with no future premiums", "Extended term", "Cash surrender", "Premium refund"]', '["Usar el valor en efectivo para comprar una póliza permanente más pequeña sin primas futuras", "Término extendido", "Rescate en efectivo", "Reembolso de prima"]', 0, 'Reduced paid-up uses cash value to purchase a smaller permanent policy that remains in force without future premiums.', 'El seguro reducido pagado usa el valor en efectivo para comprar una póliza permanente más pequeña que permanece en vigor sin primas futuras.', true, '2026-01-14 23:01:15.553652', '2026-01-14 23:01:15.553652') ON CONFLICT (id) DO NOTHING;
INSERT INTO questions (id, category, topic, question_text_en, question_text_es, options_en, options_es, correct_answer, explanation_en, explanation_es, is_active, created_at, updated_at) VALUES ('adb9ec73-4c51-467e-9119-fa6ee9437ae3', 'life_insurance', NULL, 'What is the life income settlement option?', '¿Qué es la opción de liquidación de ingreso vitalicio?', '["Payments made for the beneficiary''s lifetime", "Fixed period payments", "Lump sum", "Interest only"]', '["Pagos hechos por la vida del beneficiario", "Pagos de período fijo", "Suma global", "Solo interés"]', 0, 'Life income settlement provides payments to the beneficiary for their entire life based on the death benefit.', 'La liquidación de ingreso vitalicio proporciona pagos al beneficiario por toda su vida basándose en el beneficio por muerte.', true, '2026-01-14 22:54:57.410329', '2026-01-14 22:54:57.410329') ON CONFLICT (id) DO NOTHING;
INSERT INTO questions (id, category, topic, question_text_en, question_text_es, options_en, options_es, correct_answer, explanation_en, explanation_es, is_active, created_at, updated_at) VALUES ('adef0823-56a9-4013-bc3f-912d3ceadf9d', 'life_insurance', NULL, 'What is limited pay life insurance?', '¿Qué es el seguro de vida de pago limitado?', '["Permanent insurance where premiums are paid for a limited period but coverage continues for life", "Term insurance", "Single premium", "Monthly payments forever"]', '["Seguro permanente donde las primas se pagan por un período limitado pero la cobertura continúa de por vida", "Seguro a término", "Prima única", "Pagos mensuales para siempre"]', 0, 'Limited pay provides permanent coverage but premiums are paid over a shorter period (like 10 or 20 years).', 'El pago limitado proporciona cobertura permanente pero las primas se pagan durante un período más corto (como 10 o 20 años).', true, '2026-01-14 22:54:57.282396', '2026-01-14 22:54:57.282396') ON CONFLICT (id) DO NOTHING;
INSERT INTO questions (id, category, topic, question_text_en, question_text_es, options_en, options_es, correct_answer, explanation_en, explanation_es, is_active, created_at, updated_at) VALUES ('aeadc7da-5ff7-4de5-a784-51b79d0f1eca', 'life_insurance', NULL, 'What is the purpose of the payor benefit rider in life insurance?', '¿Cuál es el propósito del anexo de beneficio del pagador en el seguro de vida?', '["To pay additional death benefits", "To waive premiums if the premium payer dies or becomes disabled", "To add additional insureds", "To increase cash value"]', '["Pagar beneficios adicionales por muerte", "Eximir las primas si el pagador de la prima muere o queda discapacitado", "Agregar asegurados adicionales", "Aumentar el valor en efectivo"]', 1, 'The payor benefit rider waives future premiums on a juvenile policy if the premium payer (usually a parent) dies or becomes disabled.', 'El anexo de beneficio del pagador exime las primas futuras de una póliza juvenil si el pagador de la prima (generalmente un padre) muere o queda discapacitado.', true, '2026-01-14 23:06:37.522227', '2026-01-14 23:06:37.522227') ON CONFLICT (id) DO NOTHING;
INSERT INTO questions (id, category, topic, question_text_en, question_text_es, options_en, options_es, correct_answer, explanation_en, explanation_es, is_active, created_at, updated_at) VALUES ('af9c30da-5724-43e2-bca7-f70f4a83047b', 'life_insurance', NULL, 'What is chronic illness rider?', '¿Qué es un anexo de enfermedad crónica?', '["Allows early access to death benefit if diagnosed with a chronic illness", "Terminal illness only", "No access to benefits", "Increases premium"]', '["Permite acceso anticipado al beneficio por muerte si se diagnostica una enfermedad crónica", "Solo enfermedad terminal", "Sin acceso a beneficios", "Aumenta la prima"]', 0, 'A chronic illness rider allows the insured to access death benefits if they''re diagnosed with a chronic illness.', 'Un anexo de enfermedad crónica permite al asegurado acceder a beneficios por muerte si se le diagnostica una enfermedad crónica.', true, '2026-01-14 23:01:15.617084', '2026-01-14 23:01:15.617084') ON CONFLICT (id) DO NOTHING;
INSERT INTO questions (id, category, topic, question_text_en, question_text_es, options_en, options_es, correct_answer, explanation_en, explanation_es, is_active, created_at, updated_at) VALUES ('b0380894-6a57-4615-9757-133acdaf7b85', 'life_insurance', NULL, 'What is the purpose of the life insurance policy''s reinstatement provision?', '¿Cuál es el propósito de la disposición de reinstalación de la póliza de seguro de vida?', '["To cancel the policy", "To allow revival of a lapsed policy under certain conditions", "To change beneficiaries", "To reduce the face amount"]', '["Cancelar la póliza", "Permitir la reactivación de una póliza vencida bajo ciertas condiciones", "Cambiar beneficiarios", "Reducir el monto nominal"]', 1, 'The reinstatement provision allows a policyholder to revive a lapsed policy within a certain timeframe by paying back premiums and providing evidence of insurability.', 'La disposición de reinstalación permite a un titular de póliza reactivar una póliza vencida dentro de un cierto período de tiempo pagando las primas atrasadas y proporcionando evidencia de asegurabilidad.', true, '2026-01-14 23:06:37.508715', '2026-01-14 23:06:37.508715') ON CONFLICT (id) DO NOTHING;
INSERT INTO questions (id, category, topic, question_text_en, question_text_es, options_en, options_es, correct_answer, explanation_en, explanation_es, is_active, created_at, updated_at) VALUES ('b0b37b85-7189-444d-917a-da925d2e92e0', 'life_insurance', NULL, 'What is the purpose of the Medical Information Bureau (MIB) in life insurance underwriting?', '¿Cuál es el propósito de la Oficina de Información Médica (MIB) en la suscripción de seguros de vida?', '["To provide medical treatment", "To share medical underwriting information between insurers", "To set premium rates", "To issue policies"]', '["Proporcionar tratamiento médico", "Compartir información de suscripción médica entre aseguradoras", "Establecer tasas de primas", "Emitir pólizas"]', 1, 'The MIB is a database that allows insurance companies to share medical underwriting information to prevent fraud and assess risk.', 'El MIB es una base de datos que permite a las compañías de seguros compartir información de suscripción médica para prevenir fraudes y evaluar riesgos.', true, '2026-01-14 23:06:37.461542', '2026-01-14 23:06:37.461542') ON CONFLICT (id) DO NOTHING;
INSERT INTO questions (id, category, topic, question_text_en, question_text_es, options_en, options_es, correct_answer, explanation_en, explanation_es, is_active, created_at, updated_at) VALUES ('b0dd4dbf-778f-4915-a2d1-60d8197ed19d', 'life_insurance', NULL, 'What is the accumulation period of an annuity?', '¿Qué es el período de acumulación de una anualidad?', '["The time during which premiums are paid and funds grow", "The payout period", "The surrender period", "The free-look period"]', '["El tiempo durante el cual se pagan las primas y los fondos crecen", "El período de pago", "El período de rescate", "El período de revisión gratuita"]', 0, 'The accumulation period is when premiums are paid and the annuity value grows tax-deferred.', 'El período de acumulación es cuando se pagan las primas y el valor de la anualidad crece con impuestos diferidos.', true, '2026-01-14 22:54:57.446145', '2026-01-14 22:54:57.446145') ON CONFLICT (id) DO NOTHING;
INSERT INTO questions (id, category, topic, question_text_en, question_text_es, options_en, options_es, correct_answer, explanation_en, explanation_es, is_active, created_at, updated_at) VALUES ('b1c733ad-d574-4a52-b891-03fced2cdc8c', 'life_insurance', NULL, 'What is the continuing education requirement for Texas life insurance license renewal?', '¿Cuál es el requisito de educación continua para la renovación de licencia de seguro de vida de Texas?', '["24 hours including ethics", "12 hours", "40 hours", "No CE required"]', '["24 horas incluyendo ética", "12 horas", "40 horas", "No se requiere EC"]', 0, 'Texas requires 24 hours of continuing education for license renewal, including ethics hours.', 'Texas requiere 24 horas de educación continua para la renovación de licencia, incluyendo horas de ética.', true, '2026-01-14 22:54:57.194745', '2026-01-14 22:54:57.194745') ON CONFLICT (id) DO NOTHING;
INSERT INTO questions (id, category, topic, question_text_en, question_text_es, options_en, options_es, correct_answer, explanation_en, explanation_es, is_active, created_at, updated_at) VALUES ('b3424594-4156-44ba-bdaa-6e7a1a94d3f1', 'life_insurance', NULL, 'What is family income policy?', '¿Qué es una póliza de ingreso familiar?', '["Combines whole life with decreasing term to provide income for a period after death", "Term only", "Whole life only", "Variable life"]', '["Combina vida entera con término decreciente para proporcionar ingreso por un período después de la muerte", "Solo término", "Solo vida entera", "Vida variable"]', 0, 'A family income policy provides monthly income to survivors for a specified period, plus a lump-sum death benefit.', 'Una póliza de ingreso familiar proporciona ingreso mensual a los sobrevivientes por un período especificado, más un beneficio por muerte de suma global.', true, '2026-01-14 23:01:15.693449', '2026-01-14 23:01:15.693449') ON CONFLICT (id) DO NOTHING;
INSERT INTO questions (id, category, topic, question_text_en, question_text_es, options_en, options_es, correct_answer, explanation_en, explanation_es, is_active, created_at, updated_at) VALUES ('b34cd67f-62f2-462d-a9fa-2e6dc2474e97', 'life_insurance', NULL, 'What is a substandard (rated) risk classification?', '¿Qué es una clasificación de riesgo subestándar (calificado)?', '["A rating for applicants with higher-than-average risk who pay higher premiums", "Best risk", "Standard risk", "Uninsurable"]', '["Una calificación para solicitantes con riesgo más alto que el promedio que pagan primas más altas", "Mejor riesgo", "Riesgo estándar", "No asegurable"]', 0, 'Substandard (rated) risks have health conditions requiring higher premiums due to increased mortality risk.', 'Los riesgos subestándar (calificados) tienen condiciones de salud que requieren primas más altas debido al mayor riesgo de mortalidad.', true, '2026-01-14 22:54:57.377876', '2026-01-14 22:54:57.377876') ON CONFLICT (id) DO NOTHING;
INSERT INTO questions (id, category, topic, question_text_en, question_text_es, options_en, options_es, correct_answer, explanation_en, explanation_es, is_active, created_at, updated_at) VALUES ('b470a26d-d9f3-4425-9426-dbc9da0b6e92', 'life_insurance', NULL, 'What is an entity (stock redemption) buy-sell agreement?', '¿Qué es un acuerdo de compra-venta de entidad (redención de acciones)?', '["The business itself owns policies on the owners and buys back shares upon death", "Owners insure each other", "No insurance used", "Bank purchases shares"]', '["El negocio mismo posee pólizas sobre los propietarios y recompra acciones al fallecer", "Los propietarios aseguran a cada uno", "Sin seguro usado", "El banco compra acciones"]', 0, 'In entity agreements, the business owns policies on each owner and uses proceeds to redeem a deceased owner''s shares.', 'En acuerdos de entidad, el negocio posee pólizas sobre cada propietario y usa los beneficios para redimir las acciones de un propietario fallecido.', true, '2026-01-14 22:54:57.493466', '2026-01-14 22:54:57.493466') ON CONFLICT (id) DO NOTHING;
INSERT INTO questions (id, category, topic, question_text_en, question_text_es, options_en, options_es, correct_answer, explanation_en, explanation_es, is_active, created_at, updated_at) VALUES ('b6edb908-5c3d-466a-a933-12ed5b6892bf', 'life_insurance', NULL, 'What is the purpose of a life settlement?', '¿Cuál es el propósito de un acuerdo de vida?', '["To cancel a policy", "To sell a life insurance policy for more than its cash value but less than the death benefit", "To change beneficiaries", "To reduce coverage"]', '["Cancelar una póliza", "Vender una póliza de seguro de vida por más de su valor en efectivo pero menos del beneficio por muerte", "Cambiar beneficiarios", "Reducir la cobertura"]', 1, 'A life settlement is the sale of an existing life insurance policy to a third party for more than the cash surrender value but less than the face amount.', 'Un acuerdo de vida es la venta de una póliza de seguro de vida existente a un tercero por más del valor de rescate en efectivo pero menos del monto nominal.', true, '2026-01-14 23:06:37.541356', '2026-01-14 23:06:37.541356') ON CONFLICT (id) DO NOTHING;
INSERT INTO questions (id, category, topic, question_text_en, question_text_es, options_en, options_es, correct_answer, explanation_en, explanation_es, is_active, created_at, updated_at) VALUES ('b8693cc8-5ea2-4956-a57d-112b578572b6', 'life_insurance', NULL, 'What is an exclusion ratio in annuities?', '¿Qué es un índice de exclusión en anualidades?', '["The portion of each annuity payment that is tax-free return of principal", "Full taxation", "No taxation", "Capital gains rate"]', '["La porción de cada pago de anualidad que es devolución de capital libre de impuestos", "Tributación completa", "Sin tributación", "Tasa de ganancias de capital"]', 0, 'The exclusion ratio determines how much of each annuity payment is return of premium (tax-free) vs. taxable gain.', 'El índice de exclusión determina cuánto de cada pago de anualidad es devolución de prima (libre de impuestos) vs. ganancia gravable.', true, '2026-01-14 23:01:15.765566', '2026-01-14 23:01:15.765566') ON CONFLICT (id) DO NOTHING;
INSERT INTO questions (id, category, topic, question_text_en, question_text_es, options_en, options_es, correct_answer, explanation_en, explanation_es, is_active, created_at, updated_at) VALUES ('b9897cd5-d0ed-415b-9f94-c245e0d9d16b', 'life_insurance', NULL, 'What is a 1035 exchange?', '¿Qué es un intercambio 1035?', '["Tax-free exchange of one life insurance or annuity for another", "Taxable exchange", "Premium payment", "Policy loan"]', '["Intercambio libre de impuestos de un seguro de vida o anualidad por otro", "Intercambio gravable", "Pago de prima", "Préstamo de póliza"]', 0, 'A 1035 exchange allows tax-free transfer of values from one life insurance policy or annuity to another.', 'Un intercambio 1035 permite transferencia libre de impuestos de valores de una póliza de seguro de vida o anualidad a otra.', true, '2026-01-14 23:01:15.737043', '2026-01-14 23:01:15.737043') ON CONFLICT (id) DO NOTHING;
INSERT INTO questions (id, category, topic, question_text_en, question_text_es, options_en, options_es, correct_answer, explanation_en, explanation_es, is_active, created_at, updated_at) VALUES ('ba2286d3-fcea-42ed-a1f2-36bde6884588', 'life_insurance', NULL, 'What dividend option uses dividends to purchase additional paid-up insurance?', '¿Qué opción de dividendos usa los dividendos para comprar seguro pagado adicional?', '["Paid-up additions", "Cash payment", "Premium reduction", "Accumulate at interest"]', '["Adiciones pagadas", "Pago en efectivo", "Reducción de prima", "Acumular a interés"]', 0, 'Paid-up additions use dividends to purchase additional fully paid permanent insurance.', 'Las adiciones pagadas usan dividendos para comprar seguro permanente totalmente pagado adicional.', true, '2026-01-14 23:01:15.64002', '2026-01-14 23:01:15.64002') ON CONFLICT (id) DO NOTHING;
INSERT INTO questions (id, category, topic, question_text_en, question_text_es, options_en, options_es, correct_answer, explanation_en, explanation_es, is_active, created_at, updated_at) VALUES ('baf21d85-d5c8-43d4-9f1b-5791cbdd5097', 'life_insurance', NULL, 'What is graded premium whole life insurance?', '¿Qué es el seguro de vida entera de prima graduada?', '["Whole life with premiums that start low and gradually increase to a level amount", "Level premium whole life", "Term insurance", "Variable life"]', '["Vida entera con primas que comienzan bajas y aumentan gradualmente a una cantidad nivelada", "Vida entera de prima nivelada", "Seguro a término", "Vida variable"]', 0, 'Graded premium whole life has premiums that gradually increase over several years before leveling off.', 'La vida entera de prima graduada tiene primas que aumentan gradualmente durante varios años antes de nivelarse.', true, '2026-01-14 22:54:57.291208', '2026-01-14 22:54:57.291208') ON CONFLICT (id) DO NOTHING;
INSERT INTO questions (id, category, topic, question_text_en, question_text_es, options_en, options_es, correct_answer, explanation_en, explanation_es, is_active, created_at, updated_at) VALUES ('bc16c3e2-22e8-4183-81e0-c0b87d44d2cd', 'life_insurance', NULL, 'What is the misstatement of age or sex provision?', '¿Qué es la disposición de declaración errónea de edad o sexo?', '["If age or sex was misstated, the death benefit is adjusted to what premiums would have purchased", "Policy is voided", "No adjustment is made", "Premium is refunded"]', '["Si la edad o sexo fue declarado erróneamente, el beneficio por muerte se ajusta a lo que las primas habrían comprado", "La póliza se anula", "No se hace ajuste", "Se reembolsa la prima"]', 0, 'This provision adjusts the death benefit based on the correct age or sex rather than voiding the policy.', 'Esta disposición ajusta el beneficio por muerte basándose en la edad o sexo correctos en lugar de anular la póliza.', true, '2026-01-14 22:54:57.316625', '2026-01-14 22:54:57.316625') ON CONFLICT (id) DO NOTHING;
INSERT INTO questions (id, category, topic, question_text_en, question_text_es, options_en, options_es, correct_answer, explanation_en, explanation_es, is_active, created_at, updated_at) VALUES ('bc9e4a66-9ad2-4917-ac45-b1ead51914b3', 'life_insurance', NULL, 'What is the contestability period?', '¿Qué es el período de contestabilidad?', '["The period (usually 2 years) during which the insurer can void the policy for misrepresentation", "The grace period", "The free-look period", "The policy term"]', '["El período (usualmente 2 años) durante el cual el asegurador puede anular la póliza por tergiversación", "El período de gracia", "El período de revisión gratuita", "El término de la póliza"]', 0, 'During the contestability period, the insurer can investigate and deny claims for material misrepresentation.', 'Durante el período de contestabilidad, el asegurador puede investigar y negar reclamos por tergiversación material.', true, '2026-01-14 22:54:57.30426', '2026-01-14 22:54:57.30426') ON CONFLICT (id) DO NOTHING;
INSERT INTO questions (id, category, topic, question_text_en, question_text_es, options_en, options_es, correct_answer, explanation_en, explanation_es, is_active, created_at, updated_at) VALUES ('bd5122d9-e605-4c02-a695-81c97cc426dd', 'life_insurance', NULL, 'What is a beneficiary in a life insurance policy?', '¿Qué es un beneficiario en una póliza de seguro de vida?', '["The insurance company", "The person who receives the death benefit", "The policyholder", "The insurance agent"]', '["La compañía de seguros", "La persona que recibe el beneficio por fallecimiento", "El titular de la póliza", "El agente de seguros"]', 1, 'A beneficiary is the person or entity designated to receive the death benefit when the insured person dies.', 'Un beneficiario es la persona o entidad designada para recibir el beneficio por fallecimiento cuando el asegurado fallece.', true, '2026-01-14 16:50:01.908265', '2026-01-14 16:50:01.908265') ON CONFLICT (id) DO NOTHING;
INSERT INTO questions (id, category, topic, question_text_en, question_text_es, options_en, options_es, correct_answer, explanation_en, explanation_es, is_active, created_at, updated_at) VALUES ('bd782827-eb53-4a9d-8eca-ad04baafa065', 'life_insurance', NULL, 'Who owns a group life insurance policy?', '¿Quién es dueño de una póliza de seguro de vida grupal?', '["The employer or group sponsor", "Each employee", "The insurance company", "The government"]', '["El empleador o patrocinador del grupo", "Cada empleado", "La compañía de seguros", "El gobierno"]', 0, 'The employer or sponsoring organization owns the master policy and provides certificates to employees.', 'El empleador u organización patrocinadora es dueño de la póliza maestra y proporciona certificados a los empleados.', true, '2026-01-14 22:54:57.463614', '2026-01-14 22:54:57.463614') ON CONFLICT (id) DO NOTHING;
INSERT INTO questions (id, category, topic, question_text_en, question_text_es, options_en, options_es, correct_answer, explanation_en, explanation_es, is_active, created_at, updated_at) VALUES ('bf116350-ae51-4281-9aa1-2f6ccad873d5', 'life_insurance', NULL, 'What is the automatic premium loan provision?', '¿Qué es la disposición de préstamo automático de prima?', '["Automatically borrows from cash value to pay overdue premiums", "Cancels the policy", "Requires additional payment", "Reduces death benefit immediately"]', '["Toma prestado automáticamente del valor en efectivo para pagar primas vencidas", "Cancela la póliza", "Requiere pago adicional", "Reduce el beneficio por muerte inmediatamente"]', 0, 'The automatic premium loan provision uses cash value to pay premiums if the policyholder misses a payment.', 'La disposición de préstamo automático de prima usa el valor en efectivo para pagar primas si el asegurado pierde un pago.', true, '2026-01-14 23:01:15.558067', '2026-01-14 23:01:15.558067') ON CONFLICT (id) DO NOTHING;
INSERT INTO questions (id, category, topic, question_text_en, question_text_es, options_en, options_es, correct_answer, explanation_en, explanation_es, is_active, created_at, updated_at) VALUES ('bff7dc82-a12e-4cc6-9dc1-a3bdb0cf753b', 'life_insurance', NULL, 'What is a refund annuity?', '¿Qué es una anualidad con reembolso?', '["Guarantees that total payments will at least equal the premium paid", "No refund available", "Lump sum only", "Life income only"]', '["Garantiza que los pagos totales al menos igualen la prima pagada", "Sin reembolso disponible", "Solo suma global", "Solo ingreso vitalicio"]', 0, 'A refund annuity guarantees that if the annuitant dies early, beneficiaries receive at least the premium paid.', 'Una anualidad con reembolso garantiza que si el beneficiario muere temprano, los beneficiarios reciben al menos la prima pagada.', true, '2026-01-14 23:01:15.784594', '2026-01-14 23:01:15.784594') ON CONFLICT (id) DO NOTHING;
INSERT INTO questions (id, category, topic, question_text_en, question_text_es, options_en, options_es, correct_answer, explanation_en, explanation_es, is_active, created_at, updated_at) VALUES ('c0960afb-bfb0-424f-8fb0-2885e7ec3430', 'life_insurance', NULL, 'What happens if a policy loan is not repaid?', '¿Qué sucede si un préstamo de póliza no se paga?', '["The outstanding loan amount reduces the death benefit", "Nothing happens", "The policy continues unchanged", "The insurer pays the loan"]', '["El monto del préstamo pendiente reduce el beneficio por muerte", "No pasa nada", "La póliza continúa sin cambios", "El asegurador paga el préstamo"]', 0, 'Unpaid policy loans plus interest are deducted from the death benefit when the insured dies.', 'Los préstamos de póliza no pagados más interés se deducen del beneficio por muerte cuando el asegurado fallece.', true, '2026-01-14 22:54:57.417937', '2026-01-14 22:54:57.417937') ON CONFLICT (id) DO NOTHING;
INSERT INTO questions (id, category, topic, question_text_en, question_text_es, options_en, options_es, correct_answer, explanation_en, explanation_es, is_active, created_at, updated_at) VALUES ('c2a829af-6912-465b-b2b4-a95726f1d7a7', 'life_insurance', NULL, 'What is a fixed annuity?', '¿Qué es una anualidad fija?', '["An annuity with variable payments", "An annuity that guarantees a minimum interest rate and fixed payments", "An annuity tied to the stock market", "An annuity with no guarantees"]', '["Una anualidad con pagos variables", "Una anualidad que garantiza una tasa de interés mínima y pagos fijos", "Una anualidad vinculada al mercado de valores", "Una anualidad sin garantías"]', 1, 'A fixed annuity provides a guaranteed minimum interest rate during accumulation and fixed payments during the payout phase.', 'Una anualidad fija proporciona una tasa de interés mínima garantizada durante la acumulación y pagos fijos durante la fase de pago.', true, '2026-01-14 23:06:37.564848', '2026-01-14 23:06:37.564848') ON CONFLICT (id) DO NOTHING;
INSERT INTO questions (id, category, topic, question_text_en, question_text_es, options_en, options_es, correct_answer, explanation_en, explanation_es, is_active, created_at, updated_at) VALUES ('c3583c5c-07f2-4bb1-8ed6-6cca29d9d129', 'life_insurance', NULL, 'What is final expense insurance?', '¿Qué es el seguro de gastos finales?', '["Small whole life policies designed to cover funeral and burial costs", "Large death benefits", "Investment products", "Health insurance"]', '["Pólizas pequeñas de vida entera diseñadas para cubrir costos funerarios y de entierro", "Grandes beneficios por muerte", "Productos de inversión", "Seguro de salud"]', 0, 'Final expense insurance provides a small death benefit intended to cover burial, funeral, and final medical expenses.', 'El seguro de gastos finales proporciona un pequeño beneficio por muerte destinado a cubrir entierro, funeral y gastos médicos finales.', true, '2026-01-14 23:01:15.660504', '2026-01-14 23:01:15.660504') ON CONFLICT (id) DO NOTHING;
INSERT INTO questions (id, category, topic, question_text_en, question_text_es, options_en, options_es, correct_answer, explanation_en, explanation_es, is_active, created_at, updated_at) VALUES ('c56d058a-b500-4069-a9be-b4e560439dd7', 'life_insurance', NULL, 'What is the purpose of a life insurance policy illustration in Texas?', '¿Cuál es el propósito de una ilustración de póliza de seguro de vida en Texas?', '["To guarantee future returns", "To show how the policy may perform under different scenarios", "To replace the policy contract", "To waive disclosure requirements"]', '["Garantizar rendimientos futuros", "Mostrar cómo puede funcionar la póliza bajo diferentes escenarios", "Reemplazar el contrato de la póliza", "Renunciar a los requisitos de divulgación"]', 1, 'Policy illustrations show hypothetical scenarios of how a policy may perform but are not guarantees of future performance.', 'Las ilustraciones de pólizas muestran escenarios hipotéticos de cómo puede funcionar una póliza pero no son garantías de rendimiento futuro.', true, '2026-01-14 23:06:37.449184', '2026-01-14 23:06:37.449184') ON CONFLICT (id) DO NOTHING;
INSERT INTO questions (id, category, topic, question_text_en, question_text_es, options_en, options_es, correct_answer, explanation_en, explanation_es, is_active, created_at, updated_at) VALUES ('cd5e8442-4d51-4801-bc1a-b77899ab26e2', 'life_insurance', NULL, 'What is credit life insurance?', '¿Qué es el seguro de vida de crédito?', '["Insurance that pays off a loan balance if the borrower dies", "Investment insurance", "Health insurance", "Property insurance"]', '["Seguro que paga el saldo de un préstamo si el prestatario fallece", "Seguro de inversión", "Seguro de salud", "Seguro de propiedad"]', 0, 'Credit life insurance pays the outstanding loan balance to the lender if the borrower dies.', 'El seguro de vida de crédito paga el saldo del préstamo pendiente al prestamista si el prestatario fallece.', true, '2026-01-14 23:01:15.680317', '2026-01-14 23:01:15.680317') ON CONFLICT (id) DO NOTHING;
INSERT INTO questions (id, category, topic, question_text_en, question_text_es, options_en, options_es, correct_answer, explanation_en, explanation_es, is_active, created_at, updated_at) VALUES ('ce1ffbae-2f3f-4cf3-a7d1-f00942576725', 'life_insurance', NULL, 'How many hours of pre-licensing education are required for a life insurance license in Texas?', '¿Cuántas horas de educación previa a la licencia se requieren para una licencia de seguro de vida en Texas?', '["40 hours", "20 hours", "60 hours", "80 hours"]', '["40 horas", "20 horas", "60 horas", "80 horas"]', 0, 'Texas requires 40 hours of pre-licensing education for a life insurance license.', 'Texas requiere 40 horas de educación previa a la licencia para una licencia de seguro de vida.', true, '2026-01-14 22:54:57.186486', '2026-01-14 22:54:57.186486') ON CONFLICT (id) DO NOTHING;
INSERT INTO questions (id, category, topic, question_text_en, question_text_es, options_en, options_es, correct_answer, explanation_en, explanation_es, is_active, created_at, updated_at) VALUES ('cf3fb4f2-53d9-4a5d-b2da-34711717e791', 'life_insurance', NULL, 'What is a life annuity?', '¿Qué es una anualidad vitalicia?', '["An annuity that pays for the lifetime of the annuitant", "Fixed period payments", "Lump sum payment", "No guaranteed payments"]', '["Una anualidad que paga por la vida del beneficiario", "Pagos de período fijo", "Pago de suma global", "Sin pagos garantizados"]', 0, 'A life annuity provides payments for as long as the annuitant lives.', 'Una anualidad vitalicia proporciona pagos mientras el beneficiario viva.', true, '2026-01-14 22:54:57.45224', '2026-01-14 22:54:57.45224') ON CONFLICT (id) DO NOTHING;
INSERT INTO questions (id, category, topic, question_text_en, question_text_es, options_en, options_es, correct_answer, explanation_en, explanation_es, is_active, created_at, updated_at) VALUES ('cf96a6cf-4f8b-413d-bae1-25f736d3b0ce', 'life_insurance', NULL, 'Who owns a juvenile life insurance policy?', '¿Quién es dueño de una póliza de seguro de vida juvenil?', '["The adult who purchased it until the child reaches a specified age", "The child from the start", "The insurance company", "The government"]', '["El adulto que la compró hasta que el niño alcance una edad especificada", "El niño desde el inicio", "La compañía de seguros", "El gobierno"]', 0, 'The adult purchaser owns the juvenile policy until ownership transfers to the child at a specified age.', 'El adulto comprador es dueño de la póliza juvenil hasta que la propiedad se transfiere al niño a una edad especificada.', true, '2026-01-14 23:01:15.71389', '2026-01-14 23:01:15.71389') ON CONFLICT (id) DO NOTHING;
INSERT INTO questions (id, category, topic, question_text_en, question_text_es, options_en, options_es, correct_answer, explanation_en, explanation_es, is_active, created_at, updated_at) VALUES ('cff49d00-07d4-4d9c-8d45-fa6b61b51a1c', 'life_insurance', NULL, 'What is a spendthrift clause?', '¿Qué es una cláusula de derrochador?', '["Protects policy proceeds from creditors of the beneficiary", "Allows creditor access", "Increases death benefit", "Reduces premiums"]', '["Protege los beneficios de la póliza de los acreedores del beneficiario", "Permite acceso de acreedores", "Aumenta el beneficio por muerte", "Reduce las primas"]', 0, 'A spendthrift clause protects death benefit proceeds from claims by the beneficiary''s creditors.', 'Una cláusula de derrochador protege los beneficios por muerte de reclamos de los acreedores del beneficiario.', true, '2026-01-14 23:01:15.575914', '2026-01-14 23:01:15.575914') ON CONFLICT (id) DO NOTHING;
INSERT INTO questions (id, category, topic, question_text_en, question_text_es, options_en, options_es, correct_answer, explanation_en, explanation_es, is_active, created_at, updated_at) VALUES ('d0cc6a18-f84e-43e7-8636-536371ba2bf5', 'life_insurance', NULL, 'What is the grace period in life insurance?', '¿Qué es el período de gracia en el seguro de vida?', '["A period after the premium due date during which the policy remains in force", "The free-look period", "The contestability period", "The policy term"]', '["Un período después de la fecha de vencimiento de la prima durante el cual la póliza permanece en vigor", "El período de revisión gratuita", "El período de contestabilidad", "El término de la póliza"]', 0, 'The grace period (typically 30-31 days) allows payment after the due date without policy lapse.', 'El período de gracia (típicamente 30-31 días) permite el pago después de la fecha de vencimiento sin que la póliza caduque.', true, '2026-01-14 22:54:57.299739', '2026-01-14 22:54:57.299739') ON CONFLICT (id) DO NOTHING;
INSERT INTO questions (id, category, topic, question_text_en, question_text_es, options_en, options_es, correct_answer, explanation_en, explanation_es, is_active, created_at, updated_at) VALUES ('d18e6c1a-dddb-42f4-9ac3-e0ce8e573c42', 'life_insurance', NULL, 'What is cash value in life insurance?', '¿Qué es el valor en efectivo en el seguro de vida?', '["The savings component of permanent life insurance that grows over time", "The premium", "The death benefit", "The policy fee"]', '["El componente de ahorro del seguro de vida permanente que crece con el tiempo", "La prima", "El beneficio por muerte", "La tarifa de la póliza"]', 0, 'Cash value is the savings portion of permanent life insurance that accumulates on a tax-deferred basis.', 'El valor en efectivo es la porción de ahorro del seguro de vida permanente que se acumula con impuestos diferidos.', true, '2026-01-14 22:54:57.253293', '2026-01-14 22:54:57.253293') ON CONFLICT (id) DO NOTHING;
INSERT INTO questions (id, category, topic, question_text_en, question_text_es, options_en, options_es, correct_answer, explanation_en, explanation_es, is_active, created_at, updated_at) VALUES ('d21faeb7-2bf7-4b08-8b65-c32e5a8a1902', 'life_insurance', NULL, 'What is a fixed annuity?', '¿Qué es una anualidad fija?', '["An annuity that guarantees a fixed interest rate and payment amount", "Variable returns", "No guaranteed payments", "Stock market returns"]', '["Una anualidad que garantiza una tasa de interés fija y monto de pago", "Rendimientos variables", "Sin pagos garantizados", "Rendimientos del mercado de valores"]', 0, 'A fixed annuity provides guaranteed interest rates and predictable payment amounts.', 'Una anualidad fija proporciona tasas de interés garantizadas y montos de pago predecibles.', true, '2026-01-14 22:54:57.427437', '2026-01-14 22:54:57.427437') ON CONFLICT (id) DO NOTHING;
INSERT INTO questions (id, category, topic, question_text_en, question_text_es, options_en, options_es, correct_answer, explanation_en, explanation_es, is_active, created_at, updated_at) VALUES ('d637631f-229b-45e3-ab79-3f81e86631bd', 'life_insurance', NULL, 'What is the cost of insurance in a life insurance policy?', '¿Cuál es el costo de seguro en una póliza de seguro de vida?', '["The portion of premium that covers the mortality risk", "The full premium", "The cash value", "The death benefit"]', '["La porción de la prima que cubre el riesgo de mortalidad", "La prima completa", "El valor en efectivo", "El beneficio por muerte"]', 0, 'The cost of insurance is the mortality charge that covers the risk of paying the death benefit.', 'El costo de seguro es el cargo de mortalidad que cubre el riesgo de pagar el beneficio por muerte.', true, '2026-01-14 23:01:15.761538', '2026-01-14 23:01:15.761538') ON CONFLICT (id) DO NOTHING;
INSERT INTO questions (id, category, topic, question_text_en, question_text_es, options_en, options_es, correct_answer, explanation_en, explanation_es, is_active, created_at, updated_at) VALUES ('d6f23033-223a-49a9-a364-32e9e09acf6c', 'life_insurance', NULL, 'What is a waiver of premium rider?', '¿Qué es un anexo de exención de prima?', '["A rider that waives premium payments if the insured becomes disabled", "A discount on premiums", "A type of beneficiary", "A coverage limit"]', '["Un anexo que exime pagos de prima si el asegurado queda discapacitado", "Un descuento en primas", "Un tipo de beneficiario", "Un límite de cobertura"]', 0, 'The waiver of premium rider keeps the life insurance policy in force without premium payments if the insured becomes totally disabled.', 'El anexo de exención de prima mantiene la póliza de seguro de vida en vigor sin pagos de prima si el asegurado queda totalmente discapacitado.', true, '2026-01-14 18:28:35.655907', '2026-01-14 18:28:35.655907') ON CONFLICT (id) DO NOTHING;
INSERT INTO questions (id, category, topic, question_text_en, question_text_es, options_en, options_es, correct_answer, explanation_en, explanation_es, is_active, created_at, updated_at) VALUES ('d8247d86-81d1-4248-b92a-61488d4e4eb5', 'life_insurance', NULL, 'What is corporate-owned life insurance (COLI)?', '¿Qué es el seguro de vida propiedad de la corporación (COLI)?', '["Life insurance purchased and owned by a corporation on employees", "Personal insurance", "Health insurance", "Auto insurance"]', '["Seguro de vida comprado y poseído por una corporación sobre empleados", "Seguro personal", "Seguro de salud", "Seguro de auto"]', 0, 'COLI is life insurance owned by a corporation, often used for executive benefits or funding business obligations.', 'COLI es seguro de vida poseído por una corporación, a menudo usado para beneficios ejecutivos o financiar obligaciones comerciales.', true, '2026-01-14 22:54:57.49843', '2026-01-14 22:54:57.49843') ON CONFLICT (id) DO NOTHING;
INSERT INTO questions (id, category, topic, question_text_en, question_text_es, options_en, options_es, correct_answer, explanation_en, explanation_es, is_active, created_at, updated_at) VALUES ('d8ebedee-d804-4397-b886-7248e5ffcb6c', 'life_insurance', NULL, 'What is the free look period?', '¿Qué es el período de revisión gratuita?', '["A period after policy delivery when you can cancel for a full refund", "The grace period", "The contestability period", "The waiting period"]', '["Un período después de la entrega de la póliza cuando puedes cancelar para un reembolso completo", "El período de gracia", "El período de contestabilidad", "El período de espera"]', 0, 'The free look period allows policyholders to review a new policy and cancel it for a full refund if not satisfied, typically 10-30 days.', 'El período de revisión gratuita permite a los asegurados revisar una nueva póliza y cancelarla para un reembolso completo si no están satisfechos, típicamente 10-30 días.', true, '2026-01-14 18:28:35.670432', '2026-01-14 18:28:35.670432') ON CONFLICT (id) DO NOTHING;
INSERT INTO questions (id, category, topic, question_text_en, question_text_es, options_en, options_es, correct_answer, explanation_en, explanation_es, is_active, created_at, updated_at) VALUES ('da4b083b-e06f-4112-82c5-8e5c6fc4a239', 'life_insurance', NULL, 'What is the face amount of a life insurance policy?', '¿Cuál es el monto nominal de una póliza de seguro de vida?', '["The death benefit payable upon the insured''s death", "The premium amount", "The cash value", "The loan amount"]', '["El beneficio por muerte pagadero al fallecer el asegurado", "El monto de la prima", "El valor en efectivo", "El monto del préstamo"]', 0, 'The face amount is the death benefit amount stated on the policy that will be paid to beneficiaries.', 'El monto nominal es la cantidad del beneficio por muerte establecida en la póliza que se pagará a los beneficiarios.', true, '2026-01-14 22:54:57.249167', '2026-01-14 22:54:57.249167') ON CONFLICT (id) DO NOTHING;
INSERT INTO questions (id, category, topic, question_text_en, question_text_es, options_en, options_es, correct_answer, explanation_en, explanation_es, is_active, created_at, updated_at) VALUES ('dbf10af0-d9e2-4f48-be15-984edfb67f8d', 'life_insurance', NULL, 'What is a life settlement?', '¿Qué es un acuerdo de vida?', '["Selling a life insurance policy to a third party, typically by seniors who no longer need coverage", "A viatical settlement for terminally ill", "A policy loan", "A claim"]', '["Vender una póliza de seguro de vida a un tercero, típicamente por personas mayores que ya no necesitan cobertura", "Un acuerdo viático para terminalmente enfermos", "Un préstamo de póliza", "Un reclamo"]', 0, 'A life settlement is similar to viatical but for seniors who simply no longer need or want their life insurance.', 'Un acuerdo de vida es similar al viático pero para personas mayores que simplemente ya no necesitan o quieren su seguro de vida.', true, '2026-01-14 22:54:57.504454', '2026-01-14 22:54:57.504454') ON CONFLICT (id) DO NOTHING;
INSERT INTO questions (id, category, topic, question_text_en, question_text_es, options_en, options_es, correct_answer, explanation_en, explanation_es, is_active, created_at, updated_at) VALUES ('dca4bd73-1e8a-4c9c-9a3b-fddedf47c4c9', 'life_insurance', NULL, 'What is guaranteed issue life insurance?', '¿Qué es el seguro de vida de emisión garantizada?', '["Life insurance issued without medical underwriting or health questions", "Full medical exam required", "Only for healthy individuals", "Variable insurance"]', '["Seguro de vida emitido sin suscripción médica o preguntas de salud", "Examen médico completo requerido", "Solo para individuos saludables", "Seguro variable"]', 0, 'Guaranteed issue policies accept all applicants without health questions, typically with limited benefits initially.', 'Las pólizas de emisión garantizada aceptan a todos los solicitantes sin preguntas de salud, típicamente con beneficios limitados inicialmente.', true, '2026-01-14 23:01:15.666207', '2026-01-14 23:01:15.666207') ON CONFLICT (id) DO NOTHING;
INSERT INTO questions (id, category, topic, question_text_en, question_text_es, options_en, options_es, correct_answer, explanation_en, explanation_es, is_active, created_at, updated_at) VALUES ('dd06f34b-0f50-41be-83f3-d9831275e8af', 'life_insurance', NULL, 'Under Texas law, what happens to a life insurance policy if the insured dies during the grace period?', 'Según la ley de Texas, ¿qué sucede con una póliza de seguro de vida si el asegurado muere durante el período de gracia?', '["The policy is void", "The claim is denied", "The death benefit is paid minus the unpaid premium", "The beneficiary must pay all back premiums"]', '["La póliza es nula", "El reclamo es denegado", "El beneficio por muerte se paga menos la prima no pagada", "El beneficiario debe pagar todas las primas atrasadas"]', 2, 'If the insured dies during the grace period, the death benefit is paid but the unpaid premium is deducted from the benefit amount.', 'Si el asegurado muere durante el período de gracia, el beneficio por muerte se paga pero la prima no pagada se deduce del monto del beneficio.', true, '2026-01-14 23:06:37.470502', '2026-01-14 23:06:37.470502') ON CONFLICT (id) DO NOTHING;
INSERT INTO questions (id, category, topic, question_text_en, question_text_es, options_en, options_es, correct_answer, explanation_en, explanation_es, is_active, created_at, updated_at) VALUES ('de64fa5d-89d1-4676-a64e-0e1f7759d992', 'life_insurance', NULL, 'What is the grace period in life insurance?', '¿Qué es el período de gracia en seguro de vida?', '["A period after the premium due date during which coverage continues", "The waiting period", "The free look period", "The contestability period"]', '["Un período después de la fecha de vencimiento de la prima durante el cual la cobertura continúa", "El período de espera", "El período de revisión gratuita", "El período de contestabilidad"]', 0, 'The grace period is typically 30-31 days after a premium due date during which the policy remains in force even if payment is late.', 'El período de gracia es típicamente 30-31 días después de la fecha de vencimiento de la prima durante los cuales la póliza permanece en vigor aunque el pago esté atrasado.', true, '2026-01-14 18:28:35.647881', '2026-01-14 18:28:35.647881') ON CONFLICT (id) DO NOTHING;
INSERT INTO questions (id, category, topic, question_text_en, question_text_es, options_en, options_es, correct_answer, explanation_en, explanation_es, is_active, created_at, updated_at) VALUES ('df1bf2da-b566-4212-98ab-f88f965c3601', 'life_insurance', NULL, 'What is an annuity period certain?', '¿Qué es una anualidad de período cierto?', '["Guarantees payments for a minimum period even if the annuitant dies", "Payments only while living", "No guaranteed payments", "Single payment only"]', '["Garantiza pagos por un período mínimo incluso si el beneficiario fallece", "Pagos solo mientras viva", "Sin pagos garantizados", "Solo pago único"]', 0, 'Period certain guarantees a minimum number of payments; if the annuitant dies early, beneficiaries receive remaining payments.', 'El período cierto garantiza un número mínimo de pagos; si el beneficiario muere temprano, los beneficiarios reciben los pagos restantes.', true, '2026-01-14 22:54:57.457756', '2026-01-14 22:54:57.457756') ON CONFLICT (id) DO NOTHING;
INSERT INTO questions (id, category, topic, question_text_en, question_text_es, options_en, options_es, correct_answer, explanation_en, explanation_es, is_active, created_at, updated_at) VALUES ('dfc1393a-a924-4bf8-a20a-f5d89c952a18', 'life_insurance', NULL, 'What is a contingent beneficiary?', '¿Qué es un beneficiario contingente?', '["The person who receives the death benefit if the primary beneficiary predeceases the insured", "The first beneficiary", "The insurance company", "The policy owner"]', '["La persona que recibe el beneficio por muerte si el beneficiario primario fallece antes que el asegurado", "El primer beneficiario", "La compañía de seguros", "El propietario de la póliza"]', 0, 'A contingent (secondary) beneficiary receives the death benefit only if the primary beneficiary is deceased.', 'Un beneficiario contingente (secundario) recibe el beneficio por muerte solo si el beneficiario primario ha fallecido.', true, '2026-01-14 22:54:57.332208', '2026-01-14 22:54:57.332208') ON CONFLICT (id) DO NOTHING;
INSERT INTO questions (id, category, topic, question_text_en, question_text_es, options_en, options_es, correct_answer, explanation_en, explanation_es, is_active, created_at, updated_at) VALUES ('e1a93370-fd06-44ed-b117-087648b386aa', 'life_insurance', NULL, 'What is the purpose of the Texas Guaranty Association for life insurance?', '¿Cuál es el propósito de la Asociación de Garantía de Texas para el seguro de vida?', '["To sell insurance", "To protect policyholders if their insurer becomes insolvent", "To regulate insurance rates", "To issue licenses"]', '["Vender seguros", "Proteger a los titulares de pólizas si su asegurador se vuelve insolvente", "Regular las tasas de seguros", "Emitir licencias"]', 1, 'The Texas Life and Health Insurance Guaranty Association protects policyholders by providing coverage if their insurance company becomes insolvent.', 'La Asociación de Garantía de Seguros de Vida y Salud de Texas protege a los titulares de pólizas proporcionando cobertura si su compañía de seguros se vuelve insolvente.', true, '2026-01-14 23:06:37.627998', '2026-01-14 23:06:37.627998') ON CONFLICT (id) DO NOTHING;
INSERT INTO questions (id, category, topic, question_text_en, question_text_es, options_en, options_es, correct_answer, explanation_en, explanation_es, is_active, created_at, updated_at) VALUES ('e6b05ce2-a165-4209-8f79-0f61a4a660fe', 'life_insurance', NULL, 'What is the fixed period settlement option?', '¿Qué es la opción de liquidación de período fijo?', '["Death benefit paid in equal installments over a specified period", "Lump sum payment", "Interest only", "Life income"]', '["Beneficio por muerte pagado en cuotas iguales durante un período especificado", "Pago de suma global", "Solo interés", "Ingreso vitalicio"]', 0, 'Fixed period settlement pays the death benefit and interest in equal installments over a chosen time period.', 'La liquidación de período fijo paga el beneficio por muerte e interés en cuotas iguales durante un período de tiempo elegido.', true, '2026-01-14 22:54:57.401853', '2026-01-14 22:54:57.401853') ON CONFLICT (id) DO NOTHING;
INSERT INTO questions (id, category, topic, question_text_en, question_text_es, options_en, options_es, correct_answer, explanation_en, explanation_es, is_active, created_at, updated_at) VALUES ('e6e00041-0cb6-4c2e-a554-5f2385d3e5aa', 'life_insurance', NULL, 'What is an annuity''s accumulation period?', '¿Qué es el período de acumulación de una anualidad?', '["When payments are received", "The time during which premiums are paid and funds grow", "After the annuitant dies", "The grace period"]', '["Cuando se reciben los pagos", "El tiempo durante el cual se pagan las primas y los fondos crecen", "Después de que el rentista muere", "El período de gracia"]', 1, 'The accumulation period is the phase during which premiums are paid into the annuity and the funds grow tax-deferred.', 'El período de acumulación es la fase durante la cual se pagan las primas en la anualidad y los fondos crecen con impuestos diferidos.', true, '2026-01-14 23:06:37.538493', '2026-01-14 23:06:37.538493') ON CONFLICT (id) DO NOTHING;
INSERT INTO questions (id, category, topic, question_text_en, question_text_es, options_en, options_es, correct_answer, explanation_en, explanation_es, is_active, created_at, updated_at) VALUES ('e9a03872-eef2-4a28-aeec-29042d064949', 'life_insurance', NULL, 'When must insurable interest exist for life insurance?', '¿Cuándo debe existir el interés asegurable para el seguro de vida?', '["At the time of application", "At the time of death", "At policy renewal", "At any time"]', '["Al momento de la solicitud", "Al momento de la muerte", "En la renovación de la póliza", "En cualquier momento"]', 0, 'For life insurance, insurable interest must exist at the time of application, not at the time of death.', 'Para el seguro de vida, el interés asegurable debe existir al momento de la solicitud, no al momento de la muerte.', true, '2026-01-14 22:54:57.386338', '2026-01-14 22:54:57.386338') ON CONFLICT (id) DO NOTHING;
INSERT INTO questions (id, category, topic, question_text_en, question_text_es, options_en, options_es, correct_answer, explanation_en, explanation_es, is_active, created_at, updated_at) VALUES ('eaa44d2f-fde6-49e8-8879-bbb8dde7eaa2', 'life_insurance', NULL, 'What is a non-qualified annuity?', '¿Qué es una anualidad no calificada?', '["An annuity purchased with after-tax dollars outside a retirement plan", "Pre-tax funded", "Only for retirement plans", "Group annuity"]', '["Una anualidad comprada con dólares después de impuestos fuera de un plan de jubilación", "Financiada antes de impuestos", "Solo para planes de jubilación", "Anualidad grupal"]', 0, 'A non-qualified annuity is purchased with after-tax money and only the earnings are taxable upon withdrawal.', 'Una anualidad no calificada se compra con dinero después de impuestos y solo las ganancias son gravables al retiro.', true, '2026-01-14 23:01:15.779026', '2026-01-14 23:01:15.779026') ON CONFLICT (id) DO NOTHING;
INSERT INTO questions (id, category, topic, question_text_en, question_text_es, options_en, options_es, correct_answer, explanation_en, explanation_es, is_active, created_at, updated_at) VALUES ('ec1ba495-a691-4edf-9c37-7c40ee4094d6', 'life_insurance', NULL, 'What is mortgage life insurance?', '¿Qué es el seguro de vida hipotecario?', '["Decreasing term insurance designed to pay off a mortgage balance", "Increasing coverage", "Permanent insurance", "Health insurance"]', '["Seguro a término decreciente diseñado para pagar un saldo hipotecario", "Cobertura creciente", "Seguro permanente", "Seguro de salud"]', 0, 'Mortgage life insurance is decreasing term insurance that pays off the remaining mortgage if the homeowner dies.', 'El seguro de vida hipotecario es seguro a término decreciente que paga la hipoteca restante si el propietario fallece.', true, '2026-01-14 23:01:15.685001', '2026-01-14 23:01:15.685001') ON CONFLICT (id) DO NOTHING;
INSERT INTO questions (id, category, topic, question_text_en, question_text_es, options_en, options_es, correct_answer, explanation_en, explanation_es, is_active, created_at, updated_at) VALUES ('ec60ab67-7af6-4911-9443-84c86671f509', 'life_insurance', NULL, 'What additional license is required to sell variable life insurance?', '¿Qué licencia adicional se requiere para vender seguro de vida variable?', '["Securities license (FINRA)", "Real estate license", "Health insurance license only", "No additional license"]', '["Licencia de valores (FINRA)", "Licencia de bienes raíces", "Solo licencia de seguro de salud", "Sin licencia adicional"]', 0, 'Variable life insurance requires both an insurance license and a securities license because it involves investment products.', 'El seguro de vida variable requiere tanto una licencia de seguros como una licencia de valores porque involucra productos de inversión.', true, '2026-01-14 22:54:57.240421', '2026-01-14 22:54:57.240421') ON CONFLICT (id) DO NOTHING;
INSERT INTO questions (id, category, topic, question_text_en, question_text_es, options_en, options_es, correct_answer, explanation_en, explanation_es, is_active, created_at, updated_at) VALUES ('ec7beeca-e043-4468-8ee5-acc02e9bc626', 'life_insurance', NULL, 'What is a primary beneficiary?', '¿Qué es un beneficiario primario?', '["The first person entitled to receive the death benefit", "The secondary recipient", "The insurance agent", "The policy owner"]', '["La primera persona con derecho a recibir el beneficio por muerte", "El destinatario secundario", "El agente de seguros", "El propietario de la póliza"]', 0, 'The primary beneficiary is first in line to receive the death benefit upon the insured''s death.', 'El beneficiario primario es el primero en la línea para recibir el beneficio por muerte al fallecer el asegurado.', true, '2026-01-14 22:54:57.32894', '2026-01-14 22:54:57.32894') ON CONFLICT (id) DO NOTHING;
INSERT INTO questions (id, category, topic, question_text_en, question_text_es, options_en, options_es, correct_answer, explanation_en, explanation_es, is_active, created_at, updated_at) VALUES ('ecf0c72a-b965-4e30-a5b4-11192eb79955', 'life_insurance', NULL, 'What is the accelerated death benefit rider?', '¿Qué es el anexo de beneficio por muerte acelerado?', '["Allows early access to death benefit if the insured is terminally ill", "Increases death benefit", "Decreases premiums", "Adds cash value"]', '["Permite acceso anticipado al beneficio por muerte si el asegurado está terminalmente enfermo", "Aumenta el beneficio por muerte", "Disminuye las primas", "Agrega valor en efectivo"]', 0, 'The accelerated death benefit rider pays a portion of the death benefit early if the insured is diagnosed with a terminal illness.', 'El anexo de beneficio por muerte acelerado paga una porción del beneficio por muerte anticipadamente si el asegurado es diagnosticado con una enfermedad terminal.', true, '2026-01-14 22:54:57.346136', '2026-01-14 22:54:57.346136') ON CONFLICT (id) DO NOTHING;
INSERT INTO questions (id, category, topic, question_text_en, question_text_es, options_en, options_es, correct_answer, explanation_en, explanation_es, is_active, created_at, updated_at) VALUES ('ee4a51fa-f908-4965-b6f8-85c08eb64b7f', 'life_insurance', NULL, 'What is an immediate annuity?', '¿Qué es una anualidad inmediata?', '["An annuity that begins payments within one year of purchase", "Payments start after many years", "Deferred annuity", "No payments ever"]', '["Una anualidad que comienza pagos dentro de un año de la compra", "Los pagos comienzan después de muchos años", "Anualidad diferida", "Sin pagos nunca"]', 0, 'An immediate annuity begins making payments shortly after a lump-sum premium is paid.', 'Una anualidad inmediata comienza a hacer pagos poco después de que se paga una prima de suma global.', true, '2026-01-14 22:54:57.433917', '2026-01-14 22:54:57.433917') ON CONFLICT (id) DO NOTHING;
INSERT INTO questions (id, category, topic, question_text_en, question_text_es, options_en, options_es, correct_answer, explanation_en, explanation_es, is_active, created_at, updated_at) VALUES ('f058d8bf-7854-4fc3-ba68-3909d9b9ecf8', 'life_insurance', NULL, 'What is a fiduciary?', '¿Qué es un fiduciario?', '["Someone who holds a position of trust and must act in the best interest of another", "An insurance company", "A claims adjuster", "A marketing representative"]', '["Alguien que ocupa una posición de confianza y debe actuar en el mejor interés de otro", "Una compañía de seguros", "Un ajustador de reclamos", "Un representante de marketing"]', 0, 'A fiduciary is someone who is trusted to act in another person''s best interests, such as handling their money.', 'Un fiduciario es alguien en quien se confía para actuar en los mejores intereses de otra persona, como manejar su dinero.', true, '2026-01-14 22:54:57.201925', '2026-01-14 22:54:57.201925') ON CONFLICT (id) DO NOTHING;
INSERT INTO questions (id, category, topic, question_text_en, question_text_es, options_en, options_es, correct_answer, explanation_en, explanation_es, is_active, created_at, updated_at) VALUES ('f4b71a3a-fa34-4eee-8255-6c31dfe1a7d6', 'life_insurance', NULL, 'What is the purpose of a spendthrift clause in a life insurance policy?', '¿Cuál es el propósito de una cláusula de derrochador en una póliza de seguro de vida?', '["To increase premiums", "To protect policy proceeds from the beneficiary''s creditors", "To reduce the death benefit", "To change the beneficiary"]', '["Aumentar las primas", "Proteger los beneficios de la póliza de los acreedores del beneficiario", "Reducir el beneficio por muerte", "Cambiar al beneficiario"]', 1, 'A spendthrift clause protects policy proceeds from being claimed by the beneficiary''s creditors before the proceeds are paid.', 'Una cláusula de derrochador protege los beneficios de la póliza de ser reclamados por los acreedores del beneficiario antes de que se paguen los beneficios.', true, '2026-01-14 23:06:37.574263', '2026-01-14 23:06:37.574263') ON CONFLICT (id) DO NOTHING;
INSERT INTO questions (id, category, topic, question_text_en, question_text_es, options_en, options_es, correct_answer, explanation_en, explanation_es, is_active, created_at, updated_at) VALUES ('f518ebd7-aea3-4853-bca5-9aae1cc2289c', 'life_insurance', NULL, 'What types of exchanges qualify under Section 1035?', '¿Qué tipos de intercambios califican bajo la Sección 1035?', '["Life to life, annuity to annuity, life to annuity (but not annuity to life)", "Any insurance exchange", "Only annuities", "Only term insurance"]', '["Vida a vida, anualidad a anualidad, vida a anualidad (pero no anualidad a vida)", "Cualquier intercambio de seguros", "Solo anualidades", "Solo seguro a término"]', 0, 'Section 1035 allows life-to-life, annuity-to-annuity, and life-to-annuity exchanges, but not annuity-to-life.', 'La Sección 1035 permite intercambios vida-a-vida, anualidad-a-anualidad y vida-a-anualidad, pero no anualidad-a-vida.', true, '2026-01-14 23:01:15.742734', '2026-01-14 23:01:15.742734') ON CONFLICT (id) DO NOTHING;
INSERT INTO questions (id, category, topic, question_text_en, question_text_es, options_en, options_es, correct_answer, explanation_en, explanation_es, is_active, created_at, updated_at) VALUES ('f52282ff-1986-4b04-bd0e-62294b956cae', 'life_insurance', NULL, 'What is the guaranteed insurability rider?', '¿Qué es el anexo de asegurabilidad garantizada?', '["Allows purchase of additional coverage at specific times without proof of insurability", "Requires medical exam for additions", "Decreases coverage", "Cancels the policy"]', '["Permite la compra de cobertura adicional en momentos específicos sin prueba de asegurabilidad", "Requiere examen médico para adiciones", "Disminuye la cobertura", "Cancela la póliza"]', 0, 'The guaranteed insurability rider allows buying additional coverage at specified dates without medical underwriting.', 'El anexo de asegurabilidad garantizada permite comprar cobertura adicional en fechas especificadas sin suscripción médica.', true, '2026-01-14 22:54:57.350298', '2026-01-14 22:54:57.350298') ON CONFLICT (id) DO NOTHING;
INSERT INTO questions (id, category, topic, question_text_en, question_text_es, options_en, options_es, correct_answer, explanation_en, explanation_es, is_active, created_at, updated_at) VALUES ('f6244f0f-7fa9-4654-9d28-41040c9a76f6', 'life_insurance', NULL, 'What is the return of premium rider?', '¿Qué es el anexo de devolución de prima?', '["Returns premiums paid if the insured outlives the policy term", "No premium refund", "Reduces death benefit", "Increases coverage"]', '["Devuelve las primas pagadas si el asegurado sobrevive el término de la póliza", "Sin reembolso de prima", "Reduce el beneficio por muerte", "Aumenta la cobertura"]', 0, 'The return of premium rider refunds all premiums paid if the insured survives the term of the policy.', 'El anexo de devolución de prima reembolsa todas las primas pagadas si el asegurado sobrevive el término de la póliza.', true, '2026-01-14 23:01:15.622389', '2026-01-14 23:01:15.622389') ON CONFLICT (id) DO NOTHING;
INSERT INTO questions (id, category, topic, question_text_en, question_text_es, options_en, options_es, correct_answer, explanation_en, explanation_es, is_active, created_at, updated_at) VALUES ('f750f8b4-b8c3-4280-9448-88d5598138e9', 'life_insurance', NULL, 'What is the common disaster clause?', '¿Qué es la cláusula de desastre común?', '["Determines who receives proceeds if insured and beneficiary die in same accident", "Increases death benefit", "Reduces premiums", "Changes policy term"]', '["Determina quién recibe los beneficios si el asegurado y el beneficiario mueren en el mismo accidente", "Aumenta el beneficio por muerte", "Reduce las primas", "Cambia el término de la póliza"]', 0, 'The common disaster clause specifies how benefits are paid if the insured and beneficiary die in the same event.', 'La cláusula de desastre común especifica cómo se pagan los beneficios si el asegurado y el beneficiario mueren en el mismo evento.', true, '2026-01-14 23:01:15.580942', '2026-01-14 23:01:15.580942') ON CONFLICT (id) DO NOTHING;
INSERT INTO questions (id, category, topic, question_text_en, question_text_es, options_en, options_es, correct_answer, explanation_en, explanation_es, is_active, created_at, updated_at) VALUES ('fb7e4916-929b-4ab6-9a56-4f502e9f3a8d', 'life_insurance', NULL, 'What dividend option applies dividends toward premium payments?', '¿Qué opción de dividendos aplica los dividendos hacia pagos de primas?', '["Premium reduction", "Cash payment", "Paid-up additions", "Accumulate at interest"]', '["Reducción de prima", "Pago en efectivo", "Adiciones pagadas", "Acumular a interés"]', 0, 'The premium reduction option uses dividends to reduce the amount of premium due.', 'La opción de reducción de prima usa dividendos para reducir el monto de prima debido.', true, '2026-01-14 23:01:15.64291', '2026-01-14 23:01:15.64291') ON CONFLICT (id) DO NOTHING;
INSERT INTO questions (id, category, topic, question_text_en, question_text_es, options_en, options_es, correct_answer, explanation_en, explanation_es, is_active, created_at, updated_at) VALUES ('fca750ae-e4e2-4ef2-819e-568f5f061b85', 'life_insurance', NULL, 'What is an HMO?', '¿Qué es un HMO?', '["Health Maintenance Organization - a managed care plan with a network of providers", "Home Mortgage Organization", "Health Medical Option", "Hospital Medical Organization"]', '["Organización de Mantenimiento de Salud - un plan de cuidado administrado con una red de proveedores", "Organización de Hipotecas Residenciales", "Opción Médica de Salud", "Organización Médica Hospitalaria"]', 0, 'An HMO is a type of health insurance plan that requires members to use in-network providers and get referrals for specialists.', 'Un HMO es un tipo de plan de seguro de salud que requiere que los miembros usen proveedores dentro de la red y obtengan referencias para especialistas.', true, '2026-01-14 18:28:35.673451', '2026-01-14 18:28:35.673451') ON CONFLICT (id) DO NOTHING;
INSERT INTO questions (id, category, topic, question_text_en, question_text_es, options_en, options_es, correct_answer, explanation_en, explanation_es, is_active, created_at, updated_at) VALUES ('ff9d2f62-0a1d-4cec-aa79-8d66e71040c4', 'life_insurance', NULL, 'What is the 10% early withdrawal penalty for annuities?', '¿Qué es la penalidad del 10% por retiro anticipado para anualidades?', '["A federal tax penalty on taxable withdrawals before age 59½", "No penalty exists", "State penalty only", "Premium refund"]', '["Una penalidad fiscal federal sobre retiros gravables antes de los 59½ años", "No existe penalidad", "Solo penalidad estatal", "Reembolso de prima"]', 0, 'Withdrawals of taxable amounts from annuities before age 59½ are subject to a 10% IRS penalty plus income tax.', 'Los retiros de montos gravables de anualidades antes de los 59½ años están sujetos a una penalidad del 10% del IRS más impuesto sobre la renta.', true, '2026-01-14 23:01:15.781782', '2026-01-14 23:01:15.781782') ON CONFLICT (id) DO NOTHING;
INSERT INTO questions (id, category, topic, question_text_en, question_text_es, options_en, options_es, correct_answer, explanation_en, explanation_es, is_active, created_at, updated_at) VALUES ('ffe03b52-4e91-4212-b1b8-d65c392b231c', 'life_insurance', NULL, 'What is the entire contract provision?', '¿Qué es la disposición de contrato completo?', '["The policy and application together constitute the entire agreement", "Only the policy matters", "Only the application matters", "Verbal agreements included"]', '["La póliza y la solicitud juntas constituyen el acuerdo completo", "Solo la póliza importa", "Solo la solicitud importa", "Acuerdos verbales incluidos"]', 0, 'The entire contract provision states that the policy and attached application make up the complete contract.', 'La disposición de contrato completo establece que la póliza y la solicitud adjunta componen el contrato completo.', true, '2026-01-14 23:01:15.523166', '2026-01-14 23:01:15.523166') ON CONFLICT (id) DO NOTHING;
INSERT INTO questions (id, category, topic, question_text_en, question_text_es, options_en, options_es, correct_answer, explanation_en, explanation_es, is_active, created_at, updated_at) VALUES ('ffed64bb-808d-4e18-82bf-6cb30c92d993', 'life_insurance', NULL, 'What is the difference between term and whole life insurance?', '¿Cuál es la diferencia entre seguro de vida temporal y permanente?', '["Term is temporary coverage; whole life is permanent with cash value", "They are the same", "Term has cash value", "Whole life is temporary"]', '["Temporal es cobertura temporaria; vida entera es permanente con valor en efectivo", "Son lo mismo", "Temporal tiene valor en efectivo", "Vida entera es temporario"]', 0, 'Term life provides coverage for a specific period with no cash value, while whole life provides lifelong coverage and builds cash value.', 'El seguro temporal proporciona cobertura por un período específico sin valor en efectivo, mientras que el de vida entera proporciona cobertura de por vida y acumula valor en efectivo.', true, '2026-01-14 18:28:35.63655', '2026-01-14 18:28:35.63655') ON CONFLICT (id) DO NOTHING;
INSERT INTO questions (id, category, topic, question_text_en, question_text_es, options_en, options_es, correct_answer, explanation_en, explanation_es, is_active, created_at, updated_at) VALUES ('002a97d2-c088-44e6-b2d9-350a21dfb2a5', 'general_lines', NULL, 'What is the difference between fraud and misrepresentation?', '¿Cuál es la diferencia entre fraude y tergiversación?', '["No difference", "Fraud involves intentional deception; misrepresentation may be unintentional", "Misrepresentation is always criminal", "Fraud only applies to claims"]', '["Sin diferencia", "El fraude involucra engaño intencional; la tergiversación puede ser no intencional", "La tergiversación siempre es criminal", "El fraude solo aplica a reclamos"]', 1, 'Fraud involves intentional deception for gain, while misrepresentation can be either intentional or unintentional false statements.', 'El fraude involucra engaño intencional para obtener ganancia, mientras que la tergiversación puede ser declaraciones falsas intencionales o no intencionales.', true, '2026-01-14 23:13:37.291903', '2026-01-14 23:13:37.291903') ON CONFLICT (id) DO NOTHING;
INSERT INTO questions (id, category, topic, question_text_en, question_text_es, options_en, options_es, correct_answer, explanation_en, explanation_es, is_active, created_at, updated_at) VALUES ('018bc75a-f9dc-4abd-a5a9-2a165c68a637', 'general_lines', NULL, 'What is a unilateral contract?', '¿Qué es un contrato unilateral?', '["A contract where only one party makes an enforceable promise", "A bilateral contract", "A loan agreement", "A lease agreement"]', '["Un contrato donde solo una parte hace una promesa ejecutable", "Un contrato bilateral", "Un acuerdo de préstamo", "Un contrato de arrendamiento"]', 0, 'Insurance is unilateral because only the insurer makes a legally enforceable promise; the policyholder can stop paying at any time.', 'El seguro es unilateral porque solo el asegurador hace una promesa legalmente ejecutable; el asegurado puede dejar de pagar en cualquier momento.', true, '2026-01-14 18:28:35.716061', '2026-01-14 18:28:35.716061') ON CONFLICT (id) DO NOTHING;
INSERT INTO questions (id, category, topic, question_text_en, question_text_es, options_en, options_es, correct_answer, explanation_en, explanation_es, is_active, created_at, updated_at) VALUES ('02513cc3-46aa-4716-9e6c-53ae0e79d091', 'general_lines', NULL, 'Who regulates insurance in Texas?', '¿Quién regula los seguros en Texas?', '["Texas Department of Insurance (TDI)", "Federal Insurance Administration", "Texas Real Estate Commission", "Department of Treasury"]', '["Departamento de Seguros de Texas (TDI)", "Administración Federal de Seguros", "Comisión de Bienes Raíces de Texas", "Departamento del Tesoro"]', 0, 'The Texas Department of Insurance (TDI) regulates the insurance industry in Texas.', 'El Departamento de Seguros de Texas (TDI) regula la industria de seguros en Texas.', true, '2026-01-14 18:28:35.678905', '2026-01-14 18:28:35.678905') ON CONFLICT (id) DO NOTHING;
INSERT INTO questions (id, category, topic, question_text_en, question_text_es, options_en, options_es, correct_answer, explanation_en, explanation_es, is_active, created_at, updated_at) VALUES ('04079454-5fc9-48e6-8580-3ed8e76d0dd9', 'general_lines', NULL, 'What is completed operations coverage?', '¿Qué es la cobertura de operaciones completadas?', '["Coverage during work", "Liability coverage for injuries or damage arising from work completed away from the premises", "Property coverage", "Auto coverage"]', '["Cobertura durante el trabajo", "Cobertura de responsabilidad para lesiones o daños que surgen de trabajo completado fuera de las instalaciones", "Cobertura de propiedad", "Cobertura de auto"]', 1, 'Completed operations coverage provides liability protection for claims arising from work completed by the insured at a location away from the insured''s premises.', 'La cobertura de operaciones completadas proporciona protección de responsabilidad para reclamos que surgen de trabajo completado por el asegurado en una ubicación fuera de las instalaciones del asegurado.', true, '2026-01-14 23:13:37.382439', '2026-01-14 23:13:37.382439') ON CONFLICT (id) DO NOTHING;
INSERT INTO questions (id, category, topic, question_text_en, question_text_es, options_en, options_es, correct_answer, explanation_en, explanation_es, is_active, created_at, updated_at) VALUES ('04ab2f91-cd68-4954-9d5c-859fe0e5a14a', 'general_lines', NULL, 'What does a Commercial General Liability (CGL) policy primarily cover?', '¿Qué cubre principalmente una póliza de Responsabilidad General Comercial (CGL)?', '["Employee injuries", "Third-party bodily injury and property damage claims", "Auto accidents", "Professional errors"]', '["Lesiones de empleados", "Reclamos de lesiones corporales y daños a la propiedad de terceros", "Accidentes de auto", "Errores profesionales"]', 1, 'A CGL policy provides coverage for third-party claims of bodily injury, property damage, and personal/advertising injury.', 'Una póliza CGL proporciona cobertura para reclamos de terceros por lesiones corporales, daños a la propiedad y lesiones personales/publicitarias.', true, '2026-01-14 23:10:18.083629', '2026-01-14 23:10:18.083629') ON CONFLICT (id) DO NOTHING;
INSERT INTO questions (id, category, topic, question_text_en, question_text_es, options_en, options_es, correct_answer, explanation_en, explanation_es, is_active, created_at, updated_at) VALUES ('06663448-3467-4a6c-bcdd-7e4dd40195b9', 'general_lines', NULL, 'What is an occurrence in CGL policies?', '¿Qué es una ocurrencia en las pólizas CGL?', '["A planned event", "An accident including continuous or repeated exposure to conditions causing injury or damage", "A claim", "A premium payment"]', '["Un evento planificado", "Un accidente incluyendo exposición continua o repetida a condiciones que causan lesión o daño", "Un reclamo", "Un pago de prima"]', 1, 'An occurrence is defined as an accident, including continuous or repeated exposure to substantially the same general harmful conditions.', 'Una ocurrencia se define como un accidente, incluyendo exposición continua o repetida a sustancialmente las mismas condiciones dañinas generales.', true, '2026-01-14 23:13:37.372893', '2026-01-14 23:13:37.372893') ON CONFLICT (id) DO NOTHING;
INSERT INTO questions (id, category, topic, question_text_en, question_text_es, options_en, options_es, correct_answer, explanation_en, explanation_es, is_active, created_at, updated_at) VALUES ('09344044-9c14-4b6d-bd69-2f1bd1f07d64', 'general_lines', NULL, 'What is garage liability coverage?', '¿Qué es la cobertura de responsabilidad de garaje?', '["Homeowners coverage for garages", "Liability coverage for auto dealers and repair shops", "Personal auto coverage", "Property coverage only"]', '["Cobertura de propietarios para garajes", "Cobertura de responsabilidad para concesionarios de autos y talleres de reparación", "Cobertura de auto personal", "Solo cobertura de propiedad"]', 1, 'Garage liability coverage provides liability protection for businesses such as auto dealers, repair shops, and service stations.', 'La cobertura de responsabilidad de garaje proporciona protección de responsabilidad para negocios como concesionarios de autos, talleres de reparación y estaciones de servicio.', true, '2026-01-14 23:10:18.246857', '2026-01-14 23:10:18.246857') ON CONFLICT (id) DO NOTHING;
INSERT INTO questions (id, category, topic, question_text_en, question_text_es, options_en, options_es, correct_answer, explanation_en, explanation_es, is_active, created_at, updated_at) VALUES ('0965cd50-9efe-4f70-8663-06053c841bb5', 'general_lines', NULL, 'What is products liability insurance?', '¿Qué es el seguro de responsabilidad por productos?', '["Insurance for product manufacturing", "Coverage for claims arising from products that cause injury or damage", "Coverage for theft of products", "Insurance for product advertising"]', '["Seguro para la fabricación de productos", "Cobertura para reclamos que surgen de productos que causan lesiones o daños", "Cobertura para robo de productos", "Seguro para publicidad de productos"]', 1, 'Products liability insurance covers claims arising from bodily injury or property damage caused by products manufactured, sold, or distributed by the insured.', 'El seguro de responsabilidad por productos cubre reclamos que surgen de lesiones corporales o daños a la propiedad causados por productos fabricados, vendidos o distribuidos por el asegurado.', true, '2026-01-14 23:10:18.162695', '2026-01-14 23:10:18.162695') ON CONFLICT (id) DO NOTHING;
INSERT INTO questions (id, category, topic, question_text_en, question_text_es, options_en, options_es, correct_answer, explanation_en, explanation_es, is_active, created_at, updated_at) VALUES ('0c042660-9a94-410a-a659-8392d910577c', 'general_lines', NULL, 'What is an aleatory contract?', '¿Qué es un contrato aleatorio?', '["A contract where the exchange of value may be unequal, depending on uncertain events", "An equal exchange contract", "A loan agreement", "A lease agreement"]', '["Un contrato donde el intercambio de valor puede ser desigual, dependiendo de eventos inciertos", "Un contrato de intercambio igual", "Un acuerdo de préstamo", "Un contrato de arrendamiento"]', 0, 'Insurance is an aleatory contract because the policyholder may pay premiums and never receive benefits, or receive much more than paid in.', 'El seguro es un contrato aleatorio porque el asegurado puede pagar primas y nunca recibir beneficios, o recibir mucho más de lo pagado.', true, '2026-01-14 18:28:35.707472', '2026-01-14 18:28:35.707472') ON CONFLICT (id) DO NOTHING;
INSERT INTO questions (id, category, topic, question_text_en, question_text_es, options_en, options_es, correct_answer, explanation_en, explanation_es, is_active, created_at, updated_at) VALUES ('0ca64e59-c636-4dd9-ba81-e805bfe1dd98', 'general_lines', NULL, 'What is ordinance or law coverage?', '¿Qué es la cobertura de ordenanza o ley?', '["Legal defense coverage", "Coverage for costs to comply with building codes when rebuilding after a loss", "Professional liability", "Auto coverage"]', '["Cobertura de defensa legal", "Cobertura para costos de cumplir con códigos de construcción al reconstruir después de una pérdida", "Responsabilidad profesional", "Cobertura de auto"]', 1, 'Ordinance or law coverage pays for increased costs to comply with current building codes and laws when repairing or rebuilding after a covered loss.', 'La cobertura de ordenanza o ley paga por costos aumentados para cumplir con códigos de construcción y leyes actuales al reparar o reconstruir después de una pérdida cubierta.', true, '2026-01-14 23:16:55.428521', '2026-01-14 23:16:55.428521') ON CONFLICT (id) DO NOTHING;
INSERT INTO questions (id, category, topic, question_text_en, question_text_es, options_en, options_es, correct_answer, explanation_en, explanation_es, is_active, created_at, updated_at) VALUES ('0cb8e5cc-8deb-4b23-94bb-b928bcd4ae00', 'general_lines', NULL, 'What is the difference between a broker and an agent in Texas?', '¿Cuál es la diferencia entre un corredor y un agente en Texas?', '["No difference", "A broker represents the insured; an agent represents the insurance company", "A broker sells only life insurance", "An agent cannot sell commercial insurance"]', '["Sin diferencia", "Un corredor representa al asegurado; un agente representa a la compañía de seguros", "Un corredor solo vende seguros de vida", "Un agente no puede vender seguros comerciales"]', 1, 'In Texas, a broker legally represents the client/insured, while an agent represents the insurance company in transactions.', 'En Texas, un corredor representa legalmente al cliente/asegurado, mientras que un agente representa a la compañía de seguros en transacciones.', true, '2026-01-14 23:13:37.272496', '2026-01-14 23:13:37.272496') ON CONFLICT (id) DO NOTHING;
INSERT INTO questions (id, category, topic, question_text_en, question_text_es, options_en, options_es, correct_answer, explanation_en, explanation_es, is_active, created_at, updated_at) VALUES ('0cebf35a-65c7-4f1b-b86b-36512a8ffe74', 'general_lines', NULL, 'What is the law of large numbers?', '¿Qué es la ley de los grandes números?', '["A tax law", "A statistical principle that allows insurers to predict losses more accurately with larger samples", "A premium calculation", "A coverage limit"]', '["Una ley fiscal", "Un principio estadístico que permite a los aseguradores predecir pérdidas con mayor precisión con muestras más grandes", "Un cálculo de prima", "Un límite de cobertura"]', 1, 'The law of large numbers states that as the sample size increases, actual results will more closely approximate expected results, allowing accurate loss prediction.', 'La ley de los grandes números establece que a medida que aumenta el tamaño de la muestra, los resultados reales se aproximarán más a los resultados esperados, permitiendo una predicción de pérdidas precisa.', true, '2026-01-14 23:23:20.940729', '2026-01-14 23:23:20.940729') ON CONFLICT (id) DO NOTHING;
INSERT INTO questions (id, category, topic, question_text_en, question_text_es, options_en, options_es, correct_answer, explanation_en, explanation_es, is_active, created_at, updated_at) VALUES ('0d08a702-32bd-48ec-b3b3-afcdcd403558', 'general_lines', NULL, 'What is a captive insurance company?', '¿Qué es una compañía de seguros cautiva?', '["An insurance company held hostage", "An insurance company created by a parent company to insure its own risks", "A standard insurer", "A surplus lines company"]', '["Una compañía de seguros retenida como rehén", "Una compañía de seguros creada por una empresa matriz para asegurar sus propios riesgos", "Un asegurador estándar", "Una compañía de líneas excedentes"]', 1, 'A captive insurance company is formed by a parent company or group to provide coverage primarily for the risks of its owner(s).', 'Una compañía de seguros cautiva es formada por una empresa matriz o grupo para proporcionar cobertura principalmente para los riesgos de su(s) propietario(s).', true, '2026-01-14 23:13:37.360232', '2026-01-14 23:13:37.360232') ON CONFLICT (id) DO NOTHING;
INSERT INTO questions (id, category, topic, question_text_en, question_text_es, options_en, options_es, correct_answer, explanation_en, explanation_es, is_active, created_at, updated_at) VALUES ('0e02d0ef-bf67-48c3-a50d-70a7c35dea38', 'general_lines', NULL, 'What is an additional insured?', '¿Qué es un asegurado adicional?', '["A duplicate policy", "A person or organization added to a policy who receives liability protection", "An exclusion", "A premium discount"]', '["Una póliza duplicada", "Una persona u organización agregada a una póliza que recibe protección de responsabilidad", "Una exclusión", "Un descuento de prima"]', 1, 'An additional insured is a person or organization added to a liability policy who receives protection under that policy''s coverage.', 'Un asegurado adicional es una persona u organización agregada a una póliza de responsabilidad que recibe protección bajo la cobertura de esa póliza.', true, '2026-01-14 23:10:18.178036', '2026-01-14 23:10:18.178036') ON CONFLICT (id) DO NOTHING;
INSERT INTO questions (id, category, topic, question_text_en, question_text_es, options_en, options_es, correct_answer, explanation_en, explanation_es, is_active, created_at, updated_at) VALUES ('0e647051-466c-4a5d-a5ee-2948a9b834f2', 'general_lines', NULL, 'What is personal injury protection (PIP)?', '¿Qué es la protección de lesiones personales (PIP)?', '["Liability coverage", "No-fault coverage for medical expenses and lost wages regardless of who caused the accident", "Property coverage", "Life insurance"]', '["Cobertura de responsabilidad", "Cobertura sin culpa para gastos médicos y salarios perdidos sin importar quién causó el accidente", "Cobertura de propiedad", "Seguro de vida"]', 1, 'PIP is no-fault coverage that pays for medical expenses, lost wages, and other benefits regardless of who is at fault in the accident.', 'PIP es cobertura sin culpa que paga gastos médicos, salarios perdidos y otros beneficios sin importar quién tiene la culpa en el accidente.', true, '2026-01-14 23:16:55.576634', '2026-01-14 23:16:55.576634') ON CONFLICT (id) DO NOTHING;
INSERT INTO questions (id, category, topic, question_text_en, question_text_es, options_en, options_es, correct_answer, explanation_en, explanation_es, is_active, created_at, updated_at) VALUES ('0faa4583-688c-4b54-8ec3-ae99af78480f', 'general_lines', NULL, 'What is utmost good faith in insurance?', '¿Qué es la máxima buena fe en seguros?', '["A sales technique", "The requirement that both parties must deal honestly and disclose all material facts", "A type of policy", "A claims procedure"]', '["Una técnica de ventas", "El requisito de que ambas partes deben actuar honestamente y revelar todos los hechos materiales", "Un tipo de póliza", "Un procedimiento de reclamos"]', 1, 'Utmost good faith requires both the insurer and the insured to deal honestly and disclose all material information relevant to the insurance contract.', 'La máxima buena fe requiere que tanto el asegurador como el asegurado actúen honestamente y revelen toda la información material relevante para el contrato de seguro.', true, '2026-01-14 23:13:37.333363', '2026-01-14 23:13:37.333363') ON CONFLICT (id) DO NOTHING;
INSERT INTO questions (id, category, topic, question_text_en, question_text_es, options_en, options_es, correct_answer, explanation_en, explanation_es, is_active, created_at, updated_at) VALUES ('11adfd76-0551-411e-9725-851417fe3eed', 'general_lines', NULL, 'What is a large deductible program?', '¿Qué es un programa de deducible grande?', '["A standard insurance program", "A program where the insured retains a significant portion of losses through a high deductible", "A life insurance program", "A health insurance program"]', '["Un programa de seguro estándar", "Un programa donde el asegurado retiene una porción significativa de las pérdidas a través de un deducible alto", "Un programa de seguro de vida", "Un programa de seguro de salud"]', 1, 'A large deductible program allows the insured to retain a significant portion of losses, reducing premium costs while the insurer handles claims administration.', 'Un programa de deducible grande permite al asegurado retener una porción significativa de las pérdidas, reduciendo los costos de prima mientras el asegurador maneja la administración de reclamos.', true, '2026-01-14 23:23:20.952701', '2026-01-14 23:23:20.952701') ON CONFLICT (id) DO NOTHING;
INSERT INTO questions (id, category, topic, question_text_en, question_text_es, options_en, options_es, correct_answer, explanation_en, explanation_es, is_active, created_at, updated_at) VALUES ('12f2ad6e-2c37-46d8-a7b1-382cf28d534f', 'general_lines', NULL, 'What are the three parties to a surety bond?', '¿Cuáles son las tres partes de una fianza?', '["Insurer, insured, beneficiary", "Principal, obligee, surety", "Policyholder, agent, company", "Buyer, seller, bank"]', '["Asegurador, asegurado, beneficiario", "Principal, obligado, fiador", "Titular de póliza, agente, compañía", "Comprador, vendedor, banco"]', 1, 'The three parties are the principal (who has the obligation), the obligee (who receives the guarantee), and the surety (who provides the bond).', 'Las tres partes son el principal (quien tiene la obligación), el obligado (quien recibe la garantía) y el fiador (quien proporciona la fianza).', true, '2026-01-14 23:10:18.092074', '2026-01-14 23:10:18.092074') ON CONFLICT (id) DO NOTHING;
INSERT INTO questions (id, category, topic, question_text_en, question_text_es, options_en, options_es, correct_answer, explanation_en, explanation_es, is_active, created_at, updated_at) VALUES ('132eaf97-f315-41e1-b8f5-0cb70d28d926', 'general_lines', NULL, 'What is cyber liability insurance?', '¿Qué es el seguro de responsabilidad cibernética?', '["Auto insurance", "Coverage for losses from data breaches and cyber attacks", "Property insurance", "Life insurance"]', '["Seguro de auto", "Cobertura para pérdidas por violaciones de datos y ataques cibernéticos", "Seguro de propiedad", "Seguro de vida"]', 1, 'Cyber liability insurance covers losses resulting from data breaches, cyber attacks, and other technology-related risks.', 'El seguro de responsabilidad cibernética cubre pérdidas resultantes de violaciones de datos, ataques cibernéticos y otros riesgos relacionados con la tecnología.', true, '2026-01-14 23:10:18.217603', '2026-01-14 23:10:18.217603') ON CONFLICT (id) DO NOTHING;
INSERT INTO questions (id, category, topic, question_text_en, question_text_es, options_en, options_es, correct_answer, explanation_en, explanation_es, is_active, created_at, updated_at) VALUES ('1350026e-e12e-4f23-bef8-f116dec5cff6', 'general_lines', NULL, 'What is a fidelity bond used for?', '¿Para qué se utiliza una fianza de fidelidad?', '["To cover property damage", "To protect against employee dishonesty", "To guarantee construction completion", "To provide auto coverage"]', '["Cubrir daños a la propiedad", "Proteger contra la deshonestidad de empleados", "Garantizar la finalización de construcción", "Proporcionar cobertura de auto"]', 1, 'A fidelity bond protects an employer against losses caused by dishonest acts of employees, such as theft or fraud.', 'Una fianza de fidelidad protege a un empleador contra pérdidas causadas por actos deshonestos de empleados, como robo o fraude.', true, '2026-01-14 23:10:18.098051', '2026-01-14 23:10:18.098051') ON CONFLICT (id) DO NOTHING;
INSERT INTO questions (id, category, topic, question_text_en, question_text_es, options_en, options_es, correct_answer, explanation_en, explanation_es, is_active, created_at, updated_at) VALUES ('13e83447-820d-4b7b-999c-26dd0a2b9244', 'general_lines', NULL, 'What is the liberalization clause in a property policy?', '¿Qué es la cláusula de liberalización en una póliza de propiedad?', '["A clause that increases premiums", "A clause that extends benefits if coverage is broadened during the policy term", "A clause that reduces coverage", "A cancellation clause"]', '["Una cláusula que aumenta las primas", "Una cláusula que extiende beneficios si la cobertura se amplía durante el término de la póliza", "Una cláusula que reduce la cobertura", "Una cláusula de cancelación"]', 1, 'The liberalization clause automatically extends the benefit of any coverage improvements made by the insurer during the policy period without additional premium.', 'La cláusula de liberalización extiende automáticamente el beneficio de cualquier mejora de cobertura hecha por el asegurador durante el período de la póliza sin prima adicional.', true, '2026-01-14 23:13:37.249325', '2026-01-14 23:13:37.249325') ON CONFLICT (id) DO NOTHING;
INSERT INTO questions (id, category, topic, question_text_en, question_text_es, options_en, options_es, correct_answer, explanation_en, explanation_es, is_active, created_at, updated_at) VALUES ('1529258a-21a2-46e4-a71a-862c7ca779eb', 'general_lines', NULL, 'What is personal and advertising injury coverage in CGL?', '¿Qué es la cobertura de lesiones personales y publicitarias en CGL?', '["Coverage for physical injuries", "Coverage for offenses like defamation, invasion of privacy, and copyright infringement", "Auto coverage", "Property coverage"]', '["Cobertura para lesiones físicas", "Cobertura para ofensas como difamación, invasión de privacidad e infracción de derechos de autor", "Cobertura de auto", "Cobertura de propiedad"]', 1, 'Personal and advertising injury coverage protects against non-physical offenses such as libel, slander, false arrest, and copyright infringement in advertising.', 'La cobertura de lesiones personales y publicitarias protege contra ofensas no físicas como libelo, calumnia, arresto falso e infracción de derechos de autor en publicidad.', true, '2026-01-14 23:13:37.375176', '2026-01-14 23:13:37.375176') ON CONFLICT (id) DO NOTHING;
INSERT INTO questions (id, category, topic, question_text_en, question_text_es, options_en, options_es, correct_answer, explanation_en, explanation_es, is_active, created_at, updated_at) VALUES ('1574fb17-6917-488d-bbef-192a667a1a62', 'general_lines', NULL, 'What is accounts receivable coverage?', '¿Qué es la cobertura de cuentas por cobrar?', '["Coverage for debt collection", "Coverage for inability to collect accounts receivable due to loss of records", "Liability coverage", "Auto coverage"]', '["Cobertura para cobro de deudas", "Cobertura por incapacidad de cobrar cuentas por cobrar debido a pérdida de registros", "Cobertura de responsabilidad", "Cobertura de auto"]', 1, 'Accounts receivable coverage pays for losses when records are destroyed and the business cannot collect money owed by customers.', 'La cobertura de cuentas por cobrar paga por pérdidas cuando los registros son destruidos y el negocio no puede cobrar dinero adeudado por clientes.', true, '2026-01-14 23:16:55.455734', '2026-01-14 23:16:55.455734') ON CONFLICT (id) DO NOTHING;
INSERT INTO questions (id, category, topic, question_text_en, question_text_es, options_en, options_es, correct_answer, explanation_en, explanation_es, is_active, created_at, updated_at) VALUES ('15ba82e4-61db-4d29-9342-f392b8ebd11b', 'general_lines', NULL, 'What is the difference between a representation and a warranty in insurance?', '¿Cuál es la diferencia entre una representación y una garantía en seguros?', '["A representation is substantially true; a warranty must be exactly true", "They are the same", "A warranty is less strict", "A representation must be exactly true"]', '["Una representación es sustancialmente verdadera; una garantía debe ser exactamente verdadera", "Son lo mismo", "Una garantía es menos estricta", "Una representación debe ser exactamente verdadera"]', 0, 'Representations need only be substantially true, while warranties are statements that must be literally and exactly true.', 'Las representaciones solo necesitan ser sustancialmente verdaderas, mientras que las garantías son declaraciones que deben ser literal y exactamente verdaderas.', true, '2026-01-14 18:28:35.704677', '2026-01-14 18:28:35.704677') ON CONFLICT (id) DO NOTHING;
INSERT INTO questions (id, category, topic, question_text_en, question_text_es, options_en, options_es, correct_answer, explanation_en, explanation_es, is_active, created_at, updated_at) VALUES ('1656e932-8f2f-49d5-8ba3-39d16d6dbfd5', 'general_lines', NULL, 'What is commercial general liability limit per occurrence?', '¿Qué es el límite por ocurrencia de responsabilidad general comercial?', '["The annual maximum", "The maximum the insurer will pay for any single occurrence", "The deductible", "The premium"]', '["El máximo anual", "El máximo que el asegurador pagará por cualquier ocurrencia única", "El deducible", "La prima"]', 1, 'The per occurrence limit is the maximum amount the insurer will pay for all bodily injury and property damage arising from a single occurrence.', 'El límite por ocurrencia es la cantidad máxima que el asegurador pagará por todas las lesiones corporales y daños a la propiedad que surgen de una sola ocurrencia.', true, '2026-01-14 23:16:55.528574', '2026-01-14 23:16:55.528574') ON CONFLICT (id) DO NOTHING;
INSERT INTO questions (id, category, topic, question_text_en, question_text_es, options_en, options_es, correct_answer, explanation_en, explanation_es, is_active, created_at, updated_at) VALUES ('174a541b-7ea1-498d-96e5-9bcc67f8b5ca', 'general_lines', NULL, 'What is the Texas personal auto policy minimum liability requirement?', '¿Cuál es el requisito mínimo de responsabilidad de la póliza de auto personal de Texas?', '["$15,000/$30,000/$5,000", "$25,000/$50,000/$25,000", "$30,000/$60,000/$25,000", "$50,000/$100,000/$50,000"]', '["$15,000/$30,000/$5,000", "$25,000/$50,000/$25,000", "$30,000/$60,000/$25,000", "$50,000/$100,000/$50,000"]', 2, 'Texas requires minimum auto liability coverage of 30/60/25: $30,000 per person bodily injury, $60,000 per accident bodily injury, $25,000 property damage.', 'Texas requiere cobertura de responsabilidad de auto mínima de 30/60/25: $30,000 por persona por lesiones corporales, $60,000 por accidente por lesiones corporales, $25,000 por daños a la propiedad.', true, '2026-01-14 23:16:55.579381', '2026-01-14 23:16:55.579381') ON CONFLICT (id) DO NOTHING;
INSERT INTO questions (id, category, topic, question_text_en, question_text_es, options_en, options_es, correct_answer, explanation_en, explanation_es, is_active, created_at, updated_at) VALUES ('1802c721-b1de-4937-9cb8-0f8d456bb6b0', 'general_lines', NULL, 'What is the purpose of the Texas Guaranty Association?', '¿Cuál es el propósito de la Asociación de Garantía de Texas?', '["To pay claims if an insurance company becomes insolvent", "To sell insurance", "To license agents", "To regulate premiums"]', '["Pagar reclamos si una compañía de seguros se vuelve insolvente", "Vender seguros", "Licenciar agentes", "Regular primas"]', 0, 'The Texas Guaranty Association protects policyholders by paying covered claims when an insurance company becomes insolvent.', 'La Asociación de Garantía de Texas protege a los asegurados pagando reclamos cubiertos cuando una compañía de seguros se vuelve insolvente.', true, '2026-01-14 18:28:35.681635', '2026-01-14 18:28:35.681635') ON CONFLICT (id) DO NOTHING;
INSERT INTO questions (id, category, topic, question_text_en, question_text_es, options_en, options_es, correct_answer, explanation_en, explanation_es, is_active, created_at, updated_at) VALUES ('184ab0d7-8871-46e1-81c7-5299275873d5', 'general_lines', NULL, 'What is the standard fire policy?', '¿Qué es la póliza estándar contra incendios?', '["A modern policy form", "A historical policy form providing basic fire coverage that has been replaced by newer forms", "A life insurance policy", "An auto policy"]', '["Un formulario de póliza moderno", "Un formulario de póliza histórico que proporciona cobertura básica contra incendios que ha sido reemplazado por formularios más nuevos", "Una póliza de seguro de vida", "Una póliza de auto"]', 1, 'The standard fire policy was a basic property insurance form that has largely been replaced by more comprehensive commercial property forms.', 'La póliza estándar contra incendios fue un formulario básico de seguro de propiedad que ha sido reemplazado en gran parte por formularios de propiedad comercial más completos.', true, '2026-01-14 23:23:21.008444', '2026-01-14 23:23:21.008444') ON CONFLICT (id) DO NOTHING;
INSERT INTO questions (id, category, topic, question_text_en, question_text_es, options_en, options_es, correct_answer, explanation_en, explanation_es, is_active, created_at, updated_at) VALUES ('1932bc6a-d972-41ac-889b-9822ff5c21f1', 'general_lines', NULL, 'What is the expected or intended injury exclusion?', '¿Qué es la exclusión de lesión esperada o intencional?', '["Coverage for intentional acts", "An exclusion for injury the insured expected or intended", "A premium calculation", "An endorsement"]', '["Cobertura para actos intencionales", "Una exclusión para lesiones que el asegurado esperaba o pretendía", "Un cálculo de prima", "Un endoso"]', 1, 'The expected or intended injury exclusion eliminates coverage for bodily injury or property damage that the insured expected or intended to cause.', 'La exclusión de lesión esperada o intencional elimina la cobertura para lesiones corporales o daños a la propiedad que el asegurado esperaba o pretendía causar.', true, '2026-01-14 23:13:37.392683', '2026-01-14 23:13:37.392683') ON CONFLICT (id) DO NOTHING;
INSERT INTO questions (id, category, topic, question_text_en, question_text_es, options_en, options_es, correct_answer, explanation_en, explanation_es, is_active, created_at, updated_at) VALUES ('1a844ba0-c72f-4208-afee-62867e2ea6ea', 'general_lines', NULL, 'What is defense cost coverage in liability insurance?', '¿Qué es la cobertura de costos de defensa en el seguro de responsabilidad?', '["Military insurance", "Coverage for legal costs to defend against covered claims", "Property coverage", "Auto coverage"]', '["Seguro militar", "Cobertura para costos legales de defender contra reclamos cubiertos", "Cobertura de propiedad", "Cobertura de auto"]', 1, 'Defense cost coverage pays for attorneys'' fees, court costs, and other expenses to defend against claims or lawsuits covered by the liability policy.', 'La cobertura de costos de defensa paga por honorarios de abogados, costos judiciales y otros gastos para defender contra reclamos o demandas cubiertos por la póliza de responsabilidad.', true, '2026-01-14 23:16:55.539196', '2026-01-14 23:16:55.539196') ON CONFLICT (id) DO NOTHING;
INSERT INTO questions (id, category, topic, question_text_en, question_text_es, options_en, options_es, correct_answer, explanation_en, explanation_es, is_active, created_at, updated_at) VALUES ('1b202a1e-091b-44ab-bea4-5e57416ac3f7', 'general_lines', NULL, 'What is extra expense coverage?', '¿Qué es la cobertura de gastos extra?', '["Coverage for luxury items", "Coverage for additional costs to continue operations after a covered loss", "Premium payments", "Deductible expenses"]', '["Cobertura para artículos de lujo", "Cobertura para costos adicionales para continuar operaciones después de una pérdida cubierta", "Pagos de prima", "Gastos de deducible"]', 1, 'Extra expense coverage pays for additional costs necessary to continue business operations while property is being repaired after a covered loss.', 'La cobertura de gastos extra paga costos adicionales necesarios para continuar las operaciones del negocio mientras la propiedad está siendo reparada después de una pérdida cubierta.', true, '2026-01-14 23:16:55.415083', '2026-01-14 23:16:55.415083') ON CONFLICT (id) DO NOTHING;
INSERT INTO questions (id, category, topic, question_text_en, question_text_es, options_en, options_es, correct_answer, explanation_en, explanation_es, is_active, created_at, updated_at) VALUES ('1d336e47-c478-48a5-932b-35ca42411446', 'general_lines', NULL, 'What is the principle of indemnity?', '¿Qué es el principio de indemnización?', '["To make the insured wealthy", "To restore the insured to the same financial position as before the loss", "To pay more than the loss", "To deny all claims"]', '["Enriquecer al asegurado", "Restaurar al asegurado a la misma posición financiera que antes de la pérdida", "Pagar más que la pérdida", "Denegar todos los reclamos"]', 1, 'The principle of indemnity ensures the insured is restored to their pre-loss financial condition, not better or worse.', 'El principio de indemnización asegura que el asegurado sea restaurado a su condición financiera previa a la pérdida, no mejor ni peor.', true, '2026-01-14 23:13:37.32718', '2026-01-14 23:13:37.32718') ON CONFLICT (id) DO NOTHING;
INSERT INTO questions (id, category, topic, question_text_en, question_text_es, options_en, options_es, correct_answer, explanation_en, explanation_es, is_active, created_at, updated_at) VALUES ('23816fcf-1c77-401b-bc87-a30afa448f3c', 'general_lines', NULL, 'What is premises liability?', '¿Qué es la responsabilidad por instalaciones?', '["Product liability", "Liability for injuries occurring on property owned or occupied by the insured", "Auto liability", "Professional liability"]', '["Responsabilidad por productos", "Responsabilidad por lesiones que ocurren en propiedad poseída u ocupada por el asegurado", "Responsabilidad de auto", "Responsabilidad profesional"]', 1, 'Premises liability covers claims for bodily injury or property damage occurring on the insured''s premises due to a dangerous condition.', 'La responsabilidad por instalaciones cubre reclamos por lesiones corporales o daños a la propiedad que ocurren en las instalaciones del asegurado debido a una condición peligrosa.', true, '2026-01-14 23:13:37.378919', '2026-01-14 23:13:37.378919') ON CONFLICT (id) DO NOTHING;
INSERT INTO questions (id, category, topic, question_text_en, question_text_es, options_en, options_es, correct_answer, explanation_en, explanation_es, is_active, created_at, updated_at) VALUES ('2478304e-0b00-4307-9385-ee151083198b', 'general_lines', NULL, 'What is the purpose of loss control services?', '¿Cuál es el propósito de los servicios de control de pérdidas?', '["To pay claims faster", "To help insureds identify and reduce hazards that could lead to losses", "To increase premiums", "To deny claims"]', '["Pagar reclamos más rápido", "Ayudar a los asegurados a identificar y reducir peligros que podrían llevar a pérdidas", "Aumentar las primas", "Denegar reclamos"]', 1, 'Loss control services help insureds identify hazards and implement measures to prevent or reduce losses, benefiting both the insured and insurer.', 'Los servicios de control de pérdidas ayudan a los asegurados a identificar peligros e implementar medidas para prevenir o reducir pérdidas, beneficiando tanto al asegurado como al asegurador.', true, '2026-01-14 23:16:55.58222', '2026-01-14 23:16:55.58222') ON CONFLICT (id) DO NOTHING;
INSERT INTO questions (id, category, topic, question_text_en, question_text_es, options_en, options_es, correct_answer, explanation_en, explanation_es, is_active, created_at, updated_at) VALUES ('274cf9a1-3967-43c8-8a7f-ab69f5df3682', 'general_lines', NULL, 'What is ocean marine insurance?', '¿Qué es el seguro marítimo oceánico?', '["Insurance for beach property", "Coverage for ships, cargo, and marine-related liabilities", "Flood insurance", "Life insurance"]', '["Seguro para propiedad de playa", "Cobertura para barcos, carga y responsabilidades relacionadas con el mar", "Seguro contra inundaciones", "Seguro de vida"]', 1, 'Ocean marine insurance covers ships, cargo, and liabilities associated with ocean-going vessels and international shipping.', 'El seguro marítimo oceánico cubre barcos, carga y responsabilidades asociadas con embarcaciones oceánicas y envío internacional.', true, '2026-01-14 23:16:55.478023', '2026-01-14 23:16:55.478023') ON CONFLICT (id) DO NOTHING;
INSERT INTO questions (id, category, topic, question_text_en, question_text_es, options_en, options_es, correct_answer, explanation_en, explanation_es, is_active, created_at, updated_at) VALUES ('281224aa-7384-43b7-9ec2-a0783c33427b', 'general_lines', NULL, 'What is surplus lines insurance?', '¿Qué es el seguro de líneas excedentes?', '["Insurance purchased from non-admitted insurers for risks the standard market won''t cover", "Standard insurance", "Life insurance", "Health insurance"]', '["Seguro comprado de aseguradores no admitidos para riesgos que el mercado estándar no cubrirá", "Seguro estándar", "Seguro de vida", "Seguro de salud"]', 0, 'Surplus lines insurance is coverage from non-admitted insurers for unusual risks that standard insurance companies won''t insure.', 'El seguro de líneas excedentes es cobertura de aseguradores no admitidos para riesgos inusuales que las compañías de seguros estándar no asegurarán.', true, '2026-01-14 18:28:35.687218', '2026-01-14 18:28:35.687218') ON CONFLICT (id) DO NOTHING;
INSERT INTO questions (id, category, topic, question_text_en, question_text_es, options_en, options_es, correct_answer, explanation_en, explanation_es, is_active, created_at, updated_at) VALUES ('292e473b-f01b-4804-a91b-c8e8e6b329b4', 'general_lines', NULL, 'What is utility services coverage?', '¿Qué es la cobertura de servicios públicos?', '["Coverage for utility company property", "Coverage for losses caused by interruption of utility services", "Life insurance", "Auto coverage"]', '["Cobertura para propiedad de compañías de servicios públicos", "Cobertura por pérdidas causadas por interrupción de servicios públicos", "Seguro de vida", "Cobertura de auto"]', 1, 'Utility services coverage pays for losses resulting from the interruption of utility services (power, water, communications) caused by damage to utility property.', 'La cobertura de servicios públicos paga por pérdidas resultantes de la interrupción de servicios públicos (electricidad, agua, comunicaciones) causada por daños a la propiedad de servicios públicos.', true, '2026-01-14 23:16:55.438054', '2026-01-14 23:16:55.438054') ON CONFLICT (id) DO NOTHING;
INSERT INTO questions (id, category, topic, question_text_en, question_text_es, options_en, options_es, correct_answer, explanation_en, explanation_es, is_active, created_at, updated_at) VALUES ('29c4a87b-729a-46a9-9072-4180f4a38af4', 'general_lines', NULL, 'What does the term ''aggregate limit'' mean in liability insurance?', '¿Qué significa el término ''límite agregado'' en el seguro de responsabilidad?', '["The per-claim limit", "The maximum amount the insurer will pay for all claims during the policy period", "The deductible amount", "The minimum coverage required"]', '["El límite por reclamo", "La cantidad máxima que el asegurador pagará por todos los reclamos durante el período de la póliza", "El monto del deducible", "La cobertura mínima requerida"]', 1, 'The aggregate limit is the maximum total amount the insurer will pay for all covered claims during a policy period.', 'El límite agregado es la cantidad total máxima que el asegurador pagará por todos los reclamos cubiertos durante un período de póliza.', true, '2026-01-14 23:13:37.252928', '2026-01-14 23:13:37.252928') ON CONFLICT (id) DO NOTHING;
INSERT INTO questions (id, category, topic, question_text_en, question_text_es, options_en, options_es, correct_answer, explanation_en, explanation_es, is_active, created_at, updated_at) VALUES ('2b4617e6-21bb-4db3-a2cf-9b00582f935a', 'general_lines', NULL, 'What is an insurance binder?', '¿Qué es un binder de seguro?', '["Temporary proof of insurance until the policy is issued", "A permanent policy", "A claim form", "A cancellation notice"]', '["Prueba temporal de seguro hasta que se emita la póliza", "Una póliza permanente", "Un formulario de reclamo", "Un aviso de cancelación"]', 0, 'A binder is a temporary insurance contract providing immediate coverage until the formal policy is issued.', 'Un binder es un contrato de seguro temporal que proporciona cobertura inmediata hasta que se emita la póliza formal.', true, '2026-01-14 18:28:35.684469', '2026-01-14 18:28:35.684469') ON CONFLICT (id) DO NOTHING;
INSERT INTO questions (id, category, topic, question_text_en, question_text_es, options_en, options_es, correct_answer, explanation_en, explanation_es, is_active, created_at, updated_at) VALUES ('2ce52f5e-73f5-465e-a629-ab035e36fa02', 'general_lines', NULL, 'What is earthquake coverage?', '¿Qué es la cobertura contra terremotos?', '["Included in all policies", "Coverage for earthquake damage typically requiring a separate policy or endorsement", "Life insurance", "Auto coverage"]', '["Incluida en todas las pólizas", "Cobertura para daños por terremotos típicamente requiriendo una póliza separada o endoso", "Seguro de vida", "Cobertura de auto"]', 1, 'Earthquake coverage protects against earthquake damage and is usually excluded from standard property policies, requiring a separate policy or endorsement.', 'La cobertura contra terremotos protege contra daños por terremotos y usualmente está excluida de las pólizas de propiedad estándar, requiriendo una póliza o endoso separado.', true, '2026-01-14 23:23:21.014709', '2026-01-14 23:23:21.014709') ON CONFLICT (id) DO NOTHING;
INSERT INTO questions (id, category, topic, question_text_en, question_text_es, options_en, options_es, correct_answer, explanation_en, explanation_es, is_active, created_at, updated_at) VALUES ('2ec121f1-7299-4d48-acea-b3fb95d8dafc', 'general_lines', NULL, 'What is liquor liability insurance?', '¿Qué es el seguro de responsabilidad por licor?', '["Insurance for liquor stores", "Coverage for claims arising from the sale or service of alcohol", "Property coverage", "Auto coverage"]', '["Seguro para tiendas de licores", "Cobertura para reclamos que surgen de la venta o servicio de alcohol", "Cobertura de propiedad", "Cobertura de auto"]', 1, 'Liquor liability insurance covers claims arising from injuries or damages caused by intoxicated persons who were served alcohol by the insured.', 'El seguro de responsabilidad por licor cubre reclamos que surgen de lesiones o daños causados por personas intoxicadas a quienes el asegurado sirvió alcohol.', true, '2026-01-14 23:10:18.249966', '2026-01-14 23:10:18.249966') ON CONFLICT (id) DO NOTHING;
INSERT INTO questions (id, category, topic, question_text_en, question_text_es, options_en, options_es, correct_answer, explanation_en, explanation_es, is_active, created_at, updated_at) VALUES ('2f6504da-289c-4304-a799-0edb683830b2', 'general_lines', NULL, 'What is morale hazard?', '¿Qué es el peligro de moralidad?', '["Intentional loss causing", "Carelessness or indifference to loss because of insurance", "A physical condition", "An exclusion"]', '["Causar pérdidas intencionales", "Descuido o indiferencia a la pérdida debido al seguro", "Una condición física", "Una exclusión"]', 1, 'Morale hazard is unintentional carelessness or indifference to preventing losses because insurance will cover the damage.', 'El peligro de moralidad es el descuido no intencional o la indiferencia hacia la prevención de pérdidas porque el seguro cubrirá el daño.', true, '2026-01-14 23:23:20.931209', '2026-01-14 23:23:20.931209') ON CONFLICT (id) DO NOTHING;
INSERT INTO questions (id, category, topic, question_text_en, question_text_es, options_en, options_es, correct_answer, explanation_en, explanation_es, is_active, created_at, updated_at) VALUES ('2f8f8254-4dd6-4aca-bfbd-81974ace8cd3', 'general_lines', NULL, 'What is an admitted insurance company?', '¿Qué es una compañía de seguros admitida?', '["A company licensed by the state to sell insurance", "An unlicensed company", "A surplus lines company", "A foreign company"]', '["Una compañía licenciada por el estado para vender seguros", "Una compañía sin licencia", "Una compañía de líneas excedentes", "Una compañía extranjera"]', 0, 'An admitted insurer is an insurance company that has been licensed by the state insurance department to conduct business in that state.', 'Un asegurador admitido es una compañía de seguros que ha sido licenciada por el departamento de seguros del estado para conducir negocios en ese estado.', true, '2026-01-14 18:28:35.701881', '2026-01-14 18:28:35.701881') ON CONFLICT (id) DO NOTHING;
INSERT INTO questions (id, category, topic, question_text_en, question_text_es, options_en, options_es, correct_answer, explanation_en, explanation_es, is_active, created_at, updated_at) VALUES ('306d0118-d22f-45ad-91ba-6288d4a60921', 'general_lines', NULL, 'What is a warranty in an insurance contract?', '¿Qué es una garantía en un contrato de seguro?', '["A type of coverage", "A statement or promise by the insured that must be strictly true for coverage to apply", "A premium discount", "An exclusion"]', '["Un tipo de cobertura", "Una declaración o promesa del asegurado que debe ser estrictamente verdadera para que se aplique la cobertura", "Un descuento de prima", "Una exclusión"]', 1, 'A warranty is a statement or promise made by the insured that must be strictly true, and a breach may void the policy.', 'Una garantía es una declaración o promesa hecha por el asegurado que debe ser estrictamente verdadera, y una violación puede anular la póliza.', true, '2026-01-14 23:13:37.34261', '2026-01-14 23:13:37.34261') ON CONFLICT (id) DO NOTHING;
INSERT INTO questions (id, category, topic, question_text_en, question_text_es, options_en, options_es, correct_answer, explanation_en, explanation_es, is_active, created_at, updated_at) VALUES ('31d7c589-0718-4702-903e-d0d142aadb0e', 'general_lines', NULL, 'What is aviation insurance?', '¿Qué es el seguro de aviación?', '["Travel insurance", "Coverage for aircraft hull damage and aviation-related liabilities", "Auto insurance", "Life insurance"]', '["Seguro de viaje", "Cobertura para daños al casco de aeronaves y responsabilidades relacionadas con la aviación", "Seguro de auto", "Seguro de vida"]', 1, 'Aviation insurance covers aircraft physical damage (hull coverage), liability for passenger injuries and property damage, and other aviation-related risks.', 'El seguro de aviación cubre daños físicos a aeronaves (cobertura de casco), responsabilidad por lesiones a pasajeros y daños a la propiedad, y otros riesgos relacionados con la aviación.', true, '2026-01-14 23:16:55.496714', '2026-01-14 23:16:55.496714') ON CONFLICT (id) DO NOTHING;
INSERT INTO questions (id, category, topic, question_text_en, question_text_es, options_en, options_es, correct_answer, explanation_en, explanation_es, is_active, created_at, updated_at) VALUES ('326ff389-d243-44ca-bc48-35bc27ef499d', 'general_lines', NULL, 'What is an independent adjuster?', '¿Qué es un ajustador independiente?', '["An insurance company employee", "A contract adjuster hired by insurers to handle claims", "A public adjuster", "A government adjuster"]', '["Un empleado de la compañía de seguros", "Un ajustador contratado por aseguradores para manejar reclamos", "Un ajustador público", "Un ajustador del gobierno"]', 1, 'An independent adjuster is a contractor hired by insurance companies to investigate and settle claims, not employed directly by any insurer.', 'Un ajustador independiente es un contratista contratado por compañías de seguros para investigar y liquidar reclamos, no empleado directamente por ningún asegurador.', true, '2026-01-14 23:23:20.986827', '2026-01-14 23:23:20.986827') ON CONFLICT (id) DO NOTHING;
INSERT INTO questions (id, category, topic, question_text_en, question_text_es, options_en, options_es, correct_answer, explanation_en, explanation_es, is_active, created_at, updated_at) VALUES ('32781c6b-4b13-4fff-b884-bbf2303a24d6', 'general_lines', NULL, 'What is a payment bond?', '¿Qué es una fianza de pago?', '["A premium payment plan", "A guarantee that subcontractors and suppliers will be paid", "A type of deductible", "An endorsement"]', '["Un plan de pago de prima", "Una garantía de que los subcontratistas y proveedores serán pagados", "Un tipo de deducible", "Un endoso"]', 1, 'A payment bond guarantees that the contractor will pay subcontractors, laborers, and suppliers for work performed on a project.', 'Una fianza de pago garantiza que el contratista pagará a los subcontratistas, trabajadores y proveedores por el trabajo realizado en un proyecto.', true, '2026-01-14 23:10:18.151559', '2026-01-14 23:10:18.151559') ON CONFLICT (id) DO NOTHING;
INSERT INTO questions (id, category, topic, question_text_en, question_text_es, options_en, options_es, correct_answer, explanation_en, explanation_es, is_active, created_at, updated_at) VALUES ('339fd630-7058-432b-b0cc-455b44f58a3e', 'general_lines', NULL, 'What is a waiver of subrogation?', '¿Qué es una renuncia de subrogación?', '["A type of coverage", "An agreement where the insurer gives up the right to recover from a third party", "A premium discount", "A deductible waiver"]', '["Un tipo de cobertura", "Un acuerdo donde el asegurador renuncia al derecho de recuperar de un tercero", "Un descuento de prima", "Una exención de deducible"]', 1, 'A waiver of subrogation is an endorsement where the insurer agrees not to pursue recovery from a specific third party after paying a claim.', 'Una renuncia de subrogación es un endoso donde el asegurador acepta no buscar recuperación de un tercero específico después de pagar un reclamo.', true, '2026-01-14 23:13:37.220226', '2026-01-14 23:13:37.220226') ON CONFLICT (id) DO NOTHING;
INSERT INTO questions (id, category, topic, question_text_en, question_text_es, options_en, options_es, correct_answer, explanation_en, explanation_es, is_active, created_at, updated_at) VALUES ('33ae0a7c-e066-40fb-b430-405760560681', 'general_lines', NULL, 'What is a public official bond?', '¿Qué es una fianza de funcionario público?', '["A private bond", "A bond guaranteeing honest performance by elected or appointed officials", "A bid bond", "A payment bond"]', '["Una fianza privada", "Una fianza que garantiza el desempeño honesto de funcionarios electos o nombrados", "Una fianza de licitación", "Una fianza de pago"]', 1, 'A public official bond guarantees that elected or appointed public officials will faithfully and honestly perform their duties.', 'Una fianza de funcionario público garantiza que los funcionarios públicos electos o nombrados desempeñarán sus deberes fielmente y honestamente.', true, '2026-01-14 23:16:55.516672', '2026-01-14 23:16:55.516672') ON CONFLICT (id) DO NOTHING;
INSERT INTO questions (id, category, topic, question_text_en, question_text_es, options_en, options_es, correct_answer, explanation_en, explanation_es, is_active, created_at, updated_at) VALUES ('33d66fe9-9e33-46b8-9b81-347c4b2f868e', 'general_lines', NULL, 'What is flood insurance typically excluded from?', '¿De qué está típicamente excluido el seguro contra inundaciones?', '["Flood policies", "Standard property insurance policies, requiring separate coverage", "Life insurance", "Auto insurance"]', '["Pólizas contra inundaciones", "Pólizas de seguro de propiedad estándar, requiriendo cobertura separada", "Seguro de vida", "Seguro de auto"]', 1, 'Flood is typically excluded from standard property policies and must be purchased separately through the NFIP or private flood insurers.', 'Las inundaciones típicamente están excluidas de las pólizas de propiedad estándar y deben comprarse por separado a través del NFIP o aseguradores privados de inundaciones.', true, '2026-01-14 23:23:21.012015', '2026-01-14 23:23:21.012015') ON CONFLICT (id) DO NOTHING;
INSERT INTO questions (id, category, topic, question_text_en, question_text_es, options_en, options_es, correct_answer, explanation_en, explanation_es, is_active, created_at, updated_at) VALUES ('34517d00-48f1-483b-be6a-09ea66d6c706', 'general_lines', NULL, 'What is the difference between primary and excess insurance?', '¿Cuál es la diferencia entre seguro primario y excedente?', '["No difference", "Primary pays first; excess pays after primary limits are exhausted", "Excess always pays first", "Primary covers property only"]', '["Sin diferencia", "El primario paga primero; el excedente paga después de que se agoten los límites primarios", "El excedente siempre paga primero", "El primario solo cubre propiedad"]', 1, 'Primary insurance pays claims first up to its limits, while excess insurance only pays after the primary policy''s limits are exhausted.', 'El seguro primario paga reclamos primero hasta sus límites, mientras que el seguro excedente solo paga después de que se agoten los límites de la póliza primaria.', true, '2026-01-14 23:10:18.23764', '2026-01-14 23:10:18.23764') ON CONFLICT (id) DO NOTHING;
INSERT INTO questions (id, category, topic, question_text_en, question_text_es, options_en, options_es, correct_answer, explanation_en, explanation_es, is_active, created_at, updated_at) VALUES ('349d75bb-30f3-4fd4-b538-bf00b0557d90', 'general_lines', NULL, 'What is the difference between replacement cost and actual cash value?', '¿Cuál es la diferencia entre costo de reemplazo y valor real en efectivo?', '["No difference", "Replacement cost pays full replacement; actual cash value deducts depreciation", "Actual cash value pays more", "Replacement cost includes market value"]', '["Sin diferencia", "Costo de reemplazo paga el reemplazo completo; valor real en efectivo deduce depreciación", "Valor real en efectivo paga más", "Costo de reemplazo incluye valor de mercado"]', 1, 'Replacement cost pays to replace or repair property without deducting for depreciation, while actual cash value deducts depreciation from the replacement cost.', 'El costo de reemplazo paga para reemplazar o reparar la propiedad sin deducir la depreciación, mientras que el valor real en efectivo deduce la depreciación del costo de reemplazo.', true, '2026-01-14 23:10:18.167086', '2026-01-14 23:10:18.167086') ON CONFLICT (id) DO NOTHING;
INSERT INTO questions (id, category, topic, question_text_en, question_text_es, options_en, options_es, correct_answer, explanation_en, explanation_es, is_active, created_at, updated_at) VALUES ('34f5a539-05c2-47cc-a3cd-ced989dd6f2c', 'general_lines', NULL, 'What is the difference between scheduled and blanket coverage?', '¿Cuál es la diferencia entre cobertura programada y general?', '["No difference", "Scheduled lists specific items with values; blanket covers multiple items under one limit", "Blanket is always more expensive", "Scheduled has no limits"]', '["Sin diferencia", "Programada lista artículos específicos con valores; general cubre múltiples artículos bajo un límite", "General siempre es más cara", "Programada no tiene límites"]', 1, 'Scheduled coverage lists specific items with individual values, while blanket coverage applies a single limit to multiple items or locations.', 'La cobertura programada lista artículos específicos con valores individuales, mientras que la cobertura general aplica un solo límite a múltiples artículos o ubicaciones.', true, '2026-01-14 23:16:55.468079', '2026-01-14 23:16:55.468079') ON CONFLICT (id) DO NOTHING;
INSERT INTO questions (id, category, topic, question_text_en, question_text_es, options_en, options_es, correct_answer, explanation_en, explanation_es, is_active, created_at, updated_at) VALUES ('34ffecc4-c9aa-4d0f-b099-72fb3ae77dbf', 'general_lines', NULL, 'What is General Lines insurance in Texas?', '¿Qué es el seguro de Líneas Generales en Texas?', '["Only life insurance", "Property, casualty, surety, and related coverages", "Only health insurance", "Only auto insurance"]', '["Solo seguro de vida", "Propiedad, accidentes, fianzas y coberturas relacionadas", "Solo seguro de salud", "Solo seguro de auto"]', 1, 'General Lines insurance in Texas includes property, casualty, surety bonds, and related lines of coverage.', 'El seguro de Líneas Generales en Texas incluye propiedad, accidentes, fianzas y líneas de cobertura relacionadas.', true, '2026-01-14 23:10:18.076779', '2026-01-14 23:10:18.076779') ON CONFLICT (id) DO NOTHING;
INSERT INTO questions (id, category, topic, question_text_en, question_text_es, options_en, options_es, correct_answer, explanation_en, explanation_es, is_active, created_at, updated_at) VALUES ('35c8b8bd-e41b-4859-8946-d7d7fad1323a', 'general_lines', NULL, 'What is a loading in insurance premiums?', '¿Qué es una carga en las primas de seguro?', '["Expected losses", "The amount added to pure premium for expenses, contingencies, and profit", "A discount", "A deductible"]', '["Pérdidas esperadas", "La cantidad agregada a la prima pura para gastos, contingencias y ganancia", "Un descuento", "Un deducible"]', 1, 'Loading is the amount added to the pure premium to cover operating expenses, contingencies, and provide a profit margin.', 'La carga es la cantidad agregada a la prima pura para cubrir gastos operativos, contingencias y proporcionar un margen de ganancia.', true, '2026-01-14 23:23:20.914276', '2026-01-14 23:23:20.914276') ON CONFLICT (id) DO NOTHING;
INSERT INTO questions (id, category, topic, question_text_en, question_text_es, options_en, options_es, correct_answer, explanation_en, explanation_es, is_active, created_at, updated_at) VALUES ('364a43f2-14d4-482b-9364-d1d70281511e', 'general_lines', NULL, 'What is crime insurance?', '¿Qué es el seguro contra crímenes?', '["Insurance for criminals", "Coverage for losses due to criminal acts such as theft, fraud, and forgery", "Liability insurance", "Life insurance"]', '["Seguro para criminales", "Cobertura para pérdidas debido a actos criminales como robo, fraude y falsificación", "Seguro de responsabilidad", "Seguro de vida"]', 1, 'Crime insurance covers losses resulting from criminal acts including employee theft, forgery, robbery, burglary, and computer fraud.', 'El seguro contra crímenes cubre pérdidas resultantes de actos criminales incluyendo robo de empleados, falsificación, robo con violencia, allanamiento y fraude informático.', true, '2026-01-14 23:10:18.205907', '2026-01-14 23:10:18.205907') ON CONFLICT (id) DO NOTHING;
INSERT INTO questions (id, category, topic, question_text_en, question_text_es, options_en, options_es, correct_answer, explanation_en, explanation_es, is_active, created_at, updated_at) VALUES ('373ff501-47e9-4d79-8fba-f018ef742b27', 'general_lines', NULL, 'What is a court bond?', '¿Qué es una fianza judicial?', '["A performance bond", "A bond required in judicial proceedings to guarantee performance of obligations", "A bid bond", "An employee bond"]', '["Una fianza de cumplimiento", "Una fianza requerida en procedimientos judiciales para garantizar el cumplimiento de obligaciones", "Una fianza de licitación", "Una fianza de empleado"]', 1, 'A court bond is required in judicial proceedings and guarantees that a party will fulfill certain obligations ordered by the court.', 'Una fianza judicial es requerida en procedimientos judiciales y garantiza que una parte cumplirá ciertas obligaciones ordenadas por el tribunal.', true, '2026-01-14 23:16:55.50536', '2026-01-14 23:16:55.50536') ON CONFLICT (id) DO NOTHING;
INSERT INTO questions (id, category, topic, question_text_en, question_text_es, options_en, options_es, correct_answer, explanation_en, explanation_es, is_active, created_at, updated_at) VALUES ('3bcfb10f-3721-499a-be5b-afdf3f13d9dd', 'general_lines', NULL, 'What is an experience modification factor in workers'' compensation?', '¿Qué es un factor de modificación de experiencia en compensación de trabajadores?', '["A type of coverage", "A multiplier that adjusts premiums based on the employer''s claims history", "An exclusion", "A deductible"]', '["Un tipo de cobertura", "Un multiplicador que ajusta las primas basado en el historial de reclamos del empleador", "Una exclusión", "Un deducible"]', 1, 'The experience modification factor adjusts workers'' compensation premiums based on an employer''s past claims experience compared to similar employers.', 'El factor de modificación de experiencia ajusta las primas de compensación de trabajadores basado en la experiencia de reclamos pasados del empleador comparado con empleadores similares.', true, '2026-01-14 23:10:18.196682', '2026-01-14 23:10:18.196682') ON CONFLICT (id) DO NOTHING;
INSERT INTO questions (id, category, topic, question_text_en, question_text_es, options_en, options_es, correct_answer, explanation_en, explanation_es, is_active, created_at, updated_at) VALUES ('3e17da90-2e7c-4826-a57b-800f6c2cef4b', 'general_lines', NULL, 'What is a commercial package policy (CPP)?', '¿Qué es una póliza de paquete comercial (CPP)?', '["A policy for shipping packages", "A modular policy combining multiple commercial coverages", "A personal insurance policy", "A life insurance policy"]', '["Una póliza para enviar paquetes", "Una póliza modular que combina múltiples coberturas comerciales", "Una póliza de seguro personal", "Una póliza de seguro de vida"]', 1, 'A CPP is a modular policy that combines two or more commercial coverage parts, such as property, liability, and crime, into a single policy.', 'Una CPP es una póliza modular que combina dos o más partes de cobertura comercial, como propiedad, responsabilidad y crímenes, en una sola póliza.', true, '2026-01-14 23:10:18.209601', '2026-01-14 23:10:18.209601') ON CONFLICT (id) DO NOTHING;
INSERT INTO questions (id, category, topic, question_text_en, question_text_es, options_en, options_es, correct_answer, explanation_en, explanation_es, is_active, created_at, updated_at) VALUES ('3e48a5f7-b6d7-4096-8c25-7fc163da7464', 'general_lines', NULL, 'What is employers'' liability insurance?', '¿Qué es el seguro de responsabilidad del empleador?', '["The same as workers'' compensation", "Coverage for lawsuits by injured employees not covered by workers'' compensation", "Property insurance", "Auto insurance"]', '["Lo mismo que compensación de trabajadores", "Cobertura para demandas por empleados lesionados no cubiertas por compensación de trabajadores", "Seguro de propiedad", "Seguro de auto"]', 1, 'Employers'' liability insurance covers claims by employees or their heirs that fall outside the workers'' compensation system, such as third-party-over claims.', 'El seguro de responsabilidad del empleador cubre reclamos de empleados o sus herederos que caen fuera del sistema de compensación de trabajadores, como reclamos de terceros.', true, '2026-01-14 23:10:18.199888', '2026-01-14 23:10:18.199888') ON CONFLICT (id) DO NOTHING;
INSERT INTO questions (id, category, topic, question_text_en, question_text_es, options_en, options_es, correct_answer, explanation_en, explanation_es, is_active, created_at, updated_at) VALUES ('3eaef517-018b-4df0-b5a1-1f0fd90c4910', 'general_lines', NULL, 'What is the care, custody, or control exclusion?', '¿Qué es la exclusión de cuidado, custodia o control?', '["Coverage for property in your care", "An exclusion for property in the insured''s care, custody, or control", "A premium discount", "An endorsement"]', '["Cobertura para propiedad bajo su cuidado", "Una exclusión para propiedad bajo el cuidado, custodia o control del asegurado", "Un descuento de prima", "Un endoso"]', 1, 'This exclusion eliminates liability coverage for damage to property in the insured''s care, custody, or control, which should be covered by property or bailee coverage.', 'Esta exclusión elimina la cobertura de responsabilidad por daños a la propiedad bajo el cuidado, custodia o control del asegurado, que debería estar cubierta por cobertura de propiedad o depositario.', true, '2026-01-14 23:13:37.396031', '2026-01-14 23:13:37.396031') ON CONFLICT (id) DO NOTHING;
INSERT INTO questions (id, category, topic, question_text_en, question_text_es, options_en, options_es, correct_answer, explanation_en, explanation_es, is_active, created_at, updated_at) VALUES ('3f35bafa-3835-439b-b607-a27ed2e9fb6f', 'general_lines', NULL, 'What is a conditional contract in insurance?', '¿Qué es un contrato condicional en seguros?', '["A contract where the insurer''s obligation depends on certain conditions being met", "An unconditional contract", "A loan agreement", "A lease agreement"]', '["Un contrato donde la obligación del asegurador depende de que se cumplan ciertas condiciones", "Un contrato incondicional", "Un acuerdo de préstamo", "Un contrato de arrendamiento"]', 0, 'Insurance is a conditional contract because the insurer''s obligation to pay depends on conditions like paying premiums and filing claims properly.', 'El seguro es un contrato condicional porque la obligación del asegurador de pagar depende de condiciones como pagar primas y presentar reclamos correctamente.', true, '2026-01-14 18:28:35.713072', '2026-01-14 18:28:35.713072') ON CONFLICT (id) DO NOTHING;
INSERT INTO questions (id, category, topic, question_text_en, question_text_es, options_en, options_es, correct_answer, explanation_en, explanation_es, is_active, created_at, updated_at) VALUES ('3f69707a-e81d-4e1e-970e-c7becac878df', 'general_lines', NULL, 'What is a pure premium?', '¿Qué es una prima pura?', '["The total premium charged", "The portion of premium needed to pay expected losses", "The agent''s commission", "The profit margin"]', '["La prima total cobrada", "La porción de la prima necesaria para pagar las pérdidas esperadas", "La comisión del agente", "El margen de ganancia"]', 1, 'The pure premium is the portion of the premium that covers expected losses, before adding expenses and profit loading.', 'La prima pura es la porción de la prima que cubre las pérdidas esperadas, antes de agregar gastos y carga de ganancia.', true, '2026-01-14 23:23:20.906464', '2026-01-14 23:23:20.906464') ON CONFLICT (id) DO NOTHING;
INSERT INTO questions (id, category, topic, question_text_en, question_text_es, options_en, options_es, correct_answer, explanation_en, explanation_es, is_active, created_at, updated_at) VALUES ('40870fbe-42dd-4718-99e1-9eb3aa065bf4', 'general_lines', NULL, 'What is the National Flood Insurance Program (NFIP)?', '¿Qué es el Programa Nacional de Seguro contra Inundaciones (NFIP)?', '["A private insurance program", "A federal program providing flood insurance in participating communities", "A state program", "An excess flood program"]', '["Un programa de seguro privado", "Un programa federal que proporciona seguro contra inundaciones en comunidades participantes", "Un programa estatal", "Un programa de inundación excedente"]', 1, 'The NFIP is a federal program administered by FEMA that provides flood insurance to property owners in participating communities.', 'El NFIP es un programa federal administrado por FEMA que proporciona seguro contra inundaciones a propietarios de propiedades en comunidades participantes.', true, '2026-01-14 23:13:37.310862', '2026-01-14 23:13:37.310862') ON CONFLICT (id) DO NOTHING;
INSERT INTO questions (id, category, topic, question_text_en, question_text_es, options_en, options_es, correct_answer, explanation_en, explanation_es, is_active, created_at, updated_at) VALUES ('409a4859-2381-4564-9117-d2403bd8e44b', 'general_lines', NULL, 'What is churning in insurance?', '¿Qué es el ''churning'' en seguros?', '["A type of coverage", "Excessive replacement of policies to generate commissions", "A premium payment method", "A claims process"]', '["Un tipo de cobertura", "Reemplazo excesivo de pólizas para generar comisiones", "Un método de pago de prima", "Un proceso de reclamos"]', 1, 'Churning is the unethical practice of repeatedly replacing insurance policies primarily to generate commission income for the agent.', 'El churning es la práctica poco ética de reemplazar repetidamente pólizas de seguro principalmente para generar ingresos por comisiones para el agente.', true, '2026-01-14 23:13:37.283557', '2026-01-14 23:13:37.283557') ON CONFLICT (id) DO NOTHING;
INSERT INTO questions (id, category, topic, question_text_en, question_text_es, options_en, options_es, correct_answer, explanation_en, explanation_es, is_active, created_at, updated_at) VALUES ('42a5bdb0-8dd8-4d91-aca0-3560d1be984a', 'general_lines', NULL, 'What is underwriting in insurance?', '¿Qué es la suscripción en seguros?', '["Selling insurance policies", "The process of evaluating risks and determining coverage terms and pricing", "Paying claims", "Processing applications"]', '["Vender pólizas de seguro", "El proceso de evaluar riesgos y determinar términos de cobertura y precios", "Pagar reclamos", "Procesar solicitudes"]', 1, 'Underwriting is the process of evaluating insurance applications, assessing risk, and determining whether to accept the risk and at what price and terms.', 'La suscripción es el proceso de evaluar solicitudes de seguro, evaluar riesgos y determinar si aceptar el riesgo y a qué precio y términos.', true, '2026-01-14 23:23:20.887831', '2026-01-14 23:23:20.887831') ON CONFLICT (id) DO NOTHING;
INSERT INTO questions (id, category, topic, question_text_en, question_text_es, options_en, options_es, correct_answer, explanation_en, explanation_es, is_active, created_at, updated_at) VALUES ('42acbdf6-5b14-4236-90eb-04349d7dfd0d', 'general_lines', NULL, 'What is a motor carrier bond?', '¿Qué es una fianza de transportista motorizado?', '["Auto insurance", "A bond required for trucking companies to guarantee cargo and liability obligations", "A personal bond", "A life insurance bond"]', '["Seguro de auto", "Una fianza requerida para compañías de camiones para garantizar obligaciones de carga y responsabilidad", "Una fianza personal", "Una fianza de seguro de vida"]', 1, 'A motor carrier bond is required by federal and state regulations for trucking companies to guarantee payment for cargo damage and liability claims.', 'Una fianza de transportista motorizado es requerida por regulaciones federales y estatales para compañías de camiones para garantizar el pago por daños a la carga y reclamos de responsabilidad.', true, '2026-01-14 23:16:55.525169', '2026-01-14 23:16:55.525169') ON CONFLICT (id) DO NOTHING;
INSERT INTO questions (id, category, topic, question_text_en, question_text_es, options_en, options_es, correct_answer, explanation_en, explanation_es, is_active, created_at, updated_at) VALUES ('458048df-a31e-43d0-90f9-d65f9cd95a70', 'general_lines', NULL, 'What fiduciary duty does an agent owe to their clients?', '¿Qué deber fiduciario debe un agente a sus clientes?', '["No duties", "A duty of loyalty, care, and to act in the client''s best interest", "Only to sell policies", "Only to collect premiums"]', '["Sin deberes", "Un deber de lealtad, cuidado y actuar en el mejor interés del cliente", "Solo vender pólizas", "Solo cobrar primas"]', 1, 'Agents owe fiduciary duties including loyalty, care, good faith, and the obligation to act in the best interest of their clients.', 'Los agentes deben deberes fiduciarios incluyendo lealtad, cuidado, buena fe y la obligación de actuar en el mejor interés de sus clientes.', true, '2026-01-14 23:23:21.045256', '2026-01-14 23:23:21.045256') ON CONFLICT (id) DO NOTHING;
INSERT INTO questions (id, category, topic, question_text_en, question_text_es, options_en, options_es, correct_answer, explanation_en, explanation_es, is_active, created_at, updated_at) VALUES ('46cb0847-e4bb-4e2f-a6e1-8ab572f0d754', 'general_lines', NULL, 'What is the difference between comprehensive and collision coverage?', '¿Cuál es la diferencia entre cobertura comprensiva y de colisión?', '["No difference", "Comprehensive covers non-collision losses; collision covers collision with objects", "Collision is always cheaper", "Comprehensive only covers theft"]', '["Sin diferencia", "Comprensiva cubre pérdidas sin colisión; colisión cubre colisión con objetos", "Colisión siempre es más barata", "Comprensiva solo cubre robo"]', 1, 'Comprehensive covers losses other than collision (theft, fire, vandalism, weather), while collision covers damage from impact with another object.', 'Comprensiva cubre pérdidas que no son de colisión (robo, incendio, vandalismo, clima), mientras que colisión cubre daños por impacto con otro objeto.', true, '2026-01-14 23:16:55.566971', '2026-01-14 23:16:55.566971') ON CONFLICT (id) DO NOTHING;
INSERT INTO questions (id, category, topic, question_text_en, question_text_es, options_en, options_es, correct_answer, explanation_en, explanation_es, is_active, created_at, updated_at) VALUES ('46e8c2f0-a795-45a3-832d-3a3c4a04891d', 'general_lines', NULL, 'What is a physical hazard?', '¿Qué es un peligro físico?', '["A moral condition", "A physical condition that increases the likelihood or severity of loss", "An exclusion", "A premium"]', '["Una condición moral", "Una condición física que aumenta la probabilidad o severidad de pérdida", "Una exclusión", "Una prima"]', 1, 'A physical hazard is a tangible condition that increases the chance of loss, such as faulty wiring, icy sidewalks, or defective equipment.', 'Un peligro físico es una condición tangible que aumenta la probabilidad de pérdida, como cableado defectuoso, aceras heladas o equipo defectuoso.', true, '2026-01-14 23:23:20.934989', '2026-01-14 23:23:20.934989') ON CONFLICT (id) DO NOTHING;
INSERT INTO questions (id, category, topic, question_text_en, question_text_es, options_en, options_es, correct_answer, explanation_en, explanation_es, is_active, created_at, updated_at) VALUES ('48ca7de1-8b16-4a5b-9a55-65c0a493676a', 'general_lines', NULL, 'What is a valued policy?', '¿Qué es una póliza valorada?', '["A policy with no value", "A policy that pays a predetermined amount in case of total loss", "A liability policy", "A term policy"]', '["Una póliza sin valor", "Una póliza que paga una cantidad predeterminada en caso de pérdida total", "Una póliza de responsabilidad", "Una póliza a término"]', 1, 'A valued policy pays a predetermined amount stated in the policy in the event of a total loss, regardless of actual cash value.', 'Una póliza valorada paga una cantidad predeterminada indicada en la póliza en caso de una pérdida total, independientemente del valor real en efectivo.', true, '2026-01-14 23:13:37.35402', '2026-01-14 23:13:37.35402') ON CONFLICT (id) DO NOTHING;
INSERT INTO questions (id, category, topic, question_text_en, question_text_es, options_en, options_es, correct_answer, explanation_en, explanation_es, is_active, created_at, updated_at) VALUES ('49f5d4ea-3586-44ec-8fb7-2d0249cf3aea', 'general_lines', NULL, 'What is an appraisal clause?', '¿Qué es una cláusula de tasación?', '["A premium calculation method", "A policy provision for resolving disputes over the value of a loss", "A coverage limit", "An exclusion"]', '["Un método de cálculo de prima", "Una disposición de póliza para resolver disputas sobre el valor de una pérdida", "Un límite de cobertura", "Una exclusión"]', 1, 'The appraisal clause provides a process to resolve disputes over the amount of a loss, where each party selects an appraiser and they choose an umpire.', 'La cláusula de tasación proporciona un proceso para resolver disputas sobre el monto de una pérdida, donde cada parte selecciona un tasador y ellos eligen un árbitro.', true, '2026-01-14 23:23:20.992045', '2026-01-14 23:23:20.992045') ON CONFLICT (id) DO NOTHING;
INSERT INTO questions (id, category, topic, question_text_en, question_text_es, options_en, options_es, correct_answer, explanation_en, explanation_es, is_active, created_at, updated_at) VALUES ('4b6f02d9-081e-4021-bc50-12979d5bde6b', 'general_lines', NULL, 'What is the continuing education requirement for Texas insurance agents?', '¿Cuál es el requisito de educación continua para agentes de seguros de Texas?', '["No requirement", "Completing required continuing education hours to maintain licensure", "Only one course ever", "Only for new agents"]', '["Sin requisito", "Completar las horas de educación continua requeridas para mantener la licencia", "Solo un curso", "Solo para nuevos agentes"]', 1, 'Texas requires licensed agents to complete continuing education hours every licensing period, including ethics courses, to maintain their license.', 'Texas requiere que los agentes con licencia completen horas de educación continua cada período de licencia, incluyendo cursos de ética, para mantener su licencia.', true, '2026-01-14 23:23:21.039364', '2026-01-14 23:23:21.039364') ON CONFLICT (id) DO NOTHING;
INSERT INTO questions (id, category, topic, question_text_en, question_text_es, options_en, options_es, correct_answer, explanation_en, explanation_es, is_active, created_at, updated_at) VALUES ('4c7e503c-01e0-4bfc-9cc2-18da3803a700', 'general_lines', NULL, 'What is risk pooling?', '¿Qué es la agrupación de riesgos?', '["Avoiding all risks", "Combining many similar risks to spread the cost of losses among all members", "Transferring all risks", "Eliminating risks"]', '["Evitar todos los riesgos", "Combinar muchos riesgos similares para distribuir el costo de las pérdidas entre todos los miembros", "Transferir todos los riesgos", "Eliminar riesgos"]', 1, 'Risk pooling combines many similar exposures to spread the cost of losses among the entire group, making individual losses more predictable.', 'La agrupación de riesgos combina muchas exposiciones similares para distribuir el costo de las pérdidas entre todo el grupo, haciendo las pérdidas individuales más predecibles.', true, '2026-01-14 23:23:20.944788', '2026-01-14 23:23:20.944788') ON CONFLICT (id) DO NOTHING;
INSERT INTO questions (id, category, topic, question_text_en, question_text_es, options_en, options_es, correct_answer, explanation_en, explanation_es, is_active, created_at, updated_at) VALUES ('4e23074b-7a08-4350-ac1c-b483bd8411e6', 'general_lines', NULL, 'What is hired and non-owned auto coverage?', '¿Qué es la cobertura de autos alquilados y no propios?', '["Coverage for owned vehicles", "Coverage for vehicles an employee uses for business that the business doesn''t own", "Personal auto coverage", "Motorcycle coverage"]', '["Cobertura para vehículos propios", "Cobertura para vehículos que un empleado usa para negocios que el negocio no posee", "Cobertura de auto personal", "Cobertura de motocicleta"]', 1, 'Hired and non-owned auto coverage provides liability protection when employees use rental cars or personal vehicles for business purposes.', 'La cobertura de autos alquilados y no propios proporciona protección de responsabilidad cuando los empleados usan autos de alquiler o vehículos personales para propósitos comerciales.', true, '2026-01-14 23:10:18.185356', '2026-01-14 23:10:18.185356') ON CONFLICT (id) DO NOTHING;
INSERT INTO questions (id, category, topic, question_text_en, question_text_es, options_en, options_es, correct_answer, explanation_en, explanation_es, is_active, created_at, updated_at) VALUES ('4f3c6445-4f68-4d75-a215-2b2210794e95', 'general_lines', NULL, 'What is a loss exposure?', '¿Qué es una exposición a pérdidas?', '["An actual loss", "Any condition or situation that presents the possibility of loss", "An insurance policy", "A premium payment"]', '["Una pérdida real", "Cualquier condición o situación que presenta la posibilidad de pérdida", "Una póliza de seguro", "Un pago de prima"]', 1, 'A loss exposure is any condition, situation, or activity that could result in a financial loss, such as owning property or operating a business.', 'Una exposición a pérdidas es cualquier condición, situación o actividad que podría resultar en una pérdida financiera, como poseer propiedad u operar un negocio.', true, '2026-01-14 23:23:20.969198', '2026-01-14 23:23:20.969198') ON CONFLICT (id) DO NOTHING;
INSERT INTO questions (id, category, topic, question_text_en, question_text_es, options_en, options_es, correct_answer, explanation_en, explanation_es, is_active, created_at, updated_at) VALUES ('510c3960-4fb5-47c9-ac5d-1c5ec613a8c6', 'general_lines', NULL, 'What is risk retention?', '¿Qué es la retención de riesgos?', '["Transferring all risk", "The decision to absorb a risk and pay for losses out of one''s own resources", "Avoiding all risk", "Purchasing insurance"]', '["Transferir todo el riesgo", "La decisión de absorber un riesgo y pagar las pérdidas con recursos propios", "Evitar todo el riesgo", "Comprar seguro"]', 1, 'Risk retention is a risk management technique where the organization decides to absorb potential losses rather than transfer them to an insurer.', 'La retención de riesgos es una técnica de gestión de riesgos donde la organización decide absorber las pérdidas potenciales en lugar de transferirlas a un asegurador.', true, '2026-01-14 23:23:20.955242', '2026-01-14 23:23:20.955242') ON CONFLICT (id) DO NOTHING;
INSERT INTO questions (id, category, topic, question_text_en, question_text_es, options_en, options_es, correct_answer, explanation_en, explanation_es, is_active, created_at, updated_at) VALUES ('5193afac-2b9d-4b9f-a7fa-91160aea1ddc', 'general_lines', NULL, 'What is rebating in insurance?', '¿Qué es el ''rebating'' en seguros?', '["A type of discount", "Giving part of the agent''s commission back to the insured as an inducement to purchase", "A premium refund", "A claims payment"]', '["Un tipo de descuento", "Dar parte de la comisión del agente al asegurado como incentivo para comprar", "Un reembolso de prima", "Un pago de reclamos"]', 1, 'Rebating is the illegal practice of giving any portion of an agent''s commission or something of value to the insured as an inducement to purchase insurance.', 'El rebating es la práctica ilegal de dar cualquier porción de la comisión de un agente o algo de valor al asegurado como incentivo para comprar seguro.', true, '2026-01-14 23:13:37.286588', '2026-01-14 23:13:37.286588') ON CONFLICT (id) DO NOTHING;
INSERT INTO questions (id, category, topic, question_text_en, question_text_es, options_en, options_es, correct_answer, explanation_en, explanation_es, is_active, created_at, updated_at) VALUES ('52234d0f-b38f-4a26-99a3-50da2ff85956', 'general_lines', NULL, 'What is general average in marine insurance?', '¿Qué es la avería gruesa en el seguro marítimo?', '["An average claim", "A maritime law principle where all parties share in losses from voluntary sacrifice to save the voyage", "A premium calculation", "A deductible"]', '["Un reclamo promedio", "Un principio de ley marítima donde todas las partes comparten pérdidas de sacrificio voluntario para salvar el viaje", "Un cálculo de prima", "Un deducible"]', 1, 'General average is a maritime law principle requiring all parties (ship, cargo owners) to share proportionally in losses from deliberate sacrifice to save the voyage.', 'La avería gruesa es un principio de ley marítima que requiere que todas las partes (barco, propietarios de carga) compartan proporcionalmente las pérdidas de sacrificio deliberado para salvar el viaje.', true, '2026-01-14 23:16:55.493036', '2026-01-14 23:16:55.493036') ON CONFLICT (id) DO NOTHING;
INSERT INTO questions (id, category, topic, question_text_en, question_text_es, options_en, options_es, correct_answer, explanation_en, explanation_es, is_active, created_at, updated_at) VALUES ('527f232f-de97-4fef-a301-39778ea6fdee', 'general_lines', NULL, 'What is employment practices liability insurance (EPLI)?', '¿Qué es el seguro de responsabilidad por prácticas de empleo (EPLI)?', '["Workers compensation", "Coverage for claims of discrimination, harassment, and wrongful termination", "Auto insurance", "Property insurance"]', '["Compensación de trabajadores", "Cobertura para reclamos de discriminación, acoso y terminación injusta", "Seguro de auto", "Seguro de propiedad"]', 1, 'EPLI covers claims by employees alleging discrimination, sexual harassment, wrongful termination, and other employment-related issues.', 'El EPLI cubre reclamos de empleados alegando discriminación, acoso sexual, terminación injusta y otros problemas relacionados con el empleo.', true, '2026-01-14 23:10:18.224677', '2026-01-14 23:10:18.224677') ON CONFLICT (id) DO NOTHING;
INSERT INTO questions (id, category, topic, question_text_en, question_text_es, options_en, options_es, correct_answer, explanation_en, explanation_es, is_active, created_at, updated_at) VALUES ('54bea775-a019-4a85-b467-c71ad45ddfd1', 'general_lines', NULL, 'What is computer fraud coverage?', '¿Qué es la cobertura de fraude informático?', '["Coverage for computer hardware", "Coverage for losses from unauthorized computer access or theft of funds", "Property coverage for computers", "Life insurance"]', '["Cobertura para hardware de computadora", "Cobertura por pérdidas de acceso no autorizado a computadoras o robo de fondos", "Cobertura de propiedad para computadoras", "Seguro de vida"]', 1, 'Computer fraud coverage protects against loss of money or securities resulting from fraudulent computer entry or unauthorized computer access.', 'La cobertura de fraude informático protege contra pérdida de dinero o valores resultante de entrada fraudulenta a computadoras o acceso no autorizado.', true, '2026-01-14 23:16:55.401967', '2026-01-14 23:16:55.401967') ON CONFLICT (id) DO NOTHING;
INSERT INTO questions (id, category, topic, question_text_en, question_text_es, options_en, options_es, correct_answer, explanation_en, explanation_es, is_active, created_at, updated_at) VALUES ('589b7e8a-e1da-4b72-af8b-bcb0a71d4120', 'general_lines', NULL, 'What is social engineering fraud coverage?', '¿Qué es la cobertura de fraude de ingeniería social?', '["Coverage for construction projects", "Coverage for losses from deceptive schemes that trick employees into transferring money", "Property coverage", "Auto coverage"]', '["Cobertura para proyectos de construcción", "Cobertura por pérdidas de esquemas engañosos que engañan a empleados para transferir dinero", "Cobertura de propiedad", "Cobertura de auto"]', 1, 'Social engineering fraud coverage protects against losses when employees are tricked into transferring money or securities through deceptive communications.', 'La cobertura de fraude de ingeniería social protege contra pérdidas cuando empleados son engañados para transferir dinero o valores a través de comunicaciones engañosas.', true, '2026-01-14 23:16:55.407341', '2026-01-14 23:16:55.407341') ON CONFLICT (id) DO NOTHING;
INSERT INTO questions (id, category, topic, question_text_en, question_text_es, options_en, options_es, correct_answer, explanation_en, explanation_es, is_active, created_at, updated_at) VALUES ('59563235-cf23-4868-ba69-1be111720ff9', 'general_lines', NULL, 'What is the purpose of the declarations page in an insurance policy?', '¿Cuál es el propósito de la página de declaraciones en una póliza de seguro?', '["To list exclusions", "To summarize key policy information such as named insured, coverage limits, and premium", "To define terms", "To list claims"]', '["Listar exclusiones", "Resumir información clave de la póliza como el asegurado nombrado, límites de cobertura y prima", "Definir términos", "Listar reclamos"]', 1, 'The declarations page (dec page) provides a summary of the policy including the named insured, policy period, coverage amounts, deductibles, and premium.', 'La página de declaraciones proporciona un resumen de la póliza incluyendo el asegurado nombrado, período de la póliza, montos de cobertura, deducibles y prima.', true, '2026-01-14 23:13:37.315489', '2026-01-14 23:13:37.315489') ON CONFLICT (id) DO NOTHING;
INSERT INTO questions (id, category, topic, question_text_en, question_text_es, options_en, options_es, correct_answer, explanation_en, explanation_es, is_active, created_at, updated_at) VALUES ('59b63c38-20a1-4338-985e-3834f4594ab3', 'general_lines', NULL, 'What does ''defense costs inside limits'' mean?', '¿Qué significa ''costos de defensa dentro de los límites''?', '["Defense costs are unlimited", "Defense costs reduce the available policy limits for claim payments", "Defense costs are not covered", "Defense costs are paid separately"]', '["Los costos de defensa son ilimitados", "Los costos de defensa reducen los límites de póliza disponibles para pagos de reclamos", "Los costos de defensa no están cubiertos", "Los costos de defensa se pagan por separado"]', 1, 'Defense costs inside limits means that attorneys'' fees and defense expenses reduce the policy limits available to pay claims.', 'Costos de defensa dentro de los límites significa que los honorarios de abogados y gastos de defensa reducen los límites de póliza disponibles para pagar reclamos.', true, '2026-01-14 23:16:55.545057', '2026-01-14 23:16:55.545057') ON CONFLICT (id) DO NOTHING;
INSERT INTO questions (id, category, topic, question_text_en, question_text_es, options_en, options_es, correct_answer, explanation_en, explanation_es, is_active, created_at, updated_at) VALUES ('5a26fb5f-998f-400b-96e7-6aabd1177633', 'general_lines', NULL, 'What is insurable interest?', '¿Qué es el interés asegurable?', '["Interest earned on premiums", "A financial stake in the subject of insurance that would result in financial loss if damaged", "Interest in buying insurance", "A curiosity about insurance"]', '["Interés ganado sobre primas", "Una participación financiera en el objeto del seguro que resultaría en pérdida financiera si se daña", "Interés en comprar seguro", "Una curiosidad sobre seguros"]', 1, 'Insurable interest means the insured would suffer a financial loss if the insured property or person is damaged or dies.', 'El interés asegurable significa que el asegurado sufriría una pérdida financiera si la propiedad o persona asegurada se daña o muere.', true, '2026-01-14 23:13:37.330623', '2026-01-14 23:13:37.330623') ON CONFLICT (id) DO NOTHING;
INSERT INTO questions (id, category, topic, question_text_en, question_text_es, options_en, options_es, correct_answer, explanation_en, explanation_es, is_active, created_at, updated_at) VALUES ('5aa1f750-5a5f-416d-a8cb-b6ff590e602a', 'general_lines', NULL, 'What is the principle of indemnity?', '¿Qué es el principio de indemnización?', '["The insured should be restored to their pre-loss condition, not profit from a loss", "Making a profit from insurance", "Getting more than the loss value", "A type of coverage"]', '["El asegurado debe ser restaurado a su condición previa a la pérdida, no beneficiarse de una pérdida", "Obtener ganancia del seguro", "Obtener más del valor de la pérdida", "Un tipo de cobertura"]', 0, 'The principle of indemnity states that insurance should restore the insured to their original financial position, not better.', 'El principio de indemnización establece que el seguro debe restaurar al asegurado a su posición financiera original, no mejor.', true, '2026-01-14 18:28:35.710211', '2026-01-14 18:28:35.710211') ON CONFLICT (id) DO NOTHING;
INSERT INTO questions (id, category, topic, question_text_en, question_text_es, options_en, options_es, correct_answer, explanation_en, explanation_es, is_active, created_at, updated_at) VALUES ('5cc6ed00-561d-41b9-97fc-a91a637616d9', 'general_lines', NULL, 'What is a retroactive date in a claims-made policy?', '¿Qué es una fecha retroactiva en una póliza de reclamos hechos?', '["The policy expiration date", "The date before which claims for incidents are not covered", "The premium due date", "The renewal date"]', '["La fecha de vencimiento de la póliza", "La fecha antes de la cual los reclamos por incidentes no están cubiertos", "La fecha de vencimiento de la prima", "La fecha de renovación"]', 1, 'The retroactive date establishes the earliest date for which a claims-made policy will cover claims arising from incidents.', 'La fecha retroactiva establece la fecha más temprana para la cual una póliza de reclamos hechos cubrirá reclamos que surjan de incidentes.', true, '2026-01-14 23:10:18.227662', '2026-01-14 23:10:18.227662') ON CONFLICT (id) DO NOTHING;
INSERT INTO questions (id, category, topic, question_text_en, question_text_es, options_en, options_es, correct_answer, explanation_en, explanation_es, is_active, created_at, updated_at) VALUES ('5cfcd9f9-6ccd-459b-82f9-799a51eb471b', 'general_lines', NULL, 'What does inland marine insurance typically cover?', '¿Qué cubre típicamente el seguro marítimo interior?', '["Ocean vessels only", "Property in transit and movable property", "Health care costs", "Life insurance"]', '["Solo embarcaciones oceánicas", "Propiedad en tránsito y propiedad móvil", "Costos de atención médica", "Seguro de vida"]', 1, 'Inland marine insurance covers property in transit, movable property, and property held by bailees, excluding ocean-going vessels.', 'El seguro marítimo interior cubre propiedad en tránsito, propiedad móvil y propiedad retenida por depositarios, excluyendo embarcaciones oceánicas.', true, '2026-01-14 23:10:18.121782', '2026-01-14 23:10:18.121782') ON CONFLICT (id) DO NOTHING;
INSERT INTO questions (id, category, topic, question_text_en, question_text_es, options_en, options_es, correct_answer, explanation_en, explanation_es, is_active, created_at, updated_at) VALUES ('5f135aed-15ab-4d06-b857-a1d3f88f7c0f', 'general_lines', NULL, 'What is rate making in insurance?', '¿Qué es la tarificación en seguros?', '["Setting agent commissions", "The process of determining premium rates based on expected losses and expenses", "Paying claims", "Marketing insurance"]', '["Establecer comisiones de agentes", "El proceso de determinar tasas de primas basadas en pérdidas esperadas y gastos", "Pagar reclamos", "Comercializar seguros"]', 1, 'Rate making is the process insurers use to determine premium rates, considering expected losses, expenses, and profit margins.', 'La tarificación es el proceso que los aseguradores usan para determinar tasas de primas, considerando pérdidas esperadas, gastos y márgenes de ganancia.', true, '2026-01-14 23:23:20.902286', '2026-01-14 23:23:20.902286') ON CONFLICT (id) DO NOTHING;
INSERT INTO questions (id, category, topic, question_text_en, question_text_es, options_en, options_es, correct_answer, explanation_en, explanation_es, is_active, created_at, updated_at) VALUES ('5f7c427d-883a-49e7-b8f6-fab56c61cca9', 'general_lines', NULL, 'What is a loss payee?', '¿Qué es un beneficiario de pérdida?', '["The insurance company", "A party with a financial interest who receives claim payments", "The insured", "The agent"]', '["La compañía de seguros", "Una parte con interés financiero que recibe pagos de reclamos", "El asegurado", "El agente"]', 1, 'A loss payee is a party, often a lender, with a financial interest in the insured property who is entitled to receive claim payments.', 'Un beneficiario de pérdida es una parte, a menudo un prestamista, con interés financiero en la propiedad asegurada que tiene derecho a recibir pagos de reclamos.', true, '2026-01-14 23:10:18.174762', '2026-01-14 23:10:18.174762') ON CONFLICT (id) DO NOTHING;
INSERT INTO questions (id, category, topic, question_text_en, question_text_es, options_en, options_es, correct_answer, explanation_en, explanation_es, is_active, created_at, updated_at) VALUES ('60ec0ca7-8676-4cd4-810b-ad7f920ce438', 'general_lines', NULL, 'What does ''aleatory'' mean regarding insurance contracts?', '¿Qué significa ''aleatorio'' respecto a los contratos de seguro?', '["Equal exchange of value", "The amounts exchanged by the parties may be unequal depending on whether a loss occurs", "Guaranteed payments", "No risk involved"]', '["Intercambio igual de valor", "Las cantidades intercambiadas por las partes pueden ser desiguales dependiendo de si ocurre una pérdida", "Pagos garantizados", "Sin riesgo involucrado"]', 1, 'Aleatory means the value exchanged by the parties is unequal—the insured pays premiums, but the insurer may pay nothing or a large claim depending on losses.', 'Aleatorio significa que el valor intercambiado por las partes es desigual—el asegurado paga primas, pero el asegurador puede no pagar nada o un gran reclamo dependiendo de las pérdidas.', true, '2026-01-14 23:13:37.348847', '2026-01-14 23:13:37.348847') ON CONFLICT (id) DO NOTHING;
INSERT INTO questions (id, category, topic, question_text_en, question_text_es, options_en, options_es, correct_answer, explanation_en, explanation_es, is_active, created_at, updated_at) VALUES ('61c7e537-f2aa-4af2-b793-227cda716631', 'general_lines', NULL, 'What is a bid bond?', '¿Qué es una fianza de licitación?', '["Insurance for property", "A guarantee that a contractor will honor their bid if selected", "A type of liability coverage", "An employee benefit"]', '["Seguro de propiedad", "Una garantía de que un contratista honrará su oferta si es seleccionado", "Un tipo de cobertura de responsabilidad", "Un beneficio para empleados"]', 1, 'A bid bond guarantees that a contractor will enter into a contract and provide required bonds if their bid is accepted.', 'Una fianza de licitación garantiza que un contratista celebrará un contrato y proporcionará las fianzas requeridas si su oferta es aceptada.', true, '2026-01-14 23:10:18.145154', '2026-01-14 23:10:18.145154') ON CONFLICT (id) DO NOTHING;
INSERT INTO questions (id, category, topic, question_text_en, question_text_es, options_en, options_es, correct_answer, explanation_en, explanation_es, is_active, created_at, updated_at) VALUES ('6a7d5f68-afcf-4137-972b-1b4c0e528c26', 'general_lines', NULL, 'What is employee dishonesty coverage?', '¿Qué es la cobertura de deshonestidad de empleados?', '["Coverage for employee injuries", "Coverage for losses caused by dishonest acts of employees", "Health insurance", "Life insurance"]', '["Cobertura para lesiones de empleados", "Cobertura por pérdidas causadas por actos deshonestos de empleados", "Seguro de salud", "Seguro de vida"]', 1, 'Employee dishonesty coverage protects employers from losses caused by fraudulent or dishonest acts committed by employees.', 'La cobertura de deshonestidad de empleados protege a los empleadores de pérdidas causadas por actos fraudulentos o deshonestos cometidos por empleados.', true, '2026-01-14 23:16:55.388865', '2026-01-14 23:16:55.388865') ON CONFLICT (id) DO NOTHING;
INSERT INTO questions (id, category, topic, question_text_en, question_text_es, options_en, options_es, correct_answer, explanation_en, explanation_es, is_active, created_at, updated_at) VALUES ('6b5dec50-cb6e-478a-a649-0d0b721f4da7', 'general_lines', NULL, 'In Texas, workers'' compensation is:', 'En Texas, la compensación de trabajadores es:', '["Mandatory for all employers", "Optional for most private employers", "Only for government employers", "Required only for large companies"]', '["Obligatoria para todos los empleadores", "Opcional para la mayoría de empleadores privados", "Solo para empleadores gubernamentales", "Requerida solo para grandes empresas"]', 1, 'Texas is unique in that workers'' compensation insurance is optional for most private employers, though they face certain liabilities if they don''t carry it.', 'Texas es único en que el seguro de compensación de trabajadores es opcional para la mayoría de empleadores privados, aunque enfrentan ciertas responsabilidades si no lo tienen.', true, '2026-01-14 23:10:18.192814', '2026-01-14 23:10:18.192814') ON CONFLICT (id) DO NOTHING;
INSERT INTO questions (id, category, topic, question_text_en, question_text_es, options_en, options_es, correct_answer, explanation_en, explanation_es, is_active, created_at, updated_at) VALUES ('6c43b6ed-283e-480b-930f-4b700f309b8f', 'general_lines', NULL, 'What is a certificate of insurance?', '¿Qué es un certificado de seguro?', '["The actual policy document", "A document showing proof of insurance coverage", "A license to sell insurance", "A claim form"]', '["El documento de póliza real", "Un documento que muestra prueba de cobertura de seguro", "Una licencia para vender seguros", "Un formulario de reclamo"]', 1, 'A certificate of insurance is a document that provides evidence of insurance coverage, often required by third parties for contractual purposes.', 'Un certificado de seguro es un documento que proporciona evidencia de cobertura de seguro, a menudo requerido por terceros para propósitos contractuales.', true, '2026-01-14 23:10:18.129966', '2026-01-14 23:10:18.129966') ON CONFLICT (id) DO NOTHING;
INSERT INTO questions (id, category, topic, question_text_en, question_text_es, options_en, options_es, correct_answer, explanation_en, explanation_es, is_active, created_at, updated_at) VALUES ('6ca64545-1c59-4875-b84c-4d048a5f7228', 'general_lines', NULL, 'What is the difference between occurrence and claims-made coverage?', '¿Cuál es la diferencia entre la cobertura por ocurrencia y la cobertura por reclamos hechos?', '["No difference", "Occurrence covers events during policy period; claims-made covers claims filed during policy period", "Claims-made is always more expensive", "Occurrence only covers property"]', '["Sin diferencia", "Ocurrencia cubre eventos durante el período de la póliza; reclamos hechos cubre reclamos presentados durante el período de la póliza", "Reclamos hechos siempre es más caro", "Ocurrencia solo cubre propiedad"]', 1, 'Occurrence coverage covers incidents that occur during the policy period regardless of when claims are filed, while claims-made covers claims filed during the policy period.', 'La cobertura por ocurrencia cubre incidentes que ocurren durante el período de la póliza sin importar cuándo se presenten los reclamos, mientras que reclamos hechos cubre reclamos presentados durante el período de la póliza.', true, '2026-01-14 23:10:18.103439', '2026-01-14 23:10:18.103439') ON CONFLICT (id) DO NOTHING;
INSERT INTO questions (id, category, topic, question_text_en, question_text_es, options_en, options_es, correct_answer, explanation_en, explanation_es, is_active, created_at, updated_at) VALUES ('6cae3b63-2d8d-4f2f-bb71-f1b54146236c', 'general_lines', NULL, 'What is the purpose of a hold harmless agreement?', '¿Cuál es el propósito de un acuerdo de exoneración de responsabilidad?', '["To cancel insurance", "To transfer liability from one party to another", "To increase premiums", "To deny claims"]', '["Cancelar el seguro", "Transferir responsabilidad de una parte a otra", "Aumentar las primas", "Denegar reclamos"]', 1, 'A hold harmless agreement is a contractual provision where one party agrees to indemnify and hold the other party harmless from liability.', 'Un acuerdo de exoneración de responsabilidad es una disposición contractual donde una parte acuerda indemnizar y exonerar a la otra parte de responsabilidad.', true, '2026-01-14 23:10:18.142076', '2026-01-14 23:10:18.142076') ON CONFLICT (id) DO NOTHING;
INSERT INTO questions (id, category, topic, question_text_en, question_text_es, options_en, options_es, correct_answer, explanation_en, explanation_es, is_active, created_at, updated_at) VALUES ('6e707e71-7f7b-40fc-8148-4248d836ffa7', 'general_lines', NULL, 'What is the difference between named perils and open perils coverage?', '¿Cuál es la diferencia entre cobertura de riesgos nombrados y riesgos abiertos?', '["No difference", "Named perils covers only listed risks; open perils covers all risks except those excluded", "Open perils is always cheaper", "Named perils covers more"]', '["Sin diferencia", "Riesgos nombrados cubre solo riesgos listados; riesgos abiertos cubre todos los riesgos excepto los excluidos", "Riesgos abiertos siempre es más barato", "Riesgos nombrados cubre más"]', 1, 'Named perils coverage only covers losses from specifically listed perils, while open perils (all-risk) covers all losses except those specifically excluded.', 'La cobertura de riesgos nombrados solo cubre pérdidas de riesgos específicamente listados, mientras que riesgos abiertos (todo riesgo) cubre todas las pérdidas excepto las específicamente excluidas.', true, '2026-01-14 23:10:18.126229', '2026-01-14 23:10:18.126229') ON CONFLICT (id) DO NOTHING;
INSERT INTO questions (id, category, topic, question_text_en, question_text_es, options_en, options_es, correct_answer, explanation_en, explanation_es, is_active, created_at, updated_at) VALUES ('6e8bcd69-ae60-499c-befc-21283bb7f088', 'general_lines', NULL, 'What is the primary purpose of workers'' compensation insurance?', '¿Cuál es el propósito principal del seguro de compensación de trabajadores?', '["To provide life insurance to employees", "To provide benefits to employees injured or ill due to their job", "To cover property damage", "To provide auto coverage"]', '["Proporcionar seguro de vida a los empleados", "Proporcionar beneficios a empleados lesionados o enfermos debido a su trabajo", "Cubrir daños a la propiedad", "Proporcionar cobertura de auto"]', 1, 'Workers'' compensation insurance provides medical benefits and wage replacement to employees who suffer work-related injuries or illnesses.', 'El seguro de compensación de trabajadores proporciona beneficios médicos y reemplazo de salario a empleados que sufren lesiones o enfermedades relacionadas con el trabajo.', true, '2026-01-14 23:10:18.189326', '2026-01-14 23:10:18.189326') ON CONFLICT (id) DO NOTHING;
INSERT INTO questions (id, category, topic, question_text_en, question_text_es, options_en, options_es, correct_answer, explanation_en, explanation_es, is_active, created_at, updated_at) VALUES ('6ecbde73-ff12-48d3-a47e-17dc4b186866', 'general_lines', NULL, 'What is moral hazard?', '¿Qué es el riesgo moral?', '["Unethical behavior by agents", "Increased risk-taking because insurance covers the loss", "A physical hazard", "A premium calculation"]', '["Comportamiento poco ético de agentes", "Mayor toma de riesgos porque el seguro cubre la pérdida", "Un peligro físico", "Un cálculo de prima"]', 1, 'Moral hazard is the tendency for people to take greater risks or be less careful because they have insurance to cover potential losses.', 'El riesgo moral es la tendencia de las personas a tomar mayores riesgos o ser menos cuidadosos porque tienen seguro para cubrir pérdidas potenciales.', true, '2026-01-14 23:23:20.925166', '2026-01-14 23:23:20.925166') ON CONFLICT (id) DO NOTHING;
INSERT INTO questions (id, category, topic, question_text_en, question_text_es, options_en, options_es, correct_answer, explanation_en, explanation_es, is_active, created_at, updated_at) VALUES ('707bfcf2-95a0-48c8-8661-2b0b8db6eb3e', 'general_lines', NULL, 'What is the duty to defend in liability insurance?', '¿Qué es el deber de defender en el seguro de responsabilidad?', '["The insured''s obligation to fight claims", "The insurer''s obligation to provide legal defense for covered claims", "The agent''s duty", "A premium requirement"]', '["La obligación del asegurado de combatir reclamos", "La obligación del asegurador de proporcionar defensa legal para reclamos cubiertos", "El deber del agente", "Un requisito de prima"]', 1, 'The duty to defend is the insurer''s contractual obligation to provide legal defense for the insured when a covered claim or lawsuit is filed.', 'El deber de defender es la obligación contractual del asegurador de proporcionar defensa legal para el asegurado cuando se presenta un reclamo o demanda cubierta.', true, '2026-01-14 23:13:37.26766', '2026-01-14 23:13:37.26766') ON CONFLICT (id) DO NOTHING;
INSERT INTO questions (id, category, topic, question_text_en, question_text_es, options_en, options_es, correct_answer, explanation_en, explanation_es, is_active, created_at, updated_at) VALUES ('7194be7a-c581-47ee-b4ca-859504592160', 'general_lines', NULL, 'What is professional liability insurance also known as?', '¿Cómo se conoce también el seguro de responsabilidad profesional?', '["General liability", "Errors and Omissions (E&O) insurance", "Workers compensation", "Product liability"]', '["Responsabilidad general", "Seguro de Errores y Omisiones (E&O)", "Compensación de trabajadores", "Responsabilidad por productos"]', 1, 'Professional liability insurance is commonly called Errors and Omissions (E&O) insurance and covers professionals against negligence claims.', 'El seguro de responsabilidad profesional se conoce comúnmente como seguro de Errores y Omisiones (E&O) y cubre a los profesionales contra reclamos de negligencia.', true, '2026-01-14 23:10:18.118143', '2026-01-14 23:10:18.118143') ON CONFLICT (id) DO NOTHING;
INSERT INTO questions (id, category, topic, question_text_en, question_text_es, options_en, options_es, correct_answer, explanation_en, explanation_es, is_active, created_at, updated_at) VALUES ('721473e1-1073-4511-a319-dcbb474e9d76', 'general_lines', NULL, 'What is a retrospective rating plan?', '¿Qué es un plan de tarificación retrospectiva?', '["A fixed premium plan", "A plan where final premium is adjusted based on actual loss experience during the policy period", "A discount plan", "A life insurance plan"]', '["Un plan de prima fija", "Un plan donde la prima final se ajusta basada en la experiencia real de pérdidas durante el período de la póliza", "Un plan de descuento", "Un plan de seguro de vida"]', 1, 'A retrospective rating plan adjusts the final premium based on the insured''s actual loss experience during the policy period, within minimum and maximum limits.', 'Un plan de tarificación retrospectiva ajusta la prima final basada en la experiencia real de pérdidas del asegurado durante el período de la póliza, dentro de límites mínimos y máximos.', true, '2026-01-14 23:23:20.949051', '2026-01-14 23:23:20.949051') ON CONFLICT (id) DO NOTHING;
INSERT INTO questions (id, category, topic, question_text_en, question_text_es, options_en, options_es, correct_answer, explanation_en, explanation_es, is_active, created_at, updated_at) VALUES ('74e77e04-c489-4faf-bbcc-6477739a1940', 'general_lines', NULL, 'What is twisting in insurance?', '¿Qué es el twisting en seguros?', '["Misrepresenting facts to induce a customer to replace an existing policy", "A type of coverage", "A premium discount", "A policy endorsement"]', '["Tergiversar hechos para inducir a un cliente a reemplazar una póliza existente", "Un tipo de cobertura", "Un descuento de prima", "Un endoso de póliza"]', 0, 'Twisting is the illegal practice of using misrepresentations to convince a policyholder to replace an existing policy with a new one.', 'El twisting es la práctica ilegal de usar tergiversaciones para convencer a un asegurado de reemplazar una póliza existente con una nueva.', true, '2026-01-14 18:28:35.690628', '2026-01-14 18:28:35.690628') ON CONFLICT (id) DO NOTHING;
INSERT INTO questions (id, category, topic, question_text_en, question_text_es, options_en, options_es, correct_answer, explanation_en, explanation_es, is_active, created_at, updated_at) VALUES ('75d06899-6aa5-448e-932e-8d7ddcc77ef8', 'general_lines', NULL, 'What is the cancellation provision in a policy?', '¿Qué es la disposición de cancelación en una póliza?', '["A coverage provision", "Terms explaining how either party may cancel the policy", "A premium calculation", "An exclusion"]', '["Una disposición de cobertura", "Términos que explican cómo cualquiera de las partes puede cancelar la póliza", "Un cálculo de prima", "Una exclusión"]', 1, 'The cancellation provision specifies the conditions and procedures under which the insurer or insured may cancel the policy before expiration.', 'La disposición de cancelación especifica las condiciones y procedimientos bajo los cuales el asegurador o asegurado puede cancelar la póliza antes del vencimiento.', true, '2026-01-14 23:23:21.024229', '2026-01-14 23:23:21.024229') ON CONFLICT (id) DO NOTHING;
INSERT INTO questions (id, category, topic, question_text_en, question_text_es, options_en, options_es, correct_answer, explanation_en, explanation_es, is_active, created_at, updated_at) VALUES ('767b3a96-fc2f-4ba4-a06d-2819f5b500cf', 'general_lines', NULL, 'What is the purpose of a blanket policy?', '¿Cuál es el propósito de una póliza general?', '["To cover only one item", "To cover multiple locations or types of property under a single limit", "To exclude coverage", "To provide life insurance"]', '["Cubrir solo un artículo", "Cubrir múltiples ubicaciones o tipos de propiedad bajo un solo límite", "Excluir cobertura", "Proporcionar seguro de vida"]', 1, 'A blanket policy covers multiple properties, locations, or types of property under a single coverage limit.', 'Una póliza general cubre múltiples propiedades, ubicaciones o tipos de propiedad bajo un solo límite de cobertura.', true, '2026-01-14 23:10:18.158709', '2026-01-14 23:10:18.158709') ON CONFLICT (id) DO NOTHING;
INSERT INTO questions (id, category, topic, question_text_en, question_text_es, options_en, options_es, correct_answer, explanation_en, explanation_es, is_active, created_at, updated_at) VALUES ('76ddf552-d5e3-4297-b333-bb8a6c9f7436', 'general_lines', NULL, 'What is garagekeepers coverage?', '¿Qué es la cobertura de cuidador de garaje?', '["Coverage for garage buildings", "Coverage for damage to customers'' vehicles in the care of an auto service business", "Liability coverage", "Life insurance"]', '["Cobertura para edificios de garaje", "Cobertura por daños a vehículos de clientes bajo el cuidado de un negocio de servicio de autos", "Cobertura de responsabilidad", "Seguro de vida"]', 1, 'Garagekeepers coverage protects auto dealers and repair shops for damage to customers'' vehicles left in their care, custody, or control.', 'La cobertura de cuidador de garaje protege a concesionarios de autos y talleres de reparación por daños a vehículos de clientes dejados bajo su cuidado, custodia o control.', true, '2026-01-14 23:16:55.557753', '2026-01-14 23:16:55.557753') ON CONFLICT (id) DO NOTHING;
INSERT INTO questions (id, category, topic, question_text_en, question_text_es, options_en, options_es, correct_answer, explanation_en, explanation_es, is_active, created_at, updated_at) VALUES ('794e5628-9253-421f-96fc-6851b512ea9f', 'general_lines', NULL, 'What is adverse selection in insurance?', '¿Qué es la selección adversa en seguros?', '["Choosing the best risks", "The tendency for higher-risk individuals to seek more insurance coverage", "Selecting good agents", "Choosing low premiums"]', '["Elegir los mejores riesgos", "La tendencia de individuos de alto riesgo a buscar más cobertura de seguro", "Seleccionar buenos agentes", "Elegir primas bajas"]', 1, 'Adverse selection occurs when people with higher risks are more likely to purchase insurance, potentially leading to higher claims than expected.', 'La selección adversa ocurre cuando las personas con mayores riesgos tienen más probabilidades de comprar seguros, potencialmente llevando a reclamos más altos de lo esperado.', true, '2026-01-14 23:23:20.919871', '2026-01-14 23:23:20.919871') ON CONFLICT (id) DO NOTHING;
INSERT INTO questions (id, category, topic, question_text_en, question_text_es, options_en, options_es, correct_answer, explanation_en, explanation_es, is_active, created_at, updated_at) VALUES ('7a1a3d21-303a-428b-82fb-aa01e8a00292', 'general_lines', NULL, 'What is the purpose of a commercial property policy?', '¿Cuál es el propósito de una póliza de propiedad comercial?', '["To cover employee injuries", "To protect business property from physical damage", "To provide life insurance", "To cover auto accidents"]', '["Cubrir lesiones de empleados", "Proteger la propiedad comercial de daños físicos", "Proporcionar seguro de vida", "Cubrir accidentes de auto"]', 1, 'A commercial property policy protects business property, including buildings, equipment, and inventory, from covered perils.', 'Una póliza de propiedad comercial protege la propiedad comercial, incluyendo edificios, equipos e inventario, de riesgos cubiertos.', true, '2026-01-14 23:13:37.238559', '2026-01-14 23:13:37.238559') ON CONFLICT (id) DO NOTHING;
INSERT INTO questions (id, category, topic, question_text_en, question_text_es, options_en, options_es, correct_answer, explanation_en, explanation_es, is_active, created_at, updated_at) VALUES ('7b881036-503b-42a6-b4f6-1c53cd8dc21e', 'general_lines', NULL, 'What is a performance bond?', '¿Qué es una fianza de cumplimiento?', '["Insurance for actors", "A guarantee that a contractor will complete a project according to specifications", "A type of life insurance", "Health coverage"]', '["Seguro para actores", "Una garantía de que un contratista completará un proyecto según las especificaciones", "Un tipo de seguro de vida", "Cobertura de salud"]', 1, 'A performance bond guarantees that a contractor will complete a project according to the contract terms and specifications.', 'Una fianza de cumplimiento garantiza que un contratista completará un proyecto según los términos del contrato y las especificaciones.', true, '2026-01-14 23:10:18.148445', '2026-01-14 23:10:18.148445') ON CONFLICT (id) DO NOTHING;
INSERT INTO questions (id, category, topic, question_text_en, question_text_es, options_en, options_es, correct_answer, explanation_en, explanation_es, is_active, created_at, updated_at) VALUES ('7c701ba5-1db0-47f0-921d-036f45637872', 'general_lines', NULL, 'What is fire legal liability coverage?', '¿Qué es la cobertura de responsabilidad legal por incendio?', '["Coverage for the insured''s property", "Coverage for damage to rented premises caused by fire", "Auto coverage", "Life insurance"]', '["Cobertura para la propiedad del asegurado", "Cobertura por daños a instalaciones alquiladas causados por incendio", "Cobertura de auto", "Seguro de vida"]', 1, 'Fire legal liability (damage to premises rented to you) coverage pays for fire damage to premises the insured rents or temporarily occupies.', 'La cobertura de responsabilidad legal por incendio (daños a instalaciones alquiladas) paga por daños por incendio a instalaciones que el asegurado alquila u ocupa temporalmente.', true, '2026-01-14 23:16:55.35124', '2026-01-14 23:16:55.35124') ON CONFLICT (id) DO NOTHING;
INSERT INTO questions (id, category, topic, question_text_en, question_text_es, options_en, options_es, correct_answer, explanation_en, explanation_es, is_active, created_at, updated_at) VALUES ('80463efc-9438-45b3-919a-b3dd7b188e17', 'general_lines', NULL, 'What is the purpose of a reservation of rights letter?', '¿Cuál es el propósito de una carta de reserva de derechos?', '["To accept a claim", "To notify the insured that the insurer is investigating coverage while defending the claim", "To cancel the policy", "To increase premiums"]', '["Aceptar un reclamo", "Notificar al asegurado que el asegurador está investigando la cobertura mientras defiende el reclamo", "Cancelar la póliza", "Aumentar las primas"]', 1, 'A reservation of rights letter notifies the insured that the insurer is providing a defense but reserves the right to later deny coverage based on policy terms.', 'Una carta de reserva de derechos notifica al asegurado que el asegurador está proporcionando una defensa pero se reserva el derecho de luego denegar la cobertura basándose en los términos de la póliza.', true, '2026-01-14 23:13:37.295726', '2026-01-14 23:13:37.295726') ON CONFLICT (id) DO NOTHING;
INSERT INTO questions (id, category, topic, question_text_en, question_text_es, options_en, options_es, correct_answer, explanation_en, explanation_es, is_active, created_at, updated_at) VALUES ('8329eb85-b086-41a3-bb89-ae1b683fb439', 'general_lines', NULL, 'What is a floater policy?', '¿Qué es una póliza flotante?', '["A policy that covers only water damage", "A policy that covers movable property at various locations", "A life insurance policy", "An auto policy"]', '["Una póliza que solo cubre daños por agua", "Una póliza que cubre propiedad móvil en varias ubicaciones", "Una póliza de seguro de vida", "Una póliza de auto"]', 1, 'A floater policy provides coverage for movable property that travels to different locations, such as jewelry, fine art, or contractor equipment.', 'Una póliza flotante proporciona cobertura para propiedad móvil que viaja a diferentes ubicaciones, como joyas, arte fino o equipo de contratistas.', true, '2026-01-14 23:10:18.240223', '2026-01-14 23:10:18.240223') ON CONFLICT (id) DO NOTHING;
INSERT INTO questions (id, category, topic, question_text_en, question_text_es, options_en, options_es, correct_answer, explanation_en, explanation_es, is_active, created_at, updated_at) VALUES ('8737f97f-3d61-4b64-949b-cb5a0c0acc1f', 'general_lines', NULL, 'What is the examination under oath provision?', '¿Qué es la disposición de examen bajo juramento?', '["A court trial", "A policy provision allowing the insurer to require sworn testimony from the insured about a claim", "A premium calculation", "An exclusion"]', '["Un juicio en tribunal", "Una disposición de póliza que permite al asegurador requerir testimonio jurado del asegurado sobre un reclamo", "Un cálculo de prima", "Una exclusión"]', 1, 'The examination under oath provision allows the insurer to require the insured to provide sworn testimony about a claim, typically recorded by a court reporter.', 'La disposición de examen bajo juramento permite al asegurador requerir que el asegurado proporcione testimonio jurado sobre un reclamo, típicamente registrado por un taquígrafo judicial.', true, '2026-01-14 23:23:21.003149', '2026-01-14 23:23:21.003149') ON CONFLICT (id) DO NOTHING;
INSERT INTO questions (id, category, topic, question_text_en, question_text_es, options_en, options_es, correct_answer, explanation_en, explanation_es, is_active, created_at, updated_at) VALUES ('88c842c6-d58e-4692-9f9f-b7e45abf9a20', 'general_lines', NULL, 'What is treaty reinsurance?', '¿Qué es el reaseguro por tratado?', '["Case-by-case reinsurance", "An agreement where the reinsurer automatically accepts a portion of specified business", "International reinsurance only", "Property reinsurance only"]', '["Reaseguro caso por caso", "Un acuerdo donde el reasegurador automáticamente acepta una porción del negocio especificado", "Solo reaseguro internacional", "Solo reaseguro de propiedad"]', 1, 'Treaty reinsurance is an ongoing agreement where the reinsurer automatically accepts a defined share of the ceding company''s specified business.', 'El reaseguro por tratado es un acuerdo continuo donde el reasegurador automáticamente acepta una participación definida del negocio especificado de la compañía cedente.', true, '2026-01-14 23:13:37.36985', '2026-01-14 23:13:37.36985') ON CONFLICT (id) DO NOTHING;
INSERT INTO questions (id, category, topic, question_text_en, question_text_es, options_en, options_es, correct_answer, explanation_en, explanation_es, is_active, created_at, updated_at) VALUES ('8ace3fdd-1e23-4323-b4cf-2cc6fb46e442', 'general_lines', NULL, 'What is churning in insurance?', '¿Qué es el churning en seguros?', '["Excessive replacement of policies primarily to generate commissions", "A type of coverage", "A premium payment method", "A policy endorsement"]', '["Reemplazo excesivo de pólizas principalmente para generar comisiones", "Un tipo de cobertura", "Un método de pago de prima", "Un endoso de póliza"]', 0, 'Churning is the unethical practice of replacing policies excessively to earn additional commissions at the expense of the policyholder.', 'El churning es la práctica no ética de reemplazar pólizas excesivamente para ganar comisiones adicionales a expensas del asegurado.', true, '2026-01-14 18:28:35.694373', '2026-01-14 18:28:35.694373') ON CONFLICT (id) DO NOTHING;
INSERT INTO questions (id, category, topic, question_text_en, question_text_es, options_en, options_es, correct_answer, explanation_en, explanation_es, is_active, created_at, updated_at) VALUES ('8b1cf63f-6966-4b4f-8ffb-340c07ab4307', 'general_lines', NULL, 'What is the difference between burglary and robbery?', '¿Cuál es la diferencia entre allanamiento y robo?', '["No difference", "Burglary involves forced entry; robbery involves force or threat against a person", "Robbery requires forced entry", "Burglary requires a weapon"]', '["Sin diferencia", "El allanamiento involucra entrada forzada; el robo involucra fuerza o amenaza contra una persona", "El robo requiere entrada forzada", "El allanamiento requiere un arma"]', 1, 'Burglary involves unlawful entry with visible signs of forced entry, while robbery involves taking property by force, violence, or threat against a person.', 'El allanamiento involucra entrada ilegal con signos visibles de entrada forzada, mientras que el robo involucra tomar propiedad por fuerza, violencia o amenaza contra una persona.', true, '2026-01-14 23:16:55.382731', '2026-01-14 23:16:55.382731') ON CONFLICT (id) DO NOTHING;
INSERT INTO questions (id, category, topic, question_text_en, question_text_es, options_en, options_es, correct_answer, explanation_en, explanation_es, is_active, created_at, updated_at) VALUES ('8bb114b3-998e-4d72-82bc-1aa0e43dfec6', 'general_lines', NULL, 'What is a combined ratio in insurance?', '¿Qué es un índice combinado en seguros?', '["A premium calculation", "The sum of loss ratio and expense ratio measuring overall profitability", "A claims calculation", "A coverage calculation"]', '["Un cálculo de prima", "La suma del índice de pérdidas y el índice de gastos midiendo la rentabilidad general", "Un cálculo de reclamos", "Un cálculo de cobertura"]', 1, 'The combined ratio adds the loss ratio and expense ratio to measure underwriting profitability; a ratio under 100% indicates underwriting profit.', 'El índice combinado suma el índice de pérdidas y el índice de gastos para medir la rentabilidad de suscripción; un índice bajo 100% indica ganancia de suscripción.', true, '2026-01-14 23:16:55.589783', '2026-01-14 23:16:55.589783') ON CONFLICT (id) DO NOTHING;
INSERT INTO questions (id, category, topic, question_text_en, question_text_es, options_en, options_es, correct_answer, explanation_en, explanation_es, is_active, created_at, updated_at) VALUES ('8bcc4071-b916-4ea9-a873-d1e7e568fd15', 'general_lines', NULL, 'What is the adhesion characteristic of insurance contracts?', '¿Qué es la característica de adhesión de los contratos de seguro?', '["Negotiated equally", "One party drafts the contract and the other must accept or reject it as written", "Both parties write the contract", "No standard forms are used"]', '["Negociado igualmente", "Una parte redacta el contrato y la otra debe aceptarlo o rechazarlo como está escrito", "Ambas partes escriben el contrato", "No se usan formularios estándar"]', 1, 'Insurance contracts are contracts of adhesion, meaning the insurer drafts the contract and the insured must accept or reject it without negotiation of terms.', 'Los contratos de seguro son contratos de adhesión, lo que significa que el asegurador redacta el contrato y el asegurado debe aceptarlo o rechazarlo sin negociación de términos.', true, '2026-01-14 23:13:37.346098', '2026-01-14 23:13:37.346098') ON CONFLICT (id) DO NOTHING;
INSERT INTO questions (id, category, topic, question_text_en, question_text_es, options_en, options_es, correct_answer, explanation_en, explanation_es, is_active, created_at, updated_at) VALUES ('8d99f95c-745e-421a-9c15-8143cc038b31', 'general_lines', NULL, 'What is a lost instrument bond?', '¿Qué es una fianza de instrumento perdido?', '["A musical instrument bond", "A bond protecting against claims from a lost negotiable instrument like a stock certificate", "A court bond", "A fidelity bond"]', '["Una fianza de instrumento musical", "Una fianza que protege contra reclamos de un instrumento negociable perdido como un certificado de acciones", "Una fianza judicial", "Una fianza de fidelidad"]', 1, 'A lost instrument bond protects an issuer when replacing lost, stolen, or destroyed negotiable instruments like stock certificates or bonds.', 'Una fianza de instrumento perdido protege a un emisor al reemplazar instrumentos negociables perdidos, robados o destruidos como certificados de acciones o bonos.', true, '2026-01-14 23:16:55.520802', '2026-01-14 23:16:55.520802') ON CONFLICT (id) DO NOTHING;
INSERT INTO questions (id, category, topic, question_text_en, question_text_es, options_en, options_es, correct_answer, explanation_en, explanation_es, is_active, created_at, updated_at) VALUES ('8dc49b8c-3e11-41ea-a1d1-269685ebb7ca', 'general_lines', NULL, 'What is the proximate cause of loss?', '¿Qué es la causa próxima de pérdida?', '["The last cause in a chain of events", "The primary cause that sets in motion an unbroken chain of events leading to a loss", "Any cause of loss", "An excluded cause"]', '["La última causa en una cadena de eventos", "La causa primaria que pone en movimiento una cadena ininterrumpida de eventos que llevan a una pérdida", "Cualquier causa de pérdida", "Una causa excluida"]', 1, 'Proximate cause is the primary cause that initiates an unbroken chain of events leading to a loss, used to determine coverage.', 'La causa próxima es la causa primaria que inicia una cadena ininterrumpida de eventos que llevan a una pérdida, utilizada para determinar la cobertura.', true, '2026-01-14 23:13:37.324192', '2026-01-14 23:13:37.324192') ON CONFLICT (id) DO NOTHING;
INSERT INTO questions (id, category, topic, question_text_en, question_text_es, options_en, options_es, correct_answer, explanation_en, explanation_es, is_active, created_at, updated_at) VALUES ('9011f0ab-19f3-46fd-b326-be4022b5a7b7', 'general_lines', NULL, 'What is a risk management program?', '¿Qué es un programa de gestión de riesgos?', '["Only purchasing insurance", "A systematic approach to identifying, analyzing, and controlling risks", "Avoiding all activities", "Only transferring risk"]', '["Solo comprar seguro", "Un enfoque sistemático para identificar, analizar y controlar riesgos", "Evitar todas las actividades", "Solo transferir riesgos"]', 1, 'A risk management program is a comprehensive approach that identifies exposures, analyzes risks, selects appropriate techniques, and monitors results.', 'Un programa de gestión de riesgos es un enfoque integral que identifica exposiciones, analiza riesgos, selecciona técnicas apropiadas y monitorea resultados.', true, '2026-01-14 23:23:20.965627', '2026-01-14 23:23:20.965627') ON CONFLICT (id) DO NOTHING;
INSERT INTO questions (id, category, topic, question_text_en, question_text_es, options_en, options_es, correct_answer, explanation_en, explanation_es, is_active, created_at, updated_at) VALUES ('9140a392-ddf8-43e5-88f3-4ee7fb3a8d47', 'general_lines', NULL, 'What is MCS-90 endorsement?', '¿Qué es el endoso MCS-90?', '["A property endorsement", "A federal endorsement requiring interstate motor carriers to provide minimum liability coverage", "A life insurance endorsement", "A health endorsement"]', '["Un endoso de propiedad", "Un endoso federal que requiere que los transportistas interestatales proporcionen cobertura de responsabilidad mínima", "Un endoso de seguro de vida", "Un endoso de salud"]', 1, 'MCS-90 is a federal endorsement that ensures interstate trucking companies maintain minimum liability coverage required by the Department of Transportation.', 'MCS-90 es un endoso federal que asegura que las compañías de camiones interestatales mantengan la cobertura de responsabilidad mínima requerida por el Departamento de Transporte.', true, '2026-01-14 23:16:55.554133', '2026-01-14 23:16:55.554133') ON CONFLICT (id) DO NOTHING;
INSERT INTO questions (id, category, topic, question_text_en, question_text_es, options_en, options_es, correct_answer, explanation_en, explanation_es, is_active, created_at, updated_at) VALUES ('92a291a6-a6a6-4051-8446-4de717c9b4ac', 'general_lines', NULL, 'What is rebating in insurance?', '¿Qué es el rebating en seguros?', '["Returning part of the premium or commission as an inducement to buy insurance", "A type of coverage", "A premium increase", "A policy endorsement"]', '["Devolver parte de la prima o comisión como incentivo para comprar seguro", "Un tipo de cobertura", "Un aumento de prima", "Un endoso de póliza"]', 0, 'Rebating is the illegal practice of offering something of value not specified in the policy to induce someone to purchase insurance.', 'El rebating es la práctica ilegal de ofrecer algo de valor no especificado en la póliza para inducir a alguien a comprar seguro.', true, '2026-01-14 18:28:35.697228', '2026-01-14 18:28:35.697228') ON CONFLICT (id) DO NOTHING;
INSERT INTO questions (id, category, topic, question_text_en, question_text_es, options_en, options_es, correct_answer, explanation_en, explanation_es, is_active, created_at, updated_at) VALUES ('93e3f65f-dbb6-42fe-8c06-cc89e8c0c5c5', 'general_lines', NULL, 'What is valuable papers coverage?', '¿Qué es la cobertura de documentos valiosos?', '["Coverage for currency", "Coverage for the cost to research, replace, or restore important documents", "Life insurance", "Auto coverage"]', '["Cobertura para moneda", "Cobertura para el costo de investigar, reemplazar o restaurar documentos importantes", "Seguro de vida", "Cobertura de auto"]', 1, 'Valuable papers coverage pays for the cost to research, replace, or restore valuable documents and records that are damaged or destroyed.', 'La cobertura de documentos valiosos paga por el costo de investigar, reemplazar o restaurar documentos y registros valiosos que son dañados o destruidos.', true, '2026-01-14 23:16:55.46294', '2026-01-14 23:16:55.46294') ON CONFLICT (id) DO NOTHING;
INSERT INTO questions (id, category, topic, question_text_en, question_text_es, options_en, options_es, correct_answer, explanation_en, explanation_es, is_active, created_at, updated_at) VALUES ('945f9a45-3b51-44fc-bdd2-4f9dee04b1e1', 'general_lines', NULL, 'What is equipment breakdown insurance (formerly boiler and machinery)?', '¿Qué es el seguro de avería de equipos (anteriormente calderas y maquinaria)?', '["Coverage for manual tools only", "Coverage for mechanical and electrical equipment failures", "Auto coverage", "Life insurance"]', '["Cobertura solo para herramientas manuales", "Cobertura para fallas de equipos mecánicos y eléctricos", "Cobertura de auto", "Seguro de vida"]', 1, 'Equipment breakdown insurance covers losses from the sudden and accidental breakdown of mechanical, electrical, and pressure equipment.', 'El seguro de avería de equipos cubre pérdidas por la avería repentina y accidental de equipos mecánicos, eléctricos y de presión.', true, '2026-01-14 23:10:18.213645', '2026-01-14 23:10:18.213645') ON CONFLICT (id) DO NOTHING;
INSERT INTO questions (id, category, topic, question_text_en, question_text_es, options_en, options_es, correct_answer, explanation_en, explanation_es, is_active, created_at, updated_at) VALUES ('94826d80-eae3-4bcc-ab4e-e1cd8e426fe3', 'general_lines', NULL, 'What is the Texas Department of Insurance (TDI)?', '¿Qué es el Departamento de Seguros de Texas (TDI)?', '["A private insurance company", "The state agency that regulates the insurance industry in Texas", "A federal agency", "An insurance trade association"]', '["Una compañía de seguros privada", "La agencia estatal que regula la industria de seguros en Texas", "Una agencia federal", "Una asociación comercial de seguros"]', 1, 'TDI is the Texas state agency responsible for regulating the insurance industry, licensing agents, and protecting consumers.', 'TDI es la agencia estatal de Texas responsable de regular la industria de seguros, licenciar agentes y proteger a los consumidores.', true, '2026-01-14 23:13:37.276246', '2026-01-14 23:13:37.276246') ON CONFLICT (id) DO NOTHING;
INSERT INTO questions (id, category, topic, question_text_en, question_text_es, options_en, options_es, correct_answer, explanation_en, explanation_es, is_active, created_at, updated_at) VALUES ('957ad9aa-81cc-42db-903a-caf2227d5d91', 'general_lines', NULL, 'What is the purpose of a binder in insurance?', '¿Cuál es el propósito de un binder en seguros?', '["To permanently bind a policy", "To provide temporary evidence of coverage until the policy is issued", "To cancel coverage", "To increase premiums"]', '["Vincular permanentemente una póliza", "Proporcionar evidencia temporal de cobertura hasta que se emita la póliza", "Cancelar la cobertura", "Aumentar las primas"]', 1, 'A binder provides temporary evidence of insurance coverage until the formal policy is issued, allowing immediate protection for the insured.', 'Un binder proporciona evidencia temporal de cobertura de seguro hasta que se emita la póliza formal, permitiendo protección inmediata para el asegurado.', true, '2026-01-14 23:23:21.02087', '2026-01-14 23:23:21.02087') ON CONFLICT (id) DO NOTHING;
INSERT INTO questions (id, category, topic, question_text_en, question_text_es, options_en, options_es, correct_answer, explanation_en, explanation_es, is_active, created_at, updated_at) VALUES ('96cdfbec-80e5-42cf-beec-d85b74746e43', 'general_lines', NULL, 'What is extended reporting period coverage (tail coverage)?', '¿Qué es la cobertura de período de informe extendido (cobertura de cola)?', '["Coverage for property", "Coverage allowing claims to be reported after a claims-made policy expires", "Auto coverage", "Life insurance"]', '["Cobertura de propiedad", "Cobertura que permite que los reclamos se reporten después de que expire una póliza de reclamos hechos", "Cobertura de auto", "Seguro de vida"]', 1, 'Tail coverage extends the time period during which claims can be reported under a claims-made policy after the policy has expired.', 'La cobertura de cola extiende el período de tiempo durante el cual los reclamos pueden reportarse bajo una póliza de reclamos hechos después de que la póliza haya expirado.', true, '2026-01-14 23:10:18.230987', '2026-01-14 23:10:18.230987') ON CONFLICT (id) DO NOTHING;
INSERT INTO questions (id, category, topic, question_text_en, question_text_es, options_en, options_es, correct_answer, explanation_en, explanation_es, is_active, created_at, updated_at) VALUES ('9a65b824-de22-4256-a35a-ec1bfa877e25', 'general_lines', NULL, 'What is the purpose of the ''other insurance'' clause?', '¿Cuál es el propósito de la cláusula de ''otro seguro''?', '["To eliminate coverage", "To determine how multiple policies covering the same loss will share payment", "To increase premiums", "To reduce deductibles"]', '["Eliminar cobertura", "Determinar cómo múltiples pólizas que cubren la misma pérdida compartirán el pago", "Aumentar las primas", "Reducir deducibles"]', 1, 'The other insurance clause establishes how claims will be handled when more than one policy covers the same loss.', 'La cláusula de otro seguro establece cómo se manejarán los reclamos cuando más de una póliza cubra la misma pérdida.', true, '2026-01-14 23:10:18.243341', '2026-01-14 23:10:18.243341') ON CONFLICT (id) DO NOTHING;
INSERT INTO questions (id, category, topic, question_text_en, question_text_es, options_en, options_es, correct_answer, explanation_en, explanation_es, is_active, created_at, updated_at) VALUES ('9bf96d0d-76ba-4a51-a42d-028ffd38a9e7', 'general_lines', NULL, 'What is the products-completed operations aggregate limit?', '¿Qué es el límite agregado de productos-operaciones completadas?', '["A per claim limit", "The maximum the insurer will pay for all products and completed operations claims in a policy period", "A deductible", "The premium"]', '["Un límite por reclamo", "El máximo que el asegurador pagará por todos los reclamos de productos y operaciones completadas en un período de póliza", "Un deducible", "La prima"]', 1, 'The products-completed operations aggregate is the maximum the insurer will pay for all products liability and completed operations claims during a policy period.', 'El agregado de productos-operaciones completadas es el máximo que el asegurador pagará por todos los reclamos de responsabilidad por productos y operaciones completadas durante un período de póliza.', true, '2026-01-14 23:16:55.532159', '2026-01-14 23:16:55.532159') ON CONFLICT (id) DO NOTHING;
INSERT INTO questions (id, category, topic, question_text_en, question_text_es, options_en, options_es, correct_answer, explanation_en, explanation_es, is_active, created_at, updated_at) VALUES ('9c8dfd32-2cf5-4664-8af4-496535a694b7', 'general_lines', NULL, 'What is the pollution exclusion in CGL policies?', '¿Qué es la exclusión de contaminación en las pólizas CGL?', '["Coverage for pollution", "An exclusion eliminating coverage for most pollution-related claims", "A premium surcharge", "An endorsement adding coverage"]', '["Cobertura para contaminación", "Una exclusión que elimina la cobertura para la mayoría de los reclamos relacionados con contaminación", "Un recargo de prima", "Un endoso que agrega cobertura"]', 1, 'The pollution exclusion eliminates coverage for bodily injury or property damage arising from the discharge, dispersal, or release of pollutants.', 'La exclusión de contaminación elimina la cobertura para lesiones corporales o daños a la propiedad que surgen de la descarga, dispersión o liberación de contaminantes.', true, '2026-01-14 23:13:37.389491', '2026-01-14 23:13:37.389491') ON CONFLICT (id) DO NOTHING;
INSERT INTO questions (id, category, topic, question_text_en, question_text_es, options_en, options_es, correct_answer, explanation_en, explanation_es, is_active, created_at, updated_at) VALUES ('9ce2d06b-a3f1-4152-8487-9ae555a09762', 'general_lines', NULL, 'What is Protection and Indemnity (P&I) coverage?', '¿Qué es la cobertura de Protección e Indemnización (P&I)?', '["Property coverage", "Marine liability coverage for bodily injury, property damage, and pollution", "Cargo coverage", "Hull coverage"]', '["Cobertura de propiedad", "Cobertura de responsabilidad marítima para lesiones corporales, daños a la propiedad y contaminación", "Cobertura de carga", "Cobertura de casco"]', 1, 'P&I coverage provides liability protection for shipowners covering bodily injury, property damage, collision liability, and pollution.', 'La cobertura P&I proporciona protección de responsabilidad para propietarios de barcos cubriendo lesiones corporales, daños a la propiedad, responsabilidad por colisión y contaminación.', true, '2026-01-14 23:16:55.489072', '2026-01-14 23:16:55.489072') ON CONFLICT (id) DO NOTHING;
INSERT INTO questions (id, category, topic, question_text_en, question_text_es, options_en, options_es, correct_answer, explanation_en, explanation_es, is_active, created_at, updated_at) VALUES ('9d482eae-2401-45dd-b324-e287fd24e7f1', 'general_lines', NULL, 'What is the FAIR Plan?', '¿Qué es el Plan FAIR?', '["A discount program", "A program providing basic property insurance to those who cannot obtain coverage in the standard market", "A life insurance plan", "An auto insurance program"]', '["Un programa de descuento", "Un programa que proporciona seguro de propiedad básico a aquellos que no pueden obtener cobertura en el mercado estándar", "Un plan de seguro de vida", "Un programa de seguro de auto"]', 1, 'FAIR (Fair Access to Insurance Requirements) Plans are state-mandated programs that provide basic property insurance to property owners who cannot find coverage in the standard market.', 'Los Planes FAIR (Acceso Justo a Requisitos de Seguro) son programas mandados por el estado que proporcionan seguro de propiedad básico a propietarios que no pueden encontrar cobertura en el mercado estándar.', true, '2026-01-14 23:13:37.308011', '2026-01-14 23:13:37.308011') ON CONFLICT (id) DO NOTHING;
INSERT INTO questions (id, category, topic, question_text_en, question_text_es, options_en, options_es, correct_answer, explanation_en, explanation_es, is_active, created_at, updated_at) VALUES ('a205b04a-63dd-45e4-b40b-e95024ecf9c6', 'general_lines', NULL, 'What does coinsurance mean in commercial property insurance?', '¿Qué significa el coaseguro en el seguro de propiedad comercial?', '["Two insurers share the risk equally", "The insured must insure property to a specified percentage of its value or face a penalty", "The premium is shared", "Coverage is automatic"]', '["Dos aseguradores comparten el riesgo por igual", "El asegurado debe asegurar la propiedad a un porcentaje especificado de su valor o enfrentar una penalidad", "La prima se comparte", "La cobertura es automática"]', 1, 'Coinsurance requires the insured to maintain coverage equal to a specified percentage of the property''s value (typically 80%) or face a reduced claim payment.', 'El coaseguro requiere que el asegurado mantenga cobertura igual a un porcentaje especificado del valor de la propiedad (típicamente 80%) o enfrente un pago de reclamo reducido.', true, '2026-01-14 23:10:18.139647', '2026-01-14 23:10:18.139647') ON CONFLICT (id) DO NOTHING;
INSERT INTO questions (id, category, topic, question_text_en, question_text_es, options_en, options_es, correct_answer, explanation_en, explanation_es, is_active, created_at, updated_at) VALUES ('a2346ba7-868b-49aa-8f0a-ab7646a6988d', 'general_lines', NULL, 'What is pro rata cancellation?', '¿Qué es la cancelación prorrateada?', '["A penalty-based cancellation", "A cancellation where the return premium is calculated based on time remaining without penalty", "A full premium return", "A premium increase"]', '["Una cancelación basada en penalidad", "Una cancelación donde el reembolso de prima se calcula basado en el tiempo restante sin penalidad", "Un retorno de prima completo", "Un aumento de prima"]', 1, 'Pro rata cancellation returns the unearned premium based on the exact time remaining in the policy period, with no penalty deducted.', 'La cancelación prorrateada devuelve la prima no ganada basada en el tiempo exacto restante en el período de la póliza, sin penalidad deducida.', true, '2026-01-14 23:23:21.033357', '2026-01-14 23:23:21.033357') ON CONFLICT (id) DO NOTHING;
INSERT INTO questions (id, category, topic, question_text_en, question_text_es, options_en, options_es, correct_answer, explanation_en, explanation_es, is_active, created_at, updated_at) VALUES ('a333e3e0-cd59-4571-8d2a-2a789cace869', 'general_lines', NULL, 'What is severity in risk analysis?', '¿Qué es la severidad en el análisis de riesgos?', '["How often losses occur", "The potential size or magnitude of losses when they occur", "The premium cost", "The deductible amount"]', '["Con qué frecuencia ocurren las pérdidas", "El tamaño potencial o magnitud de las pérdidas cuando ocurren", "El costo de la prima", "El monto del deducible"]', 1, 'Severity refers to the potential size or financial impact of losses when they occur, used to determine appropriate coverage limits.', 'La severidad se refiere al tamaño potencial o impacto financiero de las pérdidas cuando ocurren, utilizada para determinar límites de cobertura apropiados.', true, '2026-01-14 23:23:20.976636', '2026-01-14 23:23:20.976636') ON CONFLICT (id) DO NOTHING;
INSERT INTO questions (id, category, topic, question_text_en, question_text_es, options_en, options_es, correct_answer, explanation_en, explanation_es, is_active, created_at, updated_at) VALUES ('a5c5891a-9ed3-423b-b45a-9b91d3d1d76e', 'general_lines', NULL, 'What is the doctrine of reasonable expectations?', '¿Qué es la doctrina de expectativas razonables?', '["Insurers expect premiums", "Courts may interpret policy language in favor of what a reasonable insured would expect", "Agents expect commissions", "Insurers control all interpretations"]', '["Los aseguradores esperan primas", "Los tribunales pueden interpretar el lenguaje de la póliza a favor de lo que un asegurado razonable esperaría", "Los agentes esperan comisiones", "Los aseguradores controlan todas las interpretaciones"]', 1, 'The doctrine of reasonable expectations holds that ambiguous policy language should be interpreted according to what a reasonable insured would expect.', 'La doctrina de expectativas razonables sostiene que el lenguaje ambiguo de la póliza debe interpretarse según lo que un asegurado razonable esperaría.', true, '2026-01-14 23:13:37.351108', '2026-01-14 23:13:37.351108') ON CONFLICT (id) DO NOTHING;
INSERT INTO questions (id, category, topic, question_text_en, question_text_es, options_en, options_es, correct_answer, explanation_en, explanation_es, is_active, created_at, updated_at) VALUES ('a7343255-d080-40da-9a9e-aa57bdc5c4b1', 'general_lines', NULL, 'What is bailee coverage?', '¿Qué es la cobertura de depositario?', '["Coverage for bail bonds", "Coverage for property of others in the care of the insured", "Life insurance", "Auto coverage"]', '["Cobertura para fianzas de libertad bajo fianza", "Cobertura para propiedad de otros bajo el cuidado del asegurado", "Seguro de vida", "Cobertura de auto"]', 1, 'Bailee coverage protects businesses for damage to customer property left in their care, custody, or control.', 'La cobertura de depositario protege a los negocios por daños a la propiedad de clientes dejada bajo su cuidado, custodia o control.', true, '2026-01-14 23:10:18.234523', '2026-01-14 23:10:18.234523') ON CONFLICT (id) DO NOTHING;
INSERT INTO questions (id, category, topic, question_text_en, question_text_es, options_en, options_es, correct_answer, explanation_en, explanation_es, is_active, created_at, updated_at) VALUES ('a90c14c8-4d78-4f47-a38c-7c6efe79d19c', 'general_lines', NULL, 'What is an admitted insurance company?', '¿Qué es una compañía de seguros admitida?', '["Any insurance company", "A company licensed to write insurance in a particular state", "A company that admits claims", "A surplus lines insurer"]', '["Cualquier compañía de seguros", "Una compañía autorizada para escribir seguros en un estado particular", "Una compañía que admite reclamos", "Un asegurador de líneas excedentes"]', 1, 'An admitted insurer is licensed by the state to sell insurance and is subject to state regulations and guaranty fund protection.', 'Un asegurador admitido está autorizado por el estado para vender seguros y está sujeto a regulaciones estatales y protección del fondo de garantía.', true, '2026-01-14 23:13:37.299223', '2026-01-14 23:13:37.299223') ON CONFLICT (id) DO NOTHING;
INSERT INTO questions (id, category, topic, question_text_en, question_text_es, options_en, options_es, correct_answer, explanation_en, explanation_es, is_active, created_at, updated_at) VALUES ('aa20a45f-ae66-4e24-8f13-47bdbe8a29d2', 'general_lines', NULL, 'What is an endorsement in insurance?', '¿Qué es un endoso en seguros?', '["A signature on a check", "A written document that modifies the original policy", "A type of surety bond", "A claim form"]', '["Una firma en un cheque", "Un documento escrito que modifica la póliza original", "Un tipo de fianza", "Un formulario de reclamo"]', 1, 'An endorsement (or rider) is a written document attached to a policy that modifies, adds, or removes coverage.', 'Un endoso (o anexo) es un documento escrito adjunto a una póliza que modifica, agrega o elimina cobertura.', true, '2026-01-14 23:10:18.11019', '2026-01-14 23:10:18.11019') ON CONFLICT (id) DO NOTHING;
INSERT INTO questions (id, category, topic, question_text_en, question_text_es, options_en, options_es, correct_answer, explanation_en, explanation_es, is_active, created_at, updated_at) VALUES ('aa39bee7-c058-4de4-bb16-a70a8170ab78', 'general_lines', NULL, 'What is risk avoidance?', '¿Qué es la evitación de riesgos?', '["Purchasing insurance", "Eliminating exposure to a risk by not engaging in the activity", "Transferring risk", "Reducing risk"]', '["Comprar seguro", "Eliminar la exposición a un riesgo al no participar en la actividad", "Transferir el riesgo", "Reducir el riesgo"]', 1, 'Risk avoidance eliminates exposure to a potential loss by choosing not to engage in the activity that creates the risk.', 'La evitación de riesgos elimina la exposición a una pérdida potencial al elegir no participar en la actividad que crea el riesgo.', true, '2026-01-14 23:23:20.959082', '2026-01-14 23:23:20.959082') ON CONFLICT (id) DO NOTHING;
INSERT INTO questions (id, category, topic, question_text_en, question_text_es, options_en, options_es, correct_answer, explanation_en, explanation_es, is_active, created_at, updated_at) VALUES ('ab6d08e1-6106-4b1a-acc1-345c69bad4b4', 'general_lines', NULL, 'What is medical payments coverage in commercial auto?', '¿Qué es la cobertura de pagos médicos en auto comercial?', '["Health insurance", "Coverage for medical expenses of occupants of the insured vehicle regardless of fault", "Liability coverage", "Property coverage"]', '["Seguro de salud", "Cobertura para gastos médicos de ocupantes del vehículo asegurado sin importar la culpa", "Cobertura de responsabilidad", "Cobertura de propiedad"]', 1, 'Medical payments coverage pays medical expenses for injuries to the driver and passengers of the insured vehicle, regardless of who is at fault.', 'La cobertura de pagos médicos paga gastos médicos por lesiones al conductor y pasajeros del vehículo asegurado, sin importar quién tiene la culpa.', true, '2026-01-14 23:16:55.569928', '2026-01-14 23:16:55.569928') ON CONFLICT (id) DO NOTHING;
INSERT INTO questions (id, category, topic, question_text_en, question_text_es, options_en, options_es, correct_answer, explanation_en, explanation_es, is_active, created_at, updated_at) VALUES ('ac447b8a-a4ce-446a-af7b-9050e48609c7', 'general_lines', NULL, 'What is salvage in insurance?', '¿Qué es el salvamento en seguros?', '["A type of coverage", "Property recovered by the insurer after paying a total loss", "A premium discount", "An exclusion"]', '["Un tipo de cobertura", "Propiedad recuperada por el asegurador después de pagar una pérdida total", "Un descuento de prima", "Una exclusión"]', 1, 'Salvage is the damaged property that belongs to the insurer after paying a total loss claim, which the insurer can sell to reduce the net loss.', 'El salvamento es la propiedad dañada que pertenece al asegurador después de pagar un reclamo de pérdida total, que el asegurador puede vender para reducir la pérdida neta.', true, '2026-01-14 23:23:21.0061', '2026-01-14 23:23:21.0061') ON CONFLICT (id) DO NOTHING;
INSERT INTO questions (id, category, topic, question_text_en, question_text_es, options_en, options_es, correct_answer, explanation_en, explanation_es, is_active, created_at, updated_at) VALUES ('ad31af8d-42b8-4aee-92e7-b5d5c23fa3dc', 'general_lines', NULL, 'What is surplus lines insurance?', '¿Qué es el seguro de líneas excedentes?', '["Extra coverage", "Insurance from non-admitted carriers for risks that admitted insurers won''t cover", "Excess liability insurance", "Life insurance"]', '["Cobertura extra", "Seguro de aseguradores no admitidos para riesgos que los aseguradores admitidos no cubrirán", "Seguro de responsabilidad excedente", "Seguro de vida"]', 1, 'Surplus lines insurance is coverage placed with non-admitted insurers for risks that cannot be placed with admitted carriers in the standard market.', 'El seguro de líneas excedentes es cobertura colocada con aseguradores no admitidos para riesgos que no pueden colocarse con aseguradores admitidos en el mercado estándar.', true, '2026-01-14 23:13:37.301493', '2026-01-14 23:13:37.301493') ON CONFLICT (id) DO NOTHING;
INSERT INTO questions (id, category, topic, question_text_en, question_text_es, options_en, options_es, correct_answer, explanation_en, explanation_es, is_active, created_at, updated_at) VALUES ('ad6718fb-4ea4-4132-80b6-7a6a84cb32b8', 'general_lines', NULL, 'What is the purpose of a commercial auto policy?', '¿Cuál es el propósito de una póliza de auto comercial?', '["To cover personal vehicles only", "To provide coverage for vehicles used in business operations", "To cover only liability", "To provide life insurance"]', '["Cubrir solo vehículos personales", "Proporcionar cobertura para vehículos utilizados en operaciones comerciales", "Cubrir solo responsabilidad", "Proporcionar seguro de vida"]', 1, 'A commercial auto policy provides liability, physical damage, and other coverage for vehicles owned, leased, hired, or borrowed for business purposes.', 'Una póliza de auto comercial proporciona responsabilidad, daños físicos y otra cobertura para vehículos propiedad, arrendados, alquilados o prestados para propósitos comerciales.', true, '2026-01-14 23:10:18.182338', '2026-01-14 23:10:18.182338') ON CONFLICT (id) DO NOTHING;
INSERT INTO questions (id, category, topic, question_text_en, question_text_es, options_en, options_es, correct_answer, explanation_en, explanation_es, is_active, created_at, updated_at) VALUES ('ad9412ac-90c1-42bf-82e7-2e865850da4b', 'general_lines', NULL, 'What are policy conditions?', '¿Qué son las condiciones de la póliza?', '["Types of coverage", "Provisions that describe the rights and duties of both the insurer and the insured", "Exclusions", "Endorsements"]', '["Tipos de cobertura", "Disposiciones que describen los derechos y deberes tanto del asegurador como del asegurado", "Exclusiones", "Endosos"]', 1, 'Policy conditions are provisions that describe the responsibilities and requirements of both the insurer and insured, such as notice requirements and cooperation duties.', 'Las condiciones de la póliza son disposiciones que describen las responsabilidades y requisitos tanto del asegurador como del asegurado, como requisitos de aviso y deberes de cooperación.', true, '2026-01-14 23:13:37.318313', '2026-01-14 23:13:37.318313') ON CONFLICT (id) DO NOTHING;
INSERT INTO questions (id, category, topic, question_text_en, question_text_es, options_en, options_es, correct_answer, explanation_en, explanation_es, is_active, created_at, updated_at) VALUES ('b012e759-9c12-440c-b44f-c233540cb443', 'general_lines', NULL, 'What is risk transfer?', '¿Qué es la transferencia de riesgos?', '["Keeping all risks", "Shifting the financial consequences of risk to another party, such as through insurance", "Avoiding risks", "Reducing risks"]', '["Mantener todos los riesgos", "Trasladar las consecuencias financieras del riesgo a otra parte, como a través del seguro", "Evitar riesgos", "Reducir riesgos"]', 1, 'Risk transfer shifts the financial consequences of potential losses to another party, typically through insurance contracts or hold harmless agreements.', 'La transferencia de riesgos traslada las consecuencias financieras de las pérdidas potenciales a otra parte, típicamente a través de contratos de seguro o acuerdos de exoneración.', true, '2026-01-14 23:23:20.962656', '2026-01-14 23:23:20.962656') ON CONFLICT (id) DO NOTHING;
INSERT INTO questions (id, category, topic, question_text_en, question_text_es, options_en, options_es, correct_answer, explanation_en, explanation_es, is_active, created_at, updated_at) VALUES ('b182092c-e9cd-405f-bfb9-4fb051296f79', 'general_lines', NULL, 'What is a fiduciary bond?', '¿Qué es una fianza fiduciaria?', '["A performance bond", "A bond guaranteeing faithful performance by persons in positions of trust", "A bid bond", "A payment bond"]', '["Una fianza de cumplimiento", "Una fianza que garantiza el desempeño fiel de personas en posiciones de confianza", "Una fianza de licitación", "Una fianza de pago"]', 1, 'A fiduciary bond guarantees faithful performance by a person in a position of trust, such as an executor, administrator, or trustee.', 'Una fianza fiduciaria garantiza el desempeño fiel de una persona en una posición de confianza, como un ejecutor, administrador o fideicomisario.', true, '2026-01-14 23:16:55.499399', '2026-01-14 23:16:55.499399') ON CONFLICT (id) DO NOTHING;
INSERT INTO questions (id, category, topic, question_text_en, question_text_es, options_en, options_es, correct_answer, explanation_en, explanation_es, is_active, created_at, updated_at) VALUES ('b2dcc011-4f80-466d-939e-bf4287178f59', 'general_lines', NULL, 'What is dealers open lot coverage?', '¿Qué es la cobertura de lote abierto de concesionarios?', '["Liability coverage", "Coverage for damage to vehicles in an auto dealer''s inventory", "Life insurance", "Health insurance"]', '["Cobertura de responsabilidad", "Cobertura por daños a vehículos en el inventario de un concesionario de autos", "Seguro de vida", "Seguro de salud"]', 1, 'Dealers open lot coverage protects auto dealers for physical damage to vehicles in their inventory while on the dealer''s lot.', 'La cobertura de lote abierto de concesionarios protege a los concesionarios de autos por daños físicos a vehículos en su inventario mientras están en el lote del concesionario.', true, '2026-01-14 23:16:55.561343', '2026-01-14 23:16:55.561343') ON CONFLICT (id) DO NOTHING;
INSERT INTO questions (id, category, topic, question_text_en, question_text_es, options_en, options_es, correct_answer, explanation_en, explanation_es, is_active, created_at, updated_at) VALUES ('b41056b1-1f68-4e6f-a754-c16dd2b556ad', 'general_lines', NULL, 'What is terrorism insurance coverage?', '¿Qué es la cobertura de seguro contra terrorismo?', '["Always included free", "Coverage for losses from certified acts of terrorism, often through TRIA", "Life insurance only", "Auto coverage"]', '["Siempre incluida gratis", "Cobertura para pérdidas por actos certificados de terrorismo, a menudo a través de TRIA", "Solo seguro de vida", "Cobertura de auto"]', 1, 'Terrorism coverage protects against certified acts of terrorism and is backed by the federal government through the Terrorism Risk Insurance Act (TRIA).', 'La cobertura contra terrorismo protege contra actos certificados de terrorismo y está respaldada por el gobierno federal a través de la Ley de Seguro de Riesgo de Terrorismo (TRIA).', true, '2026-01-14 23:23:21.018178', '2026-01-14 23:23:21.018178') ON CONFLICT (id) DO NOTHING;
INSERT INTO questions (id, category, topic, question_text_en, question_text_es, options_en, options_es, correct_answer, explanation_en, explanation_es, is_active, created_at, updated_at) VALUES ('b842c3c6-43a2-4562-b387-8d8439a5e5ac', 'general_lines', NULL, 'What is nonrenewal in insurance?', '¿Qué es la no renovación en seguros?', '["Policy cancellation", "The insurer''s decision not to renew a policy at the end of its term", "A premium discount", "An endorsement"]', '["Cancelación de póliza", "La decisión del asegurador de no renovar una póliza al final de su término", "Un descuento de prima", "Un endoso"]', 1, 'Nonrenewal is the insurer''s decision not to renew a policy when it expires, which requires proper advance notice to the policyholder.', 'La no renovación es la decisión del asegurador de no renovar una póliza cuando expira, lo cual requiere aviso previo apropiado al titular de la póliza.', true, '2026-01-14 23:23:21.027095', '2026-01-14 23:23:21.027095') ON CONFLICT (id) DO NOTHING;
INSERT INTO questions (id, category, topic, question_text_en, question_text_es, options_en, options_es, correct_answer, explanation_en, explanation_es, is_active, created_at, updated_at) VALUES ('bcf79476-c59c-4140-8164-3f75e3b2f686', 'general_lines', NULL, 'What is short rate cancellation?', '¿Qué es la cancelación a tasa corta?', '["A full refund", "A cancellation method where a penalty is applied to the return premium", "A pro rata refund", "A premium increase"]', '["Un reembolso completo", "Un método de cancelación donde se aplica una penalidad al reembolso de prima", "Un reembolso prorrateado", "Un aumento de prima"]', 1, 'Short rate cancellation applies a penalty to the premium refund when the insured requests cancellation, retaining more premium than a pro rata return.', 'La cancelación a tasa corta aplica una penalidad al reembolso de prima cuando el asegurado solicita la cancelación, reteniendo más prima que un retorno prorrateado.', true, '2026-01-14 23:23:21.02975', '2026-01-14 23:23:21.02975') ON CONFLICT (id) DO NOTHING;
INSERT INTO questions (id, category, topic, question_text_en, question_text_es, options_en, options_es, correct_answer, explanation_en, explanation_es, is_active, created_at, updated_at) VALUES ('bfcb7d5d-3928-4360-b7a1-82855e0ba45c', 'general_lines', NULL, 'What is supplementary payments coverage in CGL?', '¿Qué es la cobertura de pagos suplementarios en CGL?', '["Additional premium payments", "Coverage for expenses like bail bonds and loss of earnings in addition to defense costs", "Extra claim payments", "Premium refunds"]', '["Pagos de prima adicionales", "Cobertura para gastos como fianzas y pérdida de ganancias además de costos de defensa", "Pagos de reclamos extra", "Reembolsos de prima"]', 1, 'Supplementary payments cover certain costs in addition to defense, such as bail bonds, loss of earnings for attending trials, and post-judgment interest.', 'Los pagos suplementarios cubren ciertos costos además de defensa, como fianzas, pérdida de ganancias por asistir a juicios e intereses post-sentencia.', true, '2026-01-14 23:16:55.548097', '2026-01-14 23:16:55.548097') ON CONFLICT (id) DO NOTHING;
INSERT INTO questions (id, category, topic, question_text_en, question_text_es, options_en, options_es, correct_answer, explanation_en, explanation_es, is_active, created_at, updated_at) VALUES ('c0e03ff6-9748-4316-b4a7-ac49e92f76c1', 'general_lines', NULL, 'What is vicarious liability?', '¿Qué es la responsabilidad vicaria?', '["Personal liability only", "Liability for the actions of another person, such as an employee", "Product liability", "Property liability"]', '["Solo responsabilidad personal", "Responsabilidad por las acciones de otra persona, como un empleado", "Responsabilidad por productos", "Responsabilidad de propiedad"]', 1, 'Vicarious liability holds one party responsible for the actions of another, such as an employer being liable for employee actions within the scope of employment.', 'La responsabilidad vicaria hace responsable a una parte por las acciones de otra, como un empleador siendo responsable de las acciones de un empleado dentro del alcance del empleo.', true, '2026-01-14 23:13:37.256698', '2026-01-14 23:13:37.256698') ON CONFLICT (id) DO NOTHING;
INSERT INTO questions (id, category, topic, question_text_en, question_text_es, options_en, options_es, correct_answer, explanation_en, explanation_es, is_active, created_at, updated_at) VALUES ('c2e4b970-5431-46fd-b58c-4e71dc332b84', 'general_lines', NULL, 'What is a schedule in an insurance policy?', '¿Qué es un anexo en una póliza de seguro?', '["A payment plan", "A list of covered items, locations, or values specific to the policy", "A cancellation date", "A type of coverage"]', '["Un plan de pago", "Una lista de artículos cubiertos, ubicaciones o valores específicos de la póliza", "Una fecha de cancelación", "Un tipo de cobertura"]', 1, 'A schedule is a document attached to a policy listing specific items, locations, values, or other details particular to that policy.', 'Un anexo es un documento adjunto a una póliza que lista artículos específicos, ubicaciones, valores u otros detalles particulares de esa póliza.', true, '2026-01-14 23:13:37.260236', '2026-01-14 23:13:37.260236') ON CONFLICT (id) DO NOTHING;
INSERT INTO questions (id, category, topic, question_text_en, question_text_es, options_en, options_es, correct_answer, explanation_en, explanation_es, is_active, created_at, updated_at) VALUES ('c30bde0f-40dd-4a2a-8b0a-85ef7089cb98', 'general_lines', NULL, 'What is the penalty for selling insurance without a license in Texas?', '¿Cuál es la penalidad por vender seguros sin licencia en Texas?', '["No penalty", "Criminal penalties including fines and possible imprisonment", "Only a warning", "Only premium refund"]', '["Sin penalidad", "Penalidades criminales incluyendo multas y posible encarcelamiento", "Solo una advertencia", "Solo reembolso de prima"]', 1, 'Selling insurance without a license in Texas is a criminal offense that can result in fines, imprisonment, and other penalties under the Texas Insurance Code.', 'Vender seguros sin licencia en Texas es un delito criminal que puede resultar en multas, encarcelamiento y otras penalidades bajo el Código de Seguros de Texas.', true, '2026-01-14 23:23:21.042022', '2026-01-14 23:23:21.042022') ON CONFLICT (id) DO NOTHING;
INSERT INTO questions (id, category, topic, question_text_en, question_text_es, options_en, options_es, correct_answer, explanation_en, explanation_es, is_active, created_at, updated_at) VALUES ('c6d9f444-8633-4c94-9bc2-ef9eda1002df', 'general_lines', NULL, 'What is the duty of utmost good faith in insurance?', '¿Qué es el deber de máxima buena fe en seguros?', '["The obligation of both parties to disclose all material information honestly", "A type of coverage", "A premium requirement", "A claims process"]', '["La obligación de ambas partes de divulgar toda la información material honestamente", "Un tipo de cobertura", "Un requisito de prima", "Un proceso de reclamos"]', 0, 'Utmost good faith requires both the insurer and insured to deal honestly and disclose all material facts in an insurance contract.', 'La máxima buena fe requiere que tanto el asegurador como el asegurado traten honestamente y divulguen todos los hechos materiales en un contrato de seguro.', true, '2026-01-14 18:28:35.69976', '2026-01-14 18:28:35.69976') ON CONFLICT (id) DO NOTHING;
INSERT INTO questions (id, category, topic, question_text_en, question_text_es, options_en, options_es, correct_answer, explanation_en, explanation_es, is_active, created_at, updated_at) VALUES ('c6ddd6f2-368e-4385-b1fa-b2c48c16400a', 'general_lines', NULL, 'What is a builders risk policy?', '¿Qué es una póliza de riesgo de constructores?', '["Insurance for property owners only", "Coverage for buildings under construction", "Life insurance for builders", "Auto insurance for contractors"]', '["Seguro solo para propietarios de propiedad", "Cobertura para edificios en construcción", "Seguro de vida para constructores", "Seguro de auto para contratistas"]', 1, 'A builders risk policy provides coverage for buildings under construction against damage from covered perils such as fire, theft, and weather.', 'Una póliza de riesgo de constructores proporciona cobertura para edificios en construcción contra daños de riesgos cubiertos como incendio, robo y clima.', true, '2026-01-14 23:10:18.202904', '2026-01-14 23:10:18.202904') ON CONFLICT (id) DO NOTHING;
INSERT INTO questions (id, category, topic, question_text_en, question_text_es, options_en, options_es, correct_answer, explanation_en, explanation_es, is_active, created_at, updated_at) VALUES ('c8bfd88e-3dbf-41f3-9abc-0d64f154e0f4', 'general_lines', NULL, 'What is a material misrepresentation?', '¿Qué es una tergiversación material?', '["A minor error", "A false statement that would affect the insurer''s decision to issue or price the policy", "A premium calculation", "An endorsement"]', '["Un error menor", "Una declaración falsa que afectaría la decisión del asegurador de emitir o fijar el precio de la póliza", "Un cálculo de prima", "Un endoso"]', 1, 'A material misrepresentation is a false or misleading statement that would have influenced the insurer''s decision to accept the risk or the terms of coverage.', 'Una tergiversación material es una declaración falsa o engañosa que habría influido en la decisión del asegurador de aceptar el riesgo o los términos de la cobertura.', true, '2026-01-14 23:13:37.336968', '2026-01-14 23:13:37.336968') ON CONFLICT (id) DO NOTHING;
INSERT INTO questions (id, category, topic, question_text_en, question_text_es, options_en, options_es, correct_answer, explanation_en, explanation_es, is_active, created_at, updated_at) VALUES ('ca4f73b1-deef-42b2-81d9-bd37a0973b36', 'general_lines', NULL, 'What is the purpose of a deductible in insurance?', '¿Cuál es el propósito de un deducible en seguros?', '["To increase claim payments", "To have the insured share in the loss and reduce small claims", "To eliminate all coverage", "To replace the premium"]', '["Aumentar los pagos de reclamos", "Hacer que el asegurado comparta la pérdida y reducir reclamos pequeños", "Eliminar toda la cobertura", "Reemplazar la prima"]', 1, 'A deductible is the amount the insured must pay out of pocket before insurance coverage applies, reducing moral hazard and small claims.', 'Un deducible es la cantidad que el asegurado debe pagar de su bolsillo antes de que se aplique la cobertura del seguro, reduciendo el riesgo moral y los reclamos pequeños.', true, '2026-01-14 23:10:18.170551', '2026-01-14 23:10:18.170551') ON CONFLICT (id) DO NOTHING;
INSERT INTO questions (id, category, topic, question_text_en, question_text_es, options_en, options_es, correct_answer, explanation_en, explanation_es, is_active, created_at, updated_at) VALUES ('cb37a348-0bc8-43d7-b0ad-d2b02c1a8851', 'general_lines', NULL, 'What is a claim adjuster?', '¿Qué es un ajustador de reclamos?', '["An insurance salesperson", "A person who investigates claims and determines payment amounts", "A policy underwriter", "A premium collector"]', '["Un vendedor de seguros", "Una persona que investiga reclamos y determina los montos de pago", "Un suscriptor de pólizas", "Un cobrador de primas"]', 1, 'A claim adjuster investigates insurance claims, evaluates damages, determines coverage, and negotiates settlements with claimants.', 'Un ajustador de reclamos investiga reclamos de seguros, evalúa daños, determina la cobertura y negocia acuerdos con los reclamantes.', true, '2026-01-14 23:23:20.980283', '2026-01-14 23:23:20.980283') ON CONFLICT (id) DO NOTHING;
INSERT INTO questions (id, category, topic, question_text_en, question_text_es, options_en, options_es, correct_answer, explanation_en, explanation_es, is_active, created_at, updated_at) VALUES ('cc86d6e3-84d9-4455-947b-c709c8c04679', 'general_lines', NULL, 'What is a self-insured retention (SIR)?', '¿Qué es una retención autoasegurada (SIR)?', '["A type of coverage", "The amount the insured must pay before excess or umbrella coverage applies", "A premium payment", "An endorsement"]', '["Un tipo de cobertura", "La cantidad que el asegurado debe pagar antes de que se aplique la cobertura excedente o paraguas", "Un pago de prima", "Un endoso"]', 1, 'A self-insured retention is a dollar amount the insured is responsible for before excess or umbrella coverage begins to pay.', 'Una retención autoasegurada es una cantidad en dólares de la cual el asegurado es responsable antes de que la cobertura excedente o paraguas comience a pagar.', true, '2026-01-14 23:13:37.357331', '2026-01-14 23:13:37.357331') ON CONFLICT (id) DO NOTHING;
INSERT INTO questions (id, category, topic, question_text_en, question_text_es, options_en, options_es, correct_answer, explanation_en, explanation_es, is_active, created_at, updated_at) VALUES ('cea9fff6-addd-4c33-92db-0e8c7731241c', 'general_lines', NULL, 'What is directors and officers (D&O) liability insurance?', '¿Qué es el seguro de responsabilidad de directores y funcionarios (D&O)?', '["Property insurance", "Coverage for claims against corporate leadership for wrongful acts", "Auto insurance", "Workers compensation"]', '["Seguro de propiedad", "Cobertura para reclamos contra liderazgo corporativo por actos ilícitos", "Seguro de auto", "Compensación de trabajadores"]', 1, 'D&O insurance protects company directors and officers from personal liability for wrongful acts in managing the company.', 'El seguro D&O protege a los directores y funcionarios de la empresa de responsabilidad personal por actos ilícitos en la gestión de la empresa.', true, '2026-01-14 23:10:18.221119', '2026-01-14 23:10:18.221119') ON CONFLICT (id) DO NOTHING;
INSERT INTO questions (id, category, topic, question_text_en, question_text_es, options_en, options_es, correct_answer, explanation_en, explanation_es, is_active, created_at, updated_at) VALUES ('d0a1fb2a-5697-4229-9a8a-fa520c064579', 'general_lines', NULL, 'What is the minimum age to be licensed as an insurance agent in Texas?', '¿Cuál es la edad mínima para obtener licencia como agente de seguros en Texas?', '["18 years old", "21 years old", "25 years old", "16 years old"]', '["18 años", "21 años", "25 años", "16 años"]', 0, 'In Texas, you must be at least 18 years old to be licensed as an insurance agent.', 'En Texas, debes tener al menos 18 años para obtener licencia como agente de seguros.', true, '2026-01-14 18:28:35.675827', '2026-01-14 18:28:35.675827') ON CONFLICT (id) DO NOTHING;
INSERT INTO questions (id, category, topic, question_text_en, question_text_es, options_en, options_es, correct_answer, explanation_en, explanation_es, is_active, created_at, updated_at) VALUES ('d12a6488-e811-4667-bb8f-08a29c731791', 'general_lines', NULL, 'What is concurrent causation?', '¿Qué es la causación concurrente?', '["A type of policy", "When two or more causes contribute to a loss, one covered and one excluded", "A claims process", "A premium calculation"]', '["Un tipo de póliza", "Cuando dos o más causas contribuyen a una pérdida, una cubierta y una excluida", "Un proceso de reclamos", "Un cálculo de prima"]', 1, 'Concurrent causation occurs when two or more causes (one covered, one excluded) contribute to a loss, potentially triggering coverage disputes.', 'La causación concurrente ocurre cuando dos o más causas (una cubierta, una excluida) contribuyen a una pérdida, potencialmente generando disputas de cobertura.', true, '2026-01-14 23:13:37.321603', '2026-01-14 23:13:37.321603') ON CONFLICT (id) DO NOTHING;
INSERT INTO questions (id, category, topic, question_text_en, question_text_es, options_en, options_es, correct_answer, explanation_en, explanation_es, is_active, created_at, updated_at) VALUES ('d25ed58d-5b76-49a2-b7ec-633ca9362eef', 'general_lines', NULL, 'What is the mobile equipment exclusion in commercial auto policies?', '¿Qué es la exclusión de equipo móvil en pólizas de auto comercial?', '["An exclusion for trucks", "An exclusion for vehicles primarily designed for off-road use that may be covered under CGL instead", "An exclusion for trailers", "An exclusion for motorcycles"]', '["Una exclusión para camiones", "Una exclusión para vehículos diseñados principalmente para uso fuera de carretera que pueden estar cubiertos bajo CGL en su lugar", "Una exclusión para remolques", "Una exclusión para motocicletas"]', 1, 'Mobile equipment (bulldozers, forklifts, etc.) is excluded from commercial auto policies because liability for such equipment is typically covered under CGL.', 'El equipo móvil (bulldozers, montacargas, etc.) está excluido de las pólizas de auto comercial porque la responsabilidad por dicho equipo típicamente está cubierta bajo CGL.', true, '2026-01-14 23:16:55.550757', '2026-01-14 23:16:55.550757') ON CONFLICT (id) DO NOTHING;
INSERT INTO questions (id, category, topic, question_text_en, question_text_es, options_en, options_es, correct_answer, explanation_en, explanation_es, is_active, created_at, updated_at) VALUES ('d46ede2e-6a63-41af-a7a3-afce72bcdc1d', 'general_lines', NULL, 'What is a general aggregate limit?', '¿Qué es un límite agregado general?', '["A per claim limit", "The maximum the insurer will pay for all covered claims (except products/completed operations) in a policy period", "A deductible", "The premium"]', '["Un límite por reclamo", "El máximo que el asegurador pagará por todos los reclamos cubiertos (excepto productos/operaciones completadas) en un período de póliza", "Un deducible", "La prima"]', 1, 'The general aggregate is the maximum the insurer will pay for all claims other than products-completed operations during a policy period.', 'El agregado general es el máximo que el asegurador pagará por todos los reclamos excepto productos-operaciones completadas durante un período de póliza.', true, '2026-01-14 23:16:55.535623', '2026-01-14 23:16:55.535623') ON CONFLICT (id) DO NOTHING;
INSERT INTO questions (id, category, topic, question_text_en, question_text_es, options_en, options_es, correct_answer, explanation_en, explanation_es, is_active, created_at, updated_at) VALUES ('d5425735-8258-4c96-a9c4-fedf074ad4be', 'general_lines', NULL, 'What is facultative reinsurance?', '¿Qué es el reaseguro facultativo?', '["Automatic reinsurance", "Reinsurance negotiated on a case-by-case basis for individual risks", "Group reinsurance", "Life reinsurance"]', '["Reaseguro automático", "Reaseguro negociado caso por caso para riesgos individuales", "Reaseguro grupal", "Reaseguro de vida"]', 1, 'Facultative reinsurance is arranged on a case-by-case basis where the reinsurer evaluates and chooses whether to accept each individual risk.', 'El reaseguro facultativo se arregla caso por caso donde el reasegurador evalúa y elige si acepta cada riesgo individual.', true, '2026-01-14 23:13:37.366544', '2026-01-14 23:13:37.366544') ON CONFLICT (id) DO NOTHING;
INSERT INTO questions (id, category, topic, question_text_en, question_text_es, options_en, options_es, correct_answer, explanation_en, explanation_es, is_active, created_at, updated_at) VALUES ('d66d646a-e9cf-4985-9042-d1a709caf736', 'general_lines', NULL, 'What is the notice of loss requirement?', '¿Qué es el requisito de aviso de pérdida?', '["A premium notice", "The insured''s duty to promptly inform the insurer of a loss or potential claim", "A renewal notice", "A cancellation notice"]', '["Un aviso de prima", "El deber del asegurado de informar prontamente al asegurador de una pérdida o reclamo potencial", "Un aviso de renovación", "Un aviso de cancelación"]', 1, 'The notice of loss requirement obligates the insured to notify the insurer promptly after a loss occurs or when a claim is likely to be made.', 'El requisito de aviso de pérdida obliga al asegurado a notificar al asegurador prontamente después de que ocurre una pérdida o cuando es probable que se haga un reclamo.', true, '2026-01-14 23:23:20.999663', '2026-01-14 23:23:20.999663') ON CONFLICT (id) DO NOTHING;
INSERT INTO questions (id, category, topic, question_text_en, question_text_es, options_en, options_es, correct_answer, explanation_en, explanation_es, is_active, created_at, updated_at) VALUES ('d8f045b1-ab3c-4e1f-a9cb-116ec4a99442', 'general_lines', NULL, 'What is the purpose of a surety bond?', '¿Cuál es el propósito de una fianza?', '["To provide life insurance", "To guarantee performance or payment of an obligation", "To cover auto accidents", "To pay medical bills"]', '["Proporcionar seguro de vida", "Garantizar el cumplimiento o pago de una obligación", "Cubrir accidentes de auto", "Pagar facturas médicas"]', 1, 'A surety bond is a three-party agreement that guarantees the principal will fulfill an obligation to the obligee.', 'Una fianza es un acuerdo de tres partes que garantiza que el principal cumplirá una obligación con el obligado.', true, '2026-01-14 23:10:18.087878', '2026-01-14 23:10:18.087878') ON CONFLICT (id) DO NOTHING;
INSERT INTO questions (id, category, topic, question_text_en, question_text_es, options_en, options_es, correct_answer, explanation_en, explanation_es, is_active, created_at, updated_at) VALUES ('daff42a4-9fb4-4dd1-b4de-73933f62cda4', 'general_lines', NULL, 'What is the difference between concealment and misrepresentation?', '¿Cuál es la diferencia entre ocultación y tergiversación?', '["No difference", "Concealment is failure to disclose; misrepresentation is making a false statement", "Both are the same thing", "Concealment is always fraud"]', '["Sin diferencia", "Ocultación es no revelar; tergiversación es hacer una declaración falsa", "Ambos son lo mismo", "Ocultación siempre es fraude"]', 1, 'Concealment is the intentional failure to disclose material information, while misrepresentation is making a false or misleading statement.', 'La ocultación es la falta intencional de revelar información material, mientras que la tergiversación es hacer una declaración falsa o engañosa.', true, '2026-01-14 23:13:37.339649', '2026-01-14 23:13:37.339649') ON CONFLICT (id) DO NOTHING;
INSERT INTO questions (id, category, topic, question_text_en, question_text_es, options_en, options_es, correct_answer, explanation_en, explanation_es, is_active, created_at, updated_at) VALUES ('db37d948-65e9-47c6-80a9-1f220a104e7b', 'general_lines', NULL, 'What is the purpose of umbrella liability insurance?', '¿Cuál es el propósito del seguro de responsabilidad paraguas?', '["To replace other policies", "To provide excess liability coverage above underlying policy limits", "To cover property only", "To provide workers compensation"]', '["Reemplazar otras pólizas", "Proporcionar cobertura de responsabilidad excedente por encima de los límites de la póliza subyacente", "Cubrir solo propiedad", "Proporcionar compensación de trabajadores"]', 1, 'Umbrella liability insurance provides additional liability coverage above the limits of underlying policies and may cover some claims excluded by underlying policies.', 'El seguro de responsabilidad paraguas proporciona cobertura de responsabilidad adicional por encima de los límites de las pólizas subyacentes y puede cubrir algunos reclamos excluidos por las pólizas subyacentes.', true, '2026-01-14 23:10:18.132905', '2026-01-14 23:10:18.132905') ON CONFLICT (id) DO NOTHING;
INSERT INTO questions (id, category, topic, question_text_en, question_text_es, options_en, options_es, correct_answer, explanation_en, explanation_es, is_active, created_at, updated_at) VALUES ('db84bdfe-23d7-43eb-af25-8f2e9f1c6725', 'general_lines', NULL, 'What is the Texas agent licensing examination requirement?', '¿Cuál es el requisito del examen de licencia de agente de Texas?', '["No exam required", "Passing a state-administered examination covering insurance principles and laws", "Only a background check", "Only a fee payment"]', '["No se requiere examen", "Aprobar un examen administrado por el estado que cubre principios y leyes de seguros", "Solo una verificación de antecedentes", "Solo un pago de tarifa"]', 1, 'Texas requires prospective agents to pass a licensing examination testing knowledge of insurance principles, coverage, and Texas insurance laws.', 'Texas requiere que los agentes potenciales aprueben un examen de licencia que evalúa el conocimiento de principios de seguros, cobertura y leyes de seguros de Texas.', true, '2026-01-14 23:23:21.036063', '2026-01-14 23:23:21.036063') ON CONFLICT (id) DO NOTHING;
INSERT INTO questions (id, category, topic, question_text_en, question_text_es, options_en, options_es, correct_answer, explanation_en, explanation_es, is_active, created_at, updated_at) VALUES ('dbbc5c3c-c09d-44d6-bd60-70afba755aea', 'general_lines', NULL, 'What is business interruption insurance?', '¿Qué es el seguro de interrupción de negocios?', '["Coverage for employee injuries", "Coverage for lost income when a business cannot operate due to a covered loss", "Coverage for auto accidents", "Coverage for professional errors"]', '["Cobertura para lesiones de empleados", "Cobertura para ingresos perdidos cuando un negocio no puede operar debido a una pérdida cubierta", "Cobertura para accidentes de auto", "Cobertura para errores profesionales"]', 1, 'Business interruption insurance covers lost income and ongoing expenses when a business is unable to operate due to a covered property loss.', 'El seguro de interrupción de negocios cubre ingresos perdidos y gastos continuos cuando un negocio no puede operar debido a una pérdida de propiedad cubierta.', true, '2026-01-14 23:10:18.154625', '2026-01-14 23:10:18.154625') ON CONFLICT (id) DO NOTHING;
INSERT INTO questions (id, category, topic, question_text_en, question_text_es, options_en, options_es, correct_answer, explanation_en, explanation_es, is_active, created_at, updated_at) VALUES ('dc112b1d-93d0-4f6b-998f-9694078b1b2f', 'general_lines', NULL, 'What is contractual liability?', '¿Qué es la responsabilidad contractual?', '["Only statutory liability", "Liability assumed through a contract or agreement", "Product liability", "Auto liability"]', '["Solo responsabilidad estatutaria", "Responsabilidad asumida a través de un contrato o acuerdo", "Responsabilidad por productos", "Responsabilidad de auto"]', 1, 'Contractual liability is liability that the insured assumes under a contract, such as a hold harmless or indemnity agreement.', 'La responsabilidad contractual es la responsabilidad que el asegurado asume bajo un contrato, como un acuerdo de exoneración o indemnización.', true, '2026-01-14 23:13:37.385833', '2026-01-14 23:13:37.385833') ON CONFLICT (id) DO NOTHING;
INSERT INTO questions (id, category, topic, question_text_en, question_text_es, options_en, options_es, correct_answer, explanation_en, explanation_es, is_active, created_at, updated_at) VALUES ('dc315c29-d5d7-41c3-8f79-3006eb3c26f3', 'general_lines', NULL, 'What is twisting in insurance?', '¿Qué es el ''twisting'' en seguros?', '["A legal sales practice", "Using misrepresentation to induce a policyholder to replace an existing policy", "A type of endorsement", "A coverage modification"]', '["Una práctica de ventas legal", "Usar tergiversación para inducir a un titular de póliza a reemplazar una póliza existente", "Un tipo de endoso", "Una modificación de cobertura"]', 1, 'Twisting is an illegal practice involving misrepresentation to induce a policyholder to lapse, forfeit, or surrender an existing policy to purchase a new one.', 'El twisting es una práctica ilegal que involucra tergiversación para inducir a un titular de póliza a dejar vencer, perder o rendir una póliza existente para comprar una nueva.', true, '2026-01-14 23:13:37.280007', '2026-01-14 23:13:37.280007') ON CONFLICT (id) DO NOTHING;
INSERT INTO questions (id, category, topic, question_text_en, question_text_es, options_en, options_es, correct_answer, explanation_en, explanation_es, is_active, created_at, updated_at) VALUES ('dcf451de-3093-4ab6-9a7f-6db947790881', 'general_lines', NULL, 'What is the purpose of a Business Owner''s Policy (BOP)?', '¿Cuál es el propósito de una Póliza de Propietario de Negocio (BOP)?', '["To cover only liability", "To combine property and liability coverage in one package for small businesses", "To cover only employees", "To provide life insurance"]', '["Cubrir solo responsabilidad", "Combinar cobertura de propiedad y responsabilidad en un paquete para pequeños negocios", "Cubrir solo empleados", "Proporcionar seguro de vida"]', 1, 'A BOP combines property insurance, business interruption insurance, and liability coverage into a single package for eligible small to mid-sized businesses.', 'Una BOP combina seguro de propiedad, seguro de interrupción de negocios y cobertura de responsabilidad en un solo paquete para pequeños y medianos negocios elegibles.', true, '2026-01-14 23:10:18.113426', '2026-01-14 23:10:18.113426') ON CONFLICT (id) DO NOTHING;
INSERT INTO questions (id, category, topic, question_text_en, question_text_es, options_en, options_es, correct_answer, explanation_en, explanation_es, is_active, created_at, updated_at) VALUES ('de8ffd05-d309-4f67-a798-201c92578fcd', 'general_lines', NULL, 'What is spoilage coverage?', '¿Qué es la cobertura de deterioro?', '["Coverage for employee theft", "Coverage for loss of perishable goods due to temperature change or power failure", "Auto coverage", "Life insurance"]', '["Cobertura para robo de empleados", "Cobertura por pérdida de bienes perecederos debido a cambio de temperatura o falla de energía", "Cobertura de auto", "Seguro de vida"]', 1, 'Spoilage coverage protects against loss of perishable stock due to breakdown of refrigeration equipment, power failure, or temperature change.', 'La cobertura de deterioro protege contra pérdida de stock perecedero debido a avería de equipo de refrigeración, falla de energía o cambio de temperatura.', true, '2026-01-14 23:16:55.445877', '2026-01-14 23:16:55.445877') ON CONFLICT (id) DO NOTHING;
INSERT INTO questions (id, category, topic, question_text_en, question_text_es, options_en, options_es, correct_answer, explanation_en, explanation_es, is_active, created_at, updated_at) VALUES ('e3517be7-654f-41b7-b3e3-ad2ed3d884c7', 'general_lines', NULL, 'What is the proof of loss requirement?', '¿Qué es el requisito de prueba de pérdida?', '["A premium payment", "A sworn statement documenting the facts and amount of the loss", "An insurance application", "A policy renewal"]', '["Un pago de prima", "Una declaración jurada documentando los hechos y el monto de la pérdida", "Una solicitud de seguro", "Una renovación de póliza"]', 1, 'Proof of loss is a formal sworn statement the insured must submit to the insurance company documenting the details and amount of a claimed loss.', 'La prueba de pérdida es una declaración jurada formal que el asegurado debe presentar a la compañía de seguros documentando los detalles y el monto de una pérdida reclamada.', true, '2026-01-14 23:23:20.989163', '2026-01-14 23:23:20.989163') ON CONFLICT (id) DO NOTHING;
INSERT INTO questions (id, category, topic, question_text_en, question_text_es, options_en, options_es, correct_answer, explanation_en, explanation_es, is_active, created_at, updated_at) VALUES ('e4112d15-94c6-44f7-96ce-5939f1afa4bf', 'general_lines', NULL, 'What is a commercial crime policy?', '¿Qué es una póliza de crimen comercial?', '["Coverage for criminal defendants", "Coverage for losses caused by criminal acts against the business", "Auto coverage", "Life insurance"]', '["Cobertura para acusados criminales", "Cobertura por pérdidas causadas por actos criminales contra el negocio", "Cobertura de auto", "Seguro de vida"]', 1, 'A commercial crime policy covers losses from criminal acts including employee theft, forgery, computer fraud, and funds transfer fraud.', 'Una póliza de crimen comercial cubre pérdidas por actos criminales incluyendo robo de empleados, falsificación, fraude informático y fraude de transferencia de fondos.', true, '2026-01-14 23:16:55.374759', '2026-01-14 23:16:55.374759') ON CONFLICT (id) DO NOTHING;
INSERT INTO questions (id, category, topic, question_text_en, question_text_es, options_en, options_es, correct_answer, explanation_en, explanation_es, is_active, created_at, updated_at) VALUES ('e6b9b601-88f9-4458-b755-7b79c5f21567', 'general_lines', NULL, 'What is the purpose of reinsurance?', '¿Cuál es el propósito del reaseguro?', '["To sell more insurance", "To allow insurers to transfer portions of their risk to other insurers", "To eliminate all risk", "To reduce premiums"]', '["Vender más seguros", "Permitir que los aseguradores transfieran porciones de su riesgo a otros aseguradores", "Eliminar todo el riesgo", "Reducir las primas"]', 1, 'Reinsurance allows primary insurers to transfer part of their risk exposure to other insurers, helping manage capacity and catastrophic losses.', 'El reaseguro permite a los aseguradores primarios transferir parte de su exposición al riesgo a otros aseguradores, ayudando a gestionar la capacidad y las pérdidas catastróficas.', true, '2026-01-14 23:13:37.363506', '2026-01-14 23:13:37.363506') ON CONFLICT (id) DO NOTHING;
INSERT INTO questions (id, category, topic, question_text_en, question_text_es, options_en, options_es, correct_answer, explanation_en, explanation_es, is_active, created_at, updated_at) VALUES ('e8a2f157-9fdb-4684-835b-9c585eaa54da', 'general_lines', NULL, 'What is hull insurance?', '¿Qué es el seguro de casco?', '["Life insurance for sailors", "Coverage for the physical structure of a vessel", "Cargo coverage", "Liability coverage"]', '["Seguro de vida para marineros", "Cobertura para la estructura física de una embarcación", "Cobertura de carga", "Cobertura de responsabilidad"]', 1, 'Hull insurance covers physical damage to the vessel (ship''s body and machinery) from covered perils.', 'El seguro de casco cubre daños físicos a la embarcación (cuerpo del barco y maquinaria) de riesgos cubiertos.', true, '2026-01-14 23:16:55.482525', '2026-01-14 23:16:55.482525') ON CONFLICT (id) DO NOTHING;
INSERT INTO questions (id, category, topic, question_text_en, question_text_es, options_en, options_es, correct_answer, explanation_en, explanation_es, is_active, created_at, updated_at) VALUES ('ea0bbb81-c944-4b34-895d-c616cec6115f', 'general_lines', NULL, 'What is a public adjuster?', '¿Qué es un ajustador público?', '["An insurance company employee", "An adjuster who represents policyholders in claim negotiations", "A government official", "A court-appointed adjuster"]', '["Un empleado de la compañía de seguros", "Un ajustador que representa a los titulares de pólizas en negociaciones de reclamos", "Un funcionario del gobierno", "Un ajustador nombrado por el tribunal"]', 1, 'A public adjuster is hired by policyholders to represent their interests in claim negotiations with the insurance company, usually for a percentage of the settlement.', 'Un ajustador público es contratado por los titulares de pólizas para representar sus intereses en negociaciones de reclamos con la compañía de seguros, generalmente por un porcentaje del acuerdo.', true, '2026-01-14 23:23:20.984018', '2026-01-14 23:23:20.984018') ON CONFLICT (id) DO NOTHING;
INSERT INTO questions (id, category, topic, question_text_en, question_text_es, options_en, options_es, correct_answer, explanation_en, explanation_es, is_active, created_at, updated_at) VALUES ('eab1b11d-3626-4c68-ad1e-8ee9d5c9bacc', 'general_lines', NULL, 'What is frequency in risk analysis?', '¿Qué es la frecuencia en el análisis de riesgos?', '["The size of losses", "How often losses are expected to occur", "The cost of insurance", "The premium amount"]', '["El tamaño de las pérdidas", "Con qué frecuencia se espera que ocurran las pérdidas", "El costo del seguro", "El monto de la prima"]', 1, 'Frequency refers to how often losses are expected to occur, which helps determine appropriate risk management techniques.', 'La frecuencia se refiere a con qué frecuencia se espera que ocurran las pérdidas, lo que ayuda a determinar técnicas apropiadas de gestión de riesgos.', true, '2026-01-14 23:23:20.97282', '2026-01-14 23:23:20.97282') ON CONFLICT (id) DO NOTHING;
INSERT INTO questions (id, category, topic, question_text_en, question_text_es, options_en, options_es, correct_answer, explanation_en, explanation_es, is_active, created_at, updated_at) VALUES ('eb903c16-5736-4e02-89cc-5e8403e45528', 'general_lines', NULL, 'What does ''premium'' mean in insurance terminology?', '¿Qué significa ''prima'' en terminología de seguros?', '["The amount paid for coverage", "The maximum coverage limit", "The deductible amount", "The claim payout"]', '["La cantidad pagada por la cobertura", "El límite máximo de cobertura", "El monto del deducible", "El pago de la reclamación"]', 0, 'A premium is the amount of money an individual or business pays for an insurance policy, typically on a monthly or annual basis.', 'Una prima es la cantidad de dinero que un individuo o empresa paga por una póliza de seguro, generalmente de forma mensual o anual.', true, '2026-01-14 16:50:01.919359', '2026-01-14 16:50:01.919359') ON CONFLICT (id) DO NOTHING;
INSERT INTO questions (id, category, topic, question_text_en, question_text_es, options_en, options_es, correct_answer, explanation_en, explanation_es, is_active, created_at, updated_at) VALUES ('ed2386ca-d108-409a-8d03-99059ef343f5', 'general_lines', NULL, 'What is a symbol system in commercial auto coverage?', '¿Qué es un sistema de símbolos en la cobertura de auto comercial?', '["A company logo", "A numbering system that identifies which vehicles are covered for each type of coverage", "A premium calculation", "A claim form"]', '["Un logotipo de empresa", "Un sistema de numeración que identifica qué vehículos están cubiertos para cada tipo de cobertura", "Un cálculo de prima", "Un formulario de reclamo"]', 1, 'The symbol system uses numbers (1-9) to identify which vehicles are covered for liability, physical damage, and other coverages in the policy.', 'El sistema de símbolos usa números (1-9) para identificar qué vehículos están cubiertos para responsabilidad, daños físicos y otras coberturas en la póliza.', true, '2026-01-14 23:16:55.563603', '2026-01-14 23:16:55.563603') ON CONFLICT (id) DO NOTHING;
INSERT INTO questions (id, category, topic, question_text_en, question_text_es, options_en, options_es, correct_answer, explanation_en, explanation_es, is_active, created_at, updated_at) VALUES ('ee2f9fce-3209-4052-96b0-c20a771b8655', 'general_lines', NULL, 'What is the role of an insurance underwriter?', '¿Cuál es el rol de un suscriptor de seguros?', '["To sell insurance policies", "To evaluate risks and determine policy terms and premiums", "To process claims", "To manage customer complaints"]', '["Vender pólizas de seguro", "Evaluar riesgos y determinar los términos y primas de la póliza", "Procesar reclamaciones", "Gestionar quejas de clientes"]', 1, 'An underwriter assesses the risk of insuring a person or asset and determines whether to offer coverage and at what premium.', 'Un suscriptor evalúa el riesgo de asegurar a una persona o activo y determina si ofrecer cobertura y a qué prima.', true, '2026-01-14 16:50:01.914071', '2026-01-14 16:50:01.914071') ON CONFLICT (id) DO NOTHING;
INSERT INTO questions (id, category, topic, question_text_en, question_text_es, options_en, options_es, correct_answer, explanation_en, explanation_es, is_active, created_at, updated_at) VALUES ('ee625aff-ec84-423a-b1f8-4b456595bea2', 'general_lines', NULL, 'What is subrogation in insurance?', '¿Qué es la subrogación en seguros?', '["A type of policy", "The insurer''s right to recover from a third party after paying a claim", "A premium payment method", "A type of endorsement"]', '["Un tipo de póliza", "El derecho del asegurador de recuperar de un tercero después de pagar un reclamo", "Un método de pago de prima", "Un tipo de endoso"]', 1, 'Subrogation is the insurer''s legal right to pursue a third party who caused the loss after the insurer has paid the claim.', 'La subrogación es el derecho legal del asegurador de perseguir a un tercero que causó la pérdida después de que el asegurador haya pagado el reclamo.', true, '2026-01-14 23:10:18.136186', '2026-01-14 23:10:18.136186') ON CONFLICT (id) DO NOTHING;
INSERT INTO questions (id, category, topic, question_text_en, question_text_es, options_en, options_es, correct_answer, explanation_en, explanation_es, is_active, created_at, updated_at) VALUES ('f14dac2b-c499-4161-99a0-6e7468ae96c0', 'general_lines', NULL, 'What is uninsured/underinsured motorist coverage?', '¿Qué es la cobertura de motorista sin seguro/con seguro insuficiente?', '["Coverage for uninsured vehicles", "Coverage protecting the insured when injured by a driver with no or inadequate insurance", "Property coverage", "Life insurance"]', '["Cobertura para vehículos sin seguro", "Cobertura que protege al asegurado cuando es lesionado por un conductor sin seguro o con seguro inadecuado", "Cobertura de propiedad", "Seguro de vida"]', 1, 'UM/UIM coverage pays for injuries to the insured when the at-fault driver has no insurance or insufficient coverage to pay for damages.', 'La cobertura UM/UIM paga por lesiones al asegurado cuando el conductor culpable no tiene seguro o tiene cobertura insuficiente para pagar los daños.', true, '2026-01-14 23:16:55.57349', '2026-01-14 23:16:55.57349') ON CONFLICT (id) DO NOTHING;
INSERT INTO questions (id, category, topic, question_text_en, question_text_es, options_en, options_es, correct_answer, explanation_en, explanation_es, is_active, created_at, updated_at) VALUES ('f1dc7c09-6067-4bd4-bae6-062e091065cc', 'general_lines', NULL, 'What is medical payments coverage in a CGL policy?', '¿Qué es la cobertura de pagos médicos en una póliza CGL?', '["Coverage for employee injuries", "Coverage paying medical expenses for injuries to non-employees on the premises regardless of fault", "Health insurance", "Life insurance"]', '["Cobertura para lesiones de empleados", "Cobertura que paga gastos médicos para lesiones a no empleados en las instalaciones sin importar la culpa", "Seguro de salud", "Seguro de vida"]', 1, 'Medical payments coverage pays medical expenses for injuries to third parties on the insured''s premises, regardless of fault, up to the policy limit.', 'La cobertura de pagos médicos paga gastos médicos para lesiones a terceros en las instalaciones del asegurado, sin importar la culpa, hasta el límite de la póliza.', true, '2026-01-14 23:13:37.399545', '2026-01-14 23:13:37.399545') ON CONFLICT (id) DO NOTHING;
INSERT INTO questions (id, category, topic, question_text_en, question_text_es, options_en, options_es, correct_answer, explanation_en, explanation_es, is_active, created_at, updated_at) VALUES ('f69e72ed-d0c2-47c2-8b0a-b596619176b6', 'general_lines', NULL, 'What is a license and permit bond?', '¿Qué es una fianza de licencia y permiso?', '["A performance bond", "A bond required by government for licensees to ensure compliance with regulations", "A payment bond", "A fidelity bond"]', '["Una fianza de cumplimiento", "Una fianza requerida por el gobierno para licenciatarios para asegurar cumplimiento con regulaciones", "Una fianza de pago", "Una fianza de fidelidad"]', 1, 'License and permit bonds are required by government agencies and guarantee that licensees will comply with laws and regulations in their business activities.', 'Las fianzas de licencia y permiso son requeridas por agencias gubernamentales y garantizan que los licenciatarios cumplirán con leyes y regulaciones en sus actividades comerciales.', true, '2026-01-14 23:16:55.513451', '2026-01-14 23:16:55.513451') ON CONFLICT (id) DO NOTHING;
INSERT INTO questions (id, category, topic, question_text_en, question_text_es, options_en, options_es, correct_answer, explanation_en, explanation_es, is_active, created_at, updated_at) VALUES ('f90bf8a2-7a92-4b3f-8750-31852c2ce977', 'general_lines', NULL, 'What is the Texas Windstorm Insurance Association (TWIA)?', '¿Qué es la Asociación de Seguros contra Tormentas de Viento de Texas (TWIA)?', '["A private insurer", "A state-created pool providing wind and hail coverage in designated coastal areas", "A federal program", "A liability insurer"]', '["Un asegurador privado", "Un fondo creado por el estado que proporciona cobertura de viento y granizo en áreas costeras designadas", "Un programa federal", "Un asegurador de responsabilidad"]', 1, 'TWIA is a residual market mechanism created by the Texas Legislature to provide wind and hail coverage in designated catastrophe areas along the coast.', 'TWIA es un mecanismo de mercado residual creado por la Legislatura de Texas para proporcionar cobertura de viento y granizo en áreas de catástrofe designadas a lo largo de la costa.', true, '2026-01-14 23:13:37.304452', '2026-01-14 23:13:37.304452') ON CONFLICT (id) DO NOTHING;
INSERT INTO questions (id, category, topic, question_text_en, question_text_es, options_en, options_es, correct_answer, explanation_en, explanation_es, is_active, created_at, updated_at) VALUES ('fc639ea8-71e5-4baa-8985-18fb8913b8f0', 'general_lines', NULL, 'What is a loss ratio?', '¿Qué es un índice de pérdidas?', '["A claims processing speed", "The ratio of claims paid to premiums earned", "A deductible calculation", "A coverage limit"]', '["Una velocidad de procesamiento de reclamos", "La proporción de reclamos pagados a primas ganadas", "Un cálculo de deducible", "Un límite de cobertura"]', 1, 'The loss ratio is calculated by dividing incurred losses by earned premiums, measuring the percentage of premiums used to pay claims.', 'El índice de pérdidas se calcula dividiendo las pérdidas incurridas entre las primas ganadas, midiendo el porcentaje de primas usadas para pagar reclamos.', true, '2026-01-14 23:16:55.585304', '2026-01-14 23:16:55.585304') ON CONFLICT (id) DO NOTHING;
INSERT INTO questions (id, category, topic, question_text_en, question_text_es, options_en, options_es, correct_answer, explanation_en, explanation_es, is_active, created_at, updated_at) VALUES ('fdec2606-4724-4f21-8856-390c8ab9063e', 'general_lines', NULL, 'What is the duty to cooperate?', '¿Qué es el deber de cooperar?', '["A sales requirement", "The insured''s obligation to assist the insurer in investigating and defending claims", "A premium payment duty", "An agent''s obligation"]', '["Un requisito de ventas", "La obligación del asegurado de asistir al asegurador en investigar y defender reclamos", "Un deber de pago de prima", "Una obligación del agente"]', 1, 'The duty to cooperate requires the insured to assist the insurer in claim investigation, provide documents, and cooperate in legal defense.', 'El deber de cooperar requiere que el asegurado asista al asegurador en la investigación de reclamos, proporcione documentos y coopere en la defensa legal.', true, '2026-01-14 23:23:20.994236', '2026-01-14 23:23:20.994236') ON CONFLICT (id) DO NOTHING;
INSERT INTO questions (id, category, topic, question_text_en, question_text_es, options_en, options_es, correct_answer, explanation_en, explanation_es, is_active, created_at, updated_at) VALUES ('feefaf53-7954-4a3c-a94c-b47580d73c2e', 'general_lines', NULL, 'What is the purpose of a manuscript policy?', '¿Cuál es el propósito de una póliza manuscrita?', '["A standard form policy", "A customized policy written for unique risks", "A life insurance policy", "An auto policy"]', '["Una póliza de formulario estándar", "Una póliza personalizada escrita para riesgos únicos", "Una póliza de seguro de vida", "Una póliza de auto"]', 1, 'A manuscript policy is a customized policy specifically drafted to address unique coverage needs that standard forms don''t adequately cover.', 'Una póliza manuscrita es una póliza personalizada específicamente redactada para abordar necesidades de cobertura únicas que los formularios estándar no cubren adecuadamente.', true, '2026-01-14 23:16:55.473509', '2026-01-14 23:16:55.473509') ON CONFLICT (id) DO NOTHING;
